PREFERENCE,DESCRIPTION,BEDROOM_NUM,AGE,TOTAL_FLOOR,PROP_NAME,PROP_HEADING,SECONDARY_TAGS,TOTAL_LANDMARK_COUNT,BALCONY_NUM,FLOOR_NUM,AREA_SQFT,LATITUDE,LONGITUDE,Cooperative Society,FACING_LABEL,FACING_label_North,FACING_label_North-East,FACING_label_North-West,FACING_label_Other,FACING_label_South,FACING_label_South-East,FACING_label_West,FURNISH_LABEL,FURNISH_label_Other,FURNISH_label_Semi-furnished,FURNISH_label_Unfurnished,PROPERTY_type,PROPERTY_TYPE_Residential Apartment,PROPERTY_TYPE_Residential Land,CITY_LABELS,CITY_Kolkata East,CITY_Kolkata North,CITY_Kolkata South,CITY_Kolkata West,LANDMARK_DETAILS,CITY_NUM,LOCALITY,PRICE_Cr
0.0,248.0,3.0,6,4.0,1601.0,542.0,42.0,29.0,2.0,2.0,1287.0,22.629509,88.479623,1,0.0,0,0,0,0,0,0,0,0.0,0,0,0,2.0,1,0,1.0,1,0,0,0,208.0,28,284.0,0.5
0.0,275.0,3.0,2,15.0,415.0,489.0,42.0,8.0,1.0,7.0,1377.0,88.210954,22.493402,1,0.0,0,0,0,0,0,0,0,1.0,1,0,0,2.0,1,0,3.0,0,0,1,0,118.0,27,199.0,0.45
0.0,252.0,2.0,3,3.0,174.0,84.0,43.0,48.0,4.0,3.0,810.0,22.471111,88.372903,1,6.0,0,0,0,0,0,1,0,1.0,1,0,0,2.0,1,0,3.0,0,0,1,0,80.0,27,36.0,0.35
0.0,3801.0,3.0,5,3.0,819.0,540.0,45.0,50.0,1.0,1.0,1208.0,22.49672,88.37057,1,0.0,0,0,0,0,0,0,0,0.0,0,0,0,2.0,1,0,3.0,0,0,1,0,204.0,27,282.0,0.75
0.0,120.0,2.0,3,5.0,669.0,189.0,43.0,50.0,0.0,0.0,827.0,22.5057437,88.3567163,1,3.0,0,0,1,0,0,0,0,3.0,0,0,1,2.0,1,0,3.0,0,0,1,0,95.0,27,189.0,0.5
0.0,3805.0,3.0,5,5.0,1716.0,479.0,44.0,8.0,1.0,3.0,825.0,22.7026108,88.344257,1,3.0,0,0,1,0,0,0,0,0.0,0,0,0,2.0,1,0,4.0,0,0,0,1,225.0,29,186.0,0.363
0.0,3802.0,3.0,2,8.0,1429.0,542.0,43.0,36.0,1.0,5.0,1660.0,22.633869,88.453743,1,0.0,0,0,0,0,0,0,0,2.0,0,1,0,2.0,1,0,1.0,1,0,0,0,183.0,28,284.0,1.75
0.0,415.0,3.0,1,19.0,1399.0,542.0,42.0,8.0,1.0,19.0,1263.0,22.625582,88.490761,1,5.0,0,0,0,0,1,0,0,0.0,0,0,0,2.0,1,0,1.0,1,0,0,0,118.0,28,284.0,0.82
0.0,122.0,2.0,3,6.0,1184.0,252.0,43.0,28.0,2.0,6.0,977.0,22.6420523,88.4675696,1,3.0,0,0,1,0,0,0,0,1.0,1,0,0,2.0,1,0,1.0,1,0,0,0,208.0,28,284.0,0.365
0.0,2001.0,2.0,3,2.0,266.0,221.0,43.0,25.0,1.0,2.0,785.0,22.626781,88.49218,1,5.0,0,0,0,0,1,0,0,0.0,0,0,0,2.0,1,0,2.0,0,1,0,0,214.0,26,239.0,0.23
0.0,3795.0,3.0,3,5.0,150.0,532.0,43.0,50.0,1.0,3.0,946.0,22.53126,88.374663,1,0.0,0,0,0,0,0,0,0,0.0,0,0,0,2.0,1,0,3.0,0,0,1,0,291.0,27,268.0,0.5
0.0,257.0,3.0,5,35.0,743.0,583.0,44.0,15.0,1.0,28.0,1925.0,22.49179,88.346288,1,0.0,0,0,0,0,0,0,0,0.0,0,0,0,2.0,1,0,3.0,0,0,1,0,120.0,27,359.0,2.72
0.0,3796.0,3.0,2,5.0,277.0,542.0,43.0,50.0,2.0,4.0,1275.0,22.602867,88.428185,1,3.0,0,0,1,0,0,0,0,1.0,1,0,0,2.0,1,0,1.0,1,0,0,0,76.0,28,284.0,0.65
0.0,254.0,3.0,3,4.0,510.0,457.0,43.0,50.0,2.0,1.0,1300.0,22.4930269,88.3614341,0,7.0,0,0,0,0,0,0,0,1.0,1,0,0,2.0,1,0,3.0,0,0,1,0,89.0,27,160.0,1.2
0.0,253.0,3.0,3,4.0,818.0,583.0,43.0,50.0,1.0,2.0,1020.0,22.5,88.35,1,3.0,0,0,1,0,0,0,0,1.0,1,0,0,2.0,1,0,3.0,0,0,1,0,95.0,27,359.0,0.7
0.0,2401.0,2.0,2,3.0,1075.0,182.0,43.0,50.0,1.0,3.0,1058.0,22.513984516796,88.383303063538,1,3.0,0,0,1,0,0,0,0,3.0,0,0,1,2.0,1,0,3.0,0,0,1,0,197.0,27,179.0,0.65
0.0,4203.0,3.0,6,20.0,614.0,455.0,42.0,15.0,4.0,4.0,900.0,22.572646,88.36389499999,0,0.0,0,0,0,0,0,0,0,0.0,0,0,0,2.0,1,0,4.0,0,0,0,1,233.0,29,155.0,0.87
0.0,3793.0,2.0,3,4.0,1305.0,187.0,43.0,46.0,2.0,2.0,920.0,22.591666,88.438198,1,0.0,0,0,0,0,0,0,0,0.0,0,0,0,2.0,1,0,1.0,1,0,0,0,45.0,28,187.0,0.5
0.0,2586.0,4.0,1,19.0,971.0,725.0,42.0,50.0,1.0,1.0,2165.0,22.523042,88.34645,1,0.0,0,0,0,0,0,0,0,1.0,1,0,0,2.0,1,0,3.0,0,0,1,0,90.0,27,382.0,3.25
0.0,230.0,3.0,2,7.0,212.0,486.0,43.0,26.0,2.0,7.0,1045.0,22.70267,88.472819,1,5.0,0,0,0,0,1,0,0,0.0,0,0,0,2.0,1,0,2.0,0,1,0,0,213.0,26,195.0,0.45
0.0,1155.0,2.0,1,14.0,552.0,196.0,43.0,8.0,1.0,3.0,712.0,22.50559,88.25,1,4.0,0,0,0,1,0,0,0,0.0,0,0,0,2.0,1,0,3.0,0,0,1,0,216.0,27,199.0,0.2
0.0,123.0,2.0,5,3.0,1227.0,314.0,45.0,50.0,2.0,1.0,600.0,22.52025,88.34664,1,3.0,0,0,1,0,0,0,0,0.0,0,0,0,2.0,1,0,3.0,0,0,1,0,90.0,27,382.0,0.35
0.0,1567.0,3.0,1,4.0,153.0,542.0,43.0,25.0,1.0,1.0,1034.0,22.623236,88.495436,1,4.0,0,0,0,1,0,0,0,2.0,0,1,0,2.0,1,0,1.0,1,0,0,0,214.0,28,284.0,0.5
0.0,256.0,3.0,6,4.0,713.0,391.0,43.0,47.0,1.0,3.0,1085.0,22.4869926,88.3131558,1,0.0,0,0,0,0,0,0,0,0.0,0,0,0,2.0,1,0,3.0,0,0,1,0,287.0,27,56.0,0.37
0.0,3798.0,3.0,2,6.0,499.0,480.0,43.0,47.0,1.0,5.0,1208.0,22.6055,88.43301,1,3.0,0,0,1,0,0,0,0,0.0,0,0,0,2.0,1,0,1.0,1,0,0,0,174.0,28,187.0,0.6342
0.0,4209.0,2.0,2,4.0,1404.0,252.0,43.0,15.0,1.0,3.0,780.0,22.64148,88.471821,1,0.0,0,0,0,0,0,0,0,3.0,0,0,1,2.0,1,0,1.0,1,0,0,0,248.0,28,284.0,0.315
0.0,4184.0,3.0,1,4.0,1247.0,415.0,43.0,15.0,1.0,4.0,892.0,22.8853009,88.3915944,1,0.0,0,0,0,0,0,0,0,1.0,1,0,0,2.0,1,0,4.0,0,0,0,1,12.0,29,88.0,0.26
0.0,2.0,2.0,3,2.0,352.0,329.0,43.0,34.0,0.0,2.0,550.0,22.480676,88.411716,1,3.0,0,0,1,0,0,0,0,2.0,0,1,0,1.0,0,0,3.0,0,0,1,0,77.0,27,100.0,0.32
0.0,1834.0,3.0,6,11.0,1423.0,486.0,42.0,8.0,1.0,5.0,1295.0,22.698023,88.438331,1,5.0,0,0,0,0,1,0,0,0.0,0,0,0,2.0,1,0,2.0,0,1,0,0,118.0,26,195.0,0.75
0.0,1186.0,3.0,1,5.0,1519.0,545.0,43.0,26.0,1.0,5.0,1175.0,22.461013604946,88.4087632011504,1,1.0,1,0,0,0,0,0,0,0.0,0,0,0,2.0,1,0,3.0,0,0,1,0,71.0,27,289.0,0.38
0.0,2860.0,3.0,2,5.0,1228.0,427.0,43.0,15.0,0.0,1.0,1429.0,22.45214,88.30464,1,3.0,0,0,1,0,0,0,0,1.0,1,0,0,2.0,1,0,3.0,0,0,1,0,213.0,27,107.0,0.55
0.0,920.0,2.0,3,4.0,798.0,215.0,43.0,12.0,1.0,3.0,960.0,22.4439045,88.391879,1,0.0,0,0,0,0,0,0,0,0.0,0,0,0,2.0,1,0,3.0,0,0,1,0,201.0,27,231.0,0.43
0.0,2437.0,6.0,1,3.0,406.0,761.0,43.0,23.0,0.0,3.912977097418496,1076.0,22.652043,88.44633,1,2.0,0,1,0,0,0,0,0,1.0,1,0,0,0.0,0,0,2.0,0,1,0,0,200.0,26,8.0,1.25
0.0,255.0,3.0,3,23.0,554.0,435.0,43.0,49.0,1.0,21.0,1328.0,22.484581,88.389555,1,0.0,0,0,0,0,0,0,0,1.0,1,0,0,2.0,1,0,3.0,0,0,1,0,91.0,27,116.0,1.22
0.0,3442.0,3.0,2,4.0,362.0,435.0,43.0,50.0,1.0,2.0,1424.0,22.4978374,88.3997635,1,3.0,0,0,1,0,0,0,0,0.0,0,0,0,2.0,1,0,3.0,0,0,1,0,188.0,27,116.0,0.75
0.0,1310.0,2.0,6,4.0,1601.0,252.0,42.0,29.0,1.0,3.0,825.0,22.629509,88.479623,1,0.0,0,0,0,0,0,0,0,0.0,0,0,0,2.0,1,0,1.0,1,0,0,0,208.0,28,284.0,0.39
0.0,503.0,1.0,2,3.0,625.0,26.0,43.0,50.0,1.0,2.0,800.0,22.4982976,88.394025,1,3.0,0,0,1,0,0,0,0,0.0,0,0,0,2.0,1,0,3.0,0,0,1,0,192.0,27,169.0,0.38
0.0,3681.0,4.0,3,3.0,1699.0,713.0,43.0,36.0,2.0,1.0,1500.0,22.6300065,88.3790799,1,5.0,0,0,0,0,1,0,0,0.0,0,0,0,2.0,1,0,2.0,0,1,0,0,97.0,26,333.0,0.85
0.0,2234.0,4.0,3,3.0,531.0,709.0,43.0,49.0,3.0,1.0,1750.0,22.57334,88.41373,0,3.0,0,0,1,0,0,0,0,1.0,1,0,0,2.0,1,0,2.0,0,1,0,0,163.0,26,318.0,1.0
0.0,3241.0,3.0,6,5.0,756.0,479.0,43.0,5.0,2.0,2.0,900.0,22.6998045,88.3111348,1,1.0,1,0,0,0,0,0,0,0.0,0,0,0,2.0,1,0,4.0,0,0,0,1,213.0,29,186.0,0.39
0.0,514.0,3.0,5,29.0,59.0,559.0,44.0,8.0,1.0,16.0,779.0,22.737313,88.351235,1,0.0,0,0,0,0,0,0,0,1.0,1,0,0,2.0,1,0,4.0,0,0,0,1,118.0,29,321.0,0.55
0.0,3967.0,3.0,3,4.0,317.0,501.0,43.0,48.0,2.0,2.0,1160.0,22.473451,88.368155,0,0.0,0,0,0,0,0,0,0,1.0,1,0,0,2.0,1,0,3.0,0,0,1,0,89.0,27,225.0,0.6
0.0,208.0,2.0,1,11.0,789.0,287.0,42.0,9.0,1.0,1.0,840.0,22.69924,88.38115,1,4.0,0,0,0,1,0,0,0,2.0,0,1,0,2.0,1,0,2.0,0,1,0,0,269.0,26,335.0,0.6
0.0,4101.0,3.0,6,14.0,400.0,462.0,42.0,15.0,2.0,2.0,1370.0,22.440842,88.298127,1,1.0,1,0,0,0,0,0,0,0.0,0,0,0,2.0,1,0,3.0,0,0,1,0,109.0,27,166.0,0.69
0.0,1134.0,3.0,5,14.0,976.0,462.0,44.0,8.0,1.0,4.0,1106.0,22.441052,88.289201,1,6.0,0,0,0,0,0,1,0,0.0,0,0,0,2.0,1,0,3.0,0,0,1,0,118.0,27,166.0,0.7
0.0,1271.0,3.0,2,5.0,497.0,542.0,43.0,35.0,2.0,5.0,1379.0,22.6006912,88.4694535,1,7.0,0,0,0,0,0,0,0,2.0,0,1,0,2.0,1,0,1.0,1,0,0,0,185.0,28,284.0,0.65
0.0,1696.0,2.0,1,5.0,1103.0,212.0,43.0,29.0,1.0,2.0,950.0,22.646532,88.419764,1,3.0,0,0,1,0,0,0,0,2.0,0,1,0,2.0,1,0,2.0,0,1,0,0,205.0,26,226.0,0.5
0.0,2945.0,3.0,3,4.0,681.0,371.0,43.0,48.0,1.0,4.0,1100.0,22.61007,88.43016,1,3.0,0,0,1,0,0,0,0,1.0,1,0,0,2.0,1,0,2.0,0,1,0,0,174.0,26,33.0,0.42
0.0,2960.0,5.0,3,2.0,622.0,740.0,43.0,49.0,1.0,2.0,1302.0,22.5912510875096,88.3839823028774,0,4.0,0,0,0,1,0,0,0,0.0,0,0,0,2.0,1,0,2.0,0,1,0,0,0.0,26,48.0,0.75
0.0,2258.0,2.0,1,14.0,553.0,196.0,42.0,5.0,1.0,8.0,712.0,22.511184,88.21613,1,6.0,0,0,0,0,0,1,0,0.0,0,0,0,2.0,1,0,3.0,0,0,1,0,213.0,27,199.0,0.32
0.0,4044.0,3.0,1,15.0,414.0,407.0,43.0,50.0,1.0,12.0,1524.0,13.06146,80.222766,1,3.0,0,0,1,0,0,0,0,1.0,1,0,0,2.0,1,0,3.0,0,0,1,0,83.0,27,79.0,0.6
0.0,4179.0,2.0,3,3.0,1311.0,172.0,43.0,16.0,2.0,3.0,970.0,22.457751,88.298372,1,0.0,0,0,0,0,0,0,0,3.0,0,0,1,2.0,1,0,3.0,0,0,1,0,213.0,27,166.0,0.28
0.0,4138.0,2.0,3,4.0,1491.0,107.0,43.0,49.0,1.0,4.0,825.0,22.5667378,88.3929875,1,0.0,0,0,0,0,0,0,0,1.0,1,0,0,2.0,1,0,2.0,0,1,0,0,163.0,26,64.0,0.67
0.0,2964.0,3.0,2,3.0,1518.0,544.0,43.0,13.0,1.0,3.0,1137.0,22.442669,88.399097,1,8.0,0,0,0,0,0,0,1,1.0,1,0,0,2.0,1,0,3.0,0,0,1,0,201.0,27,288.0,0.4
0.0,2250.0,2.0,5,4.0,804.0,305.0,45.0,50.0,1.0,2.0,860.0,22.5,88.35,1,3.0,0,0,1,0,0,0,0,0.0,0,0,0,2.0,1,0,3.0,0,0,1,0,95.0,27,359.0,0.45
0.0,921.0,2.0,6,14.0,553.0,196.0,42.0,5.0,1.0,14.0,712.0,22.511184,88.21613,1,0.0,0,0,0,0,0,0,0,2.0,0,1,0,2.0,1,0,3.0,0,0,1,0,213.0,27,199.0,0.32
0.0,1990.0,3.0,2,4.0,1140.0,542.0,43.0,28.0,1.0,3.0,1188.0,22.63653,88.480741,1,7.0,0,0,0,0,0,0,0,1.0,1,0,0,2.0,1,0,1.0,1,0,0,0,208.0,28,284.0,0.56
0.0,3797.0,3.0,1,15.0,414.0,489.0,43.0,7.0,1.0,11.0,1524.0,22.493402,88.210954,1,1.0,1,0,0,0,0,0,0,0.0,0,0,0,2.0,1,0,3.0,0,0,1,0,213.0,27,199.0,0.445
0.0,3496.0,2.0,2,4.0,404.0,173.0,43.0,45.0,1.0,3.0,754.0,22.61097,88.43932,1,8.0,0,0,0,0,0,0,1,1.0,1,0,0,2.0,1,0,2.0,0,1,0,0,3.0,26,167.0,0.225
0.0,2265.0,2.0,3,4.0,857.0,69.0,43.0,50.0,1.0,3.0,824.0,22.619642,88.409381,1,4.0,0,0,0,1,0,0,0,2.0,0,1,0,2.0,1,0,2.0,0,1,0,0,84.0,26,11.0,0.33
0.0,1304.0,2.0,1,5.0,689.0,131.0,43.0,25.0,1.0,2.0,856.0,22.673897,88.382085,1,6.0,0,0,0,0,0,1,0,0.0,0,0,0,2.0,1,0,2.0,0,1,0,0,201.0,26,102.0,0.45
0.0,4188.0,2.0,3,3.0,1635.0,330.0,43.0,44.0,0.0,0.0,856.0,22.459412,88.389497,1,0.0,0,0,0,0,0,0,0,3.0,0,0,1,1.0,0,0,3.0,0,0,1,0,80.0,27,126.0,0.3
0.0,295.0,3.0,3,4.0,1694.0,441.0,43.0,48.0,2.0,1.0,1210.0,22.462926,88.386137,1,6.0,0,0,0,0,0,1,0,1.0,1,0,0,2.0,1,0,3.0,0,0,1,0,80.0,27,126.0,0.63
0.0,2428.0,5.0,6,6.0,1577.0,751.0,43.0,28.0,2.0,2.0,2520.0,22.581763,88.274735,1,0.0,0,0,0,0,0,0,0,1.0,1,0,0,2.0,1,0,4.0,0,0,0,1,206.0,29,308.0,0.785
0.0,242.0,3.0,3,5.0,742.0,613.0,43.0,16.0,1.0,2.0,2000.0,22.4564269,88.3046296,1,3.0,0,0,1,0,0,0,0,1.0,1,0,0,1.0,0,0,3.0,0,0,1,0,213.0,27,106.0,1.7
0.0,1185.0,4.0,1,5.0,1665.0,678.0,43.0,50.0,2.0,3.0,1562.0,22.572646,88.36389499999,1,6.0,0,0,0,0,0,1,0,2.0,0,1,0,2.0,1,0,4.0,0,0,0,1,99.0,29,155.0,0.6
0.0,6.0,3.0,3,5.0,419.0,435.0,43.0,49.0,1.0,5.0,1220.0,22.479378,88.402881,1,6.0,0,0,0,0,0,1,0,1.0,1,0,0,2.0,1,0,3.0,0,0,1,0,77.0,27,116.0,0.7
0.0,301.0,2.0,5,4.0,919.0,238.0,45.0,38.0,1.0,1.0,810.0,22.509326,88.301471,1,6.0,0,0,0,0,0,1,0,0.0,0,0,0,2.0,1,0,3.0,0,0,1,0,286.0,27,264.0,0.365
0.0,987.0,3.0,1,10.0,1589.0,390.0,43.0,10.0,1.0,9.0,1440.0,22.4852842,88.2866306,1,7.0,0,0,0,0,0,0,0,1.0,1,0,0,2.0,1,0,3.0,0,0,1,0,28.0,27,55.0,0.85
0.0,121.0,2.0,1,7.0,1058.0,274.0,43.0,46.0,1.0,1.0,990.0,22.556175,88.412769,1,3.0,0,0,1,0,0,0,0,2.0,0,1,0,2.0,1,0,1.0,1,0,0,0,289.0,28,314.0,0.85
0.0,3595.0,3.0,2,4.0,422.0,439.0,43.0,37.0,1.0,1.0,1270.0,22.45849,88.39797,1,1.0,1,0,0,0,0,0,0,0.0,0,0,0,2.0,1,0,3.0,0,0,1,0,80.0,27,122.0,0.65
0.0,717.0,2.0,2,6.0,568.0,78.0,43.0,14.0,1.0,5.0,1175.0,22.6342671,88.4550798,1,0.0,0,0,0,0,0,0,0,1.0,1,0,0,2.0,1,0,1.0,1,0,0,0,21.0,28,30.0,0.75
0.0,603.0,2.0,1,4.0,1376.0,287.0,43.0,25.0,1.0,3.0,912.0,22.69924,88.38115,1,3.0,0,0,1,0,0,0,0,2.0,0,1,0,2.0,1,0,2.0,0,1,0,0,200.0,26,335.0,0.31
0.0,229.0,3.0,1,25.0,1071.0,555.0,42.0,12.0,1.0,19.0,1421.0,22.5704848,88.4487081,1,5.0,0,0,0,0,1,0,0,1.0,1,0,0,2.0,1,0,2.0,0,1,0,0,267.0,26,305.0,1.75
0.0,504.0,2.0,1,4.0,746.0,167.0,43.0,11.0,1.0,3.0,820.0,22.7972,88.37711,1,0.0,0,0,0,0,0,0,0,1.0,1,0,0,2.0,1,0,2.0,0,1,0,0,218.0,26,158.0,0.3
0.0,1413.0,3.0,1,4.0,617.0,402.0,43.0,23.0,1.0,3.0,1398.0,22.661363,88.439932,1,3.0,0,0,1,0,0,0,0,2.0,0,1,0,2.0,1,0,2.0,0,1,0,0,200.0,26,71.0,0.8
0.0,4212.0,3.0,1,4.0,1521.0,504.0,43.0,1.0,2.0,1.0,1328.0,22.425206,88.400764,1,5.0,0,0,0,0,1,0,0,0.0,0,0,0,2.0,1,0,3.0,0,0,1,0,292.0,27,231.0,0.4
0.0,2971.0,2.0,2,3.0,736.0,130.0,43.0,5.0,1.0,3.0,640.0,22.7649636,88.4054386,1,8.0,0,0,0,0,0,0,1,1.0,1,0,0,2.0,1,0,2.0,0,1,0,0,279.0,26,101.0,0.175
0.0,4189.0,2.0,2,4.0,399.0,305.0,43.0,50.0,1.0,2.0,812.0,22.5,88.35,0,0.0,0,0,0,0,0,0,0,3.0,0,0,1,2.0,1,0,3.0,0,0,1,0,95.0,27,359.0,0.72
0.0,4228.0,2.0,2,4.0,44.0,67.0,43.0,40.0,1.0,1.0,640.0,22.641737,88.4394797,1,0.0,0,0,0,0,0,0,0,0.0,0,0,0,2.0,1,0,2.0,0,1,0,0,181.0,26,8.0,0.27
0.0,1276.0,3.0,5,15.0,567.0,471.0,44.0,12.0,1.0,14.0,1175.0,22.449487,88.395542,1,3.0,0,0,1,0,0,0,0,3.0,0,0,1,2.0,1,0,3.0,0,0,1,0,111.0,27,176.0,0.61
0.0,1903.0,2.0,3,5.0,452.0,170.0,43.0,18.0,1.0,1.0,883.0,22.678347,88.459393,1,0.0,0,0,0,0,0,0,0,0.0,0,0,0,2.0,1,0,2.0,0,1,0,0,200.0,26,162.0,0.36
0.0,4180.0,2.0,1,4.0,1405.0,193.0,43.0,27.0,1.0,4.0,935.0,22.6924004,88.46534,1,0.0,0,0,0,0,0,0,0,3.0,0,0,1,2.0,1,0,2.0,0,1,0,0,200.0,26,195.0,0.38
0.0,2236.0,2.0,1,4.0,702.0,168.0,42.0,50.0,1.0,2.0,913.0,22.495,88.372,1,6.0,0,0,0,0,0,1,0,0.0,0,0,0,2.0,1,0,3.0,0,0,1,0,204.0,27,160.0,0.7
0.0,3139.0,2.0,5,5.0,696.0,96.0,45.0,27.0,1.0,3.0,879.0,22.761096,88.380495,1,0.0,0,0,0,0,0,0,0,0.0,0,0,0,2.0,1,0,2.0,0,1,0,0,217.0,26,51.0,0.2989
0.0,2958.0,3.0,3,4.0,1629.0,588.0,43.0,27.0,2.0,4.0,1350.0,22.66118,88.3459,1,3.0,0,0,1,0,0,0,0,1.0,1,0,0,2.0,1,0,4.0,0,0,0,1,69.0,29,366.0,0.43
0.0,4164.0,3.0,6,7.0,1484.0,486.0,42.0,9.0,1.0,7.0,1267.0,22.693866990132,88.487184633088,1,1.0,1,0,0,0,0,0,0,0.0,0,0,0,2.0,1,0,2.0,0,1,0,0,231.0,26,195.0,0.6
0.0,2812.0,2.0,1,5.0,1133.0,252.0,43.0,24.0,1.0,4.0,927.0,22.64042,88.453835,1,5.0,0,0,0,0,1,0,0,1.0,1,0,0,2.0,1,0,1.0,1,0,0,0,205.0,28,284.0,0.37
0.0,1930.0,3.0,3,6.0,766.0,476.0,43.0,44.0,1.0,5.0,1230.0,22.585875,88.4362,1,3.0,0,0,1,0,0,0,0,1.0,1,0,0,2.0,1,0,2.0,0,1,0,0,45.0,26,181.0,0.75
0.0,3017.0,2.0,3,4.0,1541.0,94.0,43.0,50.0,1.0,1.0,904.0,22.607586,88.40496,1,1.0,1,0,0,0,0,0,0,1.0,1,0,0,2.0,1,0,2.0,0,1,0,0,74.0,26,49.0,0.4
0.0,1998.0,3.0,6,5.0,1614.0,418.0,43.0,38.0,1.0,5.0,1145.0,22.6215302206,88.4515519,1,3.0,0,0,1,0,0,0,0,0.0,0,0,0,2.0,1,0,1.0,1,0,0,0,183.0,28,91.0,0.77
0.0,629.0,3.0,1,11.0,676.0,455.0,43.0,34.0,2.0,11.0,1400.0,22.589254,88.30952,1,8.0,0,0,0,0,0,0,1,1.0,1,0,0,2.0,1,0,4.0,0,0,0,1,181.0,29,155.0,0.9
0.0,2225.0,3.0,2,21.0,501.0,568.0,42.0,4.0,2.0,10.0,1359.0,22.69924,88.38115,1,4.0,0,0,0,1,0,0,0,1.0,1,0,0,2.0,1,0,2.0,0,1,0,0,30.0,26,335.0,0.8
0.0,2042.0,3.0,3,4.0,1318.0,402.0,43.0,22.0,1.0,3.0,1000.0,22.66433,88.4270602,1,0.0,0,0,0,0,0,0,0,1.0,1,0,0,2.0,1,0,2.0,0,1,0,0,200.0,26,71.0,0.35
0.0,1587.0,2.0,3,5.0,528.0,267.0,43.0,47.0,1.0,4.0,650.0,22.483316,88.309469,1,0.0,0,0,0,0,0,0,0,1.0,1,0,0,2.0,1,0,3.0,0,0,1,0,287.0,27,303.0,0.23
0.0,3493.0,2.0,3,4.0,1178.0,163.0,43.0,21.0,0.0,4.0,973.0,22.895469,88.396289,1,1.0,1,0,0,0,0,0,0,2.0,0,1,0,2.0,1,0,4.0,0,0,0,1,198.0,29,154.0,0.22
0.0,1948.0,2.0,6,4.0,1404.0,252.0,43.0,15.0,1.0,4.0,780.0,22.6006912,88.4694535,1,3.0,0,0,1,0,0,0,0,1.0,1,0,0,2.0,1,0,1.0,1,0,0,0,248.0,28,284.0,0.307
0.0,2237.0,2.0,2,2.0,1045.0,106.0,43.0,20.0,1.0,1.0,970.0,22.6683782,88.384625,1,0.0,0,0,0,0,0,0,0,1.0,1,0,0,2.0,1,0,2.0,0,1,0,0,70.0,26,63.0,0.26
0.0,1996.0,2.0,3,3.0,318.0,182.0,43.0,50.0,1.0,1.0,1000.0,22.519587,88.376107,1,3.0,0,0,1,0,0,0,0,0.0,0,0,0,2.0,1,0,3.0,0,0,1,0,178.0,27,179.0,0.5
0.0,2077.0,3.0,2,7.0,1110.0,504.0,43.0,1.0,1.0,7.0,1362.0,22.43107,88.40274,1,4.0,0,0,0,1,0,0,0,0.0,0,0,0,2.0,1,0,3.0,0,0,1,0,292.0,27,231.0,0.6
0.0,2172.0,3.0,1,2.0,1621.0,640.0,43.0,1.0,2.0,4.8951240068106525,2100.0,22.6065549,88.5255283,1,0.0,0,0,0,0,0,0,0,2.0,0,1,0,0.0,0,0,1.0,1,0,0,0,16.0,28,284.0,2.6
0.0,2404.0,3.0,2,5.0,650.0,409.0,43.0,49.0,1.0,2.0,1148.0,22.536024093628,88.354690551758,1,8.0,0,0,0,0,0,0,1,1.0,1,0,0,2.0,1,0,3.0,0,0,1,0,164.0,27,82.0,0.51
0.0,4213.0,3.0,2,3.0,977.0,465.0,43.0,50.0,1.0,2.0,1040.0,22.4982976,88.394025,1,8.0,0,0,0,0,0,0,1,2.0,0,1,0,2.0,1,0,3.0,0,0,1,0,192.0,27,169.0,0.75
0.0,3375.0,3.0,3,6.0,194.0,538.0,43.0,49.0,2.0,5.0,1345.0,22.620974,88.42882,1,5.0,0,0,0,0,1,0,0,3.0,0,0,1,2.0,1,0,2.0,0,1,0,0,182.0,26,280.0,0.68
0.0,1556.0,3.0,6,17.0,778.0,525.0,42.0,12.0,2.0,13.0,1476.0,22.6148078,88.3894769,1,6.0,0,0,0,0,0,1,0,1.0,1,0,0,2.0,1,0,2.0,0,1,0,0,132.0,26,258.0,1.25
0.0,3445.0,3.0,1,7.0,212.0,486.0,43.0,26.0,2.0,6.0,1045.0,22.70267,88.472819,1,8.0,0,0,0,0,0,0,1,1.0,1,0,0,2.0,1,0,2.0,0,1,0,0,213.0,26,195.0,0.46
0.0,1634.0,2.0,3,5.0,1365.0,82.0,43.0,35.0,1.0,0.0,715.0,22.626959,88.38464,1,2.0,0,1,0,0,0,0,0,0.0,0,0,0,2.0,1,0,1.0,1,0,0,0,81.0,28,34.0,0.22
0.0,3800.0,3.0,1,12.0,525.0,390.0,43.0,44.0,1.0,8.0,1180.0,22.49451,88.299565,1,3.0,0,0,1,0,0,0,0,0.0,0,0,0,2.0,1,0,3.0,0,0,1,0,287.0,27,55.0,0.4
0.0,1285.0,3.0,2,13.0,304.0,549.0,43.0,21.0,1.0,1.0,1521.0,22.663118,88.375973,1,3.0,0,0,1,0,0,0,0,0.0,0,0,0,2.0,1,0,2.0,0,1,0,0,70.0,26,294.0,0.82
0.0,505.0,3.0,3,3.0,1306.0,371.0,43.0,49.0,2.0,3.0,1454.0,22.6189317,88.4300897,1,7.0,0,0,0,0,0,0,0,1.0,1,0,0,2.0,1,0,2.0,0,1,0,0,172.0,26,33.0,0.55
0.0,2264.0,2.0,3,1.0,5.0,350.0,43.0,40.0,1.0,3.118350312197616,1600.0,22.485516,88.301751,1,1.0,1,0,0,0,0,0,0,3.0,0,0,1,0.0,0,0,3.0,0,0,1,0,287.0,27,38.0,0.5
0.0,2390.0,2.0,3,5.0,520.0,174.0,43.0,48.0,1.0,3.0,768.0,22.6315862,88.4294838,1,4.0,0,0,0,1,0,0,0,0.0,0,0,0,2.0,1,0,2.0,0,1,0,0,180.0,26,168.0,0.355
0.0,4230.0,2.0,2,5.0,1703.0,300.0,43.0,48.0,2.0,5.0,1210.0,22.621408,88.43134,1,1.0,1,0,0,0,0,0,0,2.0,0,1,0,2.0,1,0,2.0,0,1,0,0,180.0,26,353.0,0.6
0.0,2166.0,3.0,2,5.0,295.0,476.0,43.0,46.0,2.0,4.0,1319.0,22.5972,88.439278,1,1.0,1,0,0,0,0,0,0,1.0,1,0,0,2.0,1,0,2.0,0,1,0,0,1.0,26,181.0,0.68
0.0,3806.0,4.0,3,4.0,1380.0,650.0,43.0,50.0,2.0,1.0,1580.0,22.525854,88.392484,1,6.0,0,0,0,0,0,1,0,3.0,0,0,1,2.0,1,0,3.0,0,0,1,0,197.0,27,13.0,0.9
0.0,3189.0,2.0,1,5.0,1288.0,67.0,42.0,15.0,1.0,4.0,861.0,22.675382,88.459364,1,0.0,0,0,0,0,0,0,0,1.0,1,0,0,2.0,1,0,2.0,0,1,0,0,270.0,26,8.0,0.36
0.0,1259.0,3.0,6,8.0,1249.0,513.0,43.0,35.0,1.0,6.0,916.0,22.6006912,88.4694535,1,1.0,1,0,0,0,0,0,0,0.0,0,0,0,2.0,1,0,1.0,1,0,0,0,185.0,28,242.0,0.3
0.0,2255.0,3.0,3,4.0,122.0,466.0,43.0,50.0,2.0,3.0,1100.0,22.610386,88.3993,1,3.0,0,0,1,0,0,0,0,1.0,1,0,0,2.0,1,0,2.0,0,1,0,0,71.0,26,170.0,0.449
0.0,793.0,3.0,6,4.0,155.0,430.0,43.0,48.0,1.0,3.0,1271.0,22.636815,88.412077,1,3.0,0,0,1,0,0,0,0,1.0,1,0,0,2.0,1,0,2.0,0,1,0,0,81.0,26,111.0,0.4956
0.0,304.0,2.0,3,3.0,281.0,117.0,43.0,49.0,1.0,3.0,880.0,22.466744,88.388085,1,1.0,1,0,0,0,0,0,0,2.0,0,1,0,2.0,1,0,3.0,0,0,1,0,80.0,27,78.0,0.55
0.0,4185.0,4.0,6,7.0,200.0,705.0,43.0,27.0,3.0,3.0,2239.0,22.633472,88.460447,1,3.0,0,0,1,0,0,0,0,0.0,0,0,0,2.0,1,0,1.0,1,0,0,0,208.0,28,284.0,1.02
0.0,4175.0,3.0,3,4.0,426.0,435.0,43.0,44.0,1.0,4.0,1285.0,22.483834,88.4113,0,0.0,0,0,0,0,0,0,0,1.0,1,0,0,2.0,1,0,3.0,0,0,1,0,88.0,27,116.0,0.55
0.0,1290.0,2.0,2,4.0,142.0,99.0,43.0,50.0,1.0,1.0,910.0,22.498479,88.310546,1,0.0,0,0,0,0,0,0,0,0.0,0,0,0,2.0,1,0,3.0,0,0,1,0,287.0,27,55.0,0.4
0.0,2968.0,2.0,3,5.0,184.0,191.0,43.0,50.0,1.0,3.0,700.0,22.606173,88.407854,1,0.0,0,0,0,0,0,0,0,2.0,0,1,0,2.0,1,0,2.0,0,1,0,0,172.0,26,192.0,0.25
0.0,188.0,3.0,1,12.0,570.0,390.0,43.0,49.0,1.0,2.0,1005.0,22.4978086,88.3093517,1,5.0,0,0,0,0,1,0,0,0.0,0,0,0,2.0,1,0,3.0,0,0,1,0,287.0,27,55.0,0.78
0.0,4182.0,3.0,2,3.0,518.0,471.0,43.0,14.0,1.0,3.0,1150.0,22.444443,88.39662,1,6.0,0,0,0,0,0,1,0,2.0,0,1,0,2.0,1,0,3.0,0,0,1,0,201.0,27,176.0,0.35
0.0,9.0,2.0,1,4.0,1200.0,198.0,43.0,13.0,1.0,2.0,854.0,22.676132,88.317815,1,3.0,0,0,1,0,0,0,0,1.0,1,0,0,2.0,1,0,4.0,0,0,0,1,41.0,29,202.0,0.25
0.0,2574.0,3.0,2,3.0,989.0,449.0,43.0,50.0,1.0,3.0,1300.0,22.5075624,88.3894769,1,7.0,0,0,0,0,0,0,0,1.0,1,0,0,2.0,1,0,3.0,0,0,1,0,192.0,27,142.0,0.63
0.0,3794.0,2.0,3,5.0,1722.0,72.0,43.0,23.0,1.0,4.0,765.0,22.74395,88.392677,1,7.0,0,0,0,0,0,0,0,2.0,0,1,0,2.0,1,0,4.0,0,0,0,1,277.0,29,20.0,0.28
0.0,3108.0,2.0,3,4.0,914.0,115.0,43.0,49.0,0.0,0.0,600.0,22.536025,88.35469,1,0.0,0,0,0,0,0,0,0,0.0,0,0,0,2.0,1,0,3.0,0,0,1,0,164.0,27,76.0,0.18
0.0,84.0,3.0,3,5.0,520.0,590.0,43.0,48.0,2.0,4.0,1450.0,22.62843,88.4284,1,8.0,0,0,0,0,0,0,1,2.0,0,1,0,2.0,1,0,2.0,0,1,0,0,180.0,26,368.0,0.9
0.0,2543.0,3.0,5,25.0,926.0,369.0,44.0,7.0,1.0,18.0,1350.0,22.6417,88.3781071,1,4.0,0,0,0,1,0,0,0,0.0,0,0,0,2.0,1,0,2.0,0,1,0,0,149.0,26,28.0,1.0
0.0,1635.0,2.0,2,4.0,710.0,89.0,43.0,50.0,1.0,3.0,800.0,22.608,88.4081,1,1.0,1,0,0,0,0,0,0,0.0,0,0,0,2.0,1,0,2.0,0,1,0,0,172.0,26,44.0,0.38
0.0,2935.0,3.0,6,25.0,1396.0,369.0,43.0,49.0,1.0,17.0,1155.0,22.612664,88.377414,0,0.0,0,0,0,0,0,0,0,3.0,0,0,1,2.0,1,0,2.0,0,1,0,0,71.0,26,28.0,0.82
0.0,1184.0,2.0,1,4.0,721.0,93.0,42.0,15.0,1.0,4.0,721.0,22.730711,88.454462,1,0.0,0,0,0,0,0,0,0,0.0,0,0,0,2.0,1,0,2.0,0,1,0,0,239.0,26,48.0,0.195
0.0,2046.0,2.0,1,4.0,184.0,191.0,43.0,50.0,1.0,2.0,765.0,22.606173,88.407854,1,4.0,0,0,0,1,0,0,0,2.0,0,1,0,2.0,1,0,2.0,0,1,0,0,172.0,26,192.0,0.38
0.0,4128.0,3.0,3,2.0,560.0,556.0,43.0,50.0,0.0,0.0,1202.0,22.496444,88.384304,1,0.0,0,0,0,0,0,0,0,2.0,0,1,0,2.0,1,0,3.0,0,0,1,0,192.0,27,307.0,0.59
0.0,2798.0,2.0,1,4.0,1186.0,96.0,42.0,1.0,1.0,1.0,660.0,22.761808,88.418539,1,1.0,1,0,0,0,0,0,0,0.0,0,0,0,2.0,1,0,2.0,0,1,0,0,41.0,26,51.0,0.32
0.0,4162.0,2.0,3,3.0,651.0,174.0,43.0,48.0,1.0,2.0,1050.0,22.631565,88.43339,1,2.0,0,1,0,0,0,0,0,1.0,1,0,0,2.0,1,0,2.0,0,1,0,0,180.0,26,168.0,0.63
0.0,1187.0,3.0,3,3.0,530.0,405.0,43.0,34.0,1.0,1.0,910.0,22.45965,88.36521,1,0.0,0,0,0,0,0,0,0,0.0,0,0,0,2.0,1,0,3.0,0,0,1,0,89.0,27,76.0,0.41
0.0,1287.0,2.0,1,19.0,1399.0,252.0,42.0,8.0,1.0,19.0,925.0,22.625582,88.490761,1,3.0,0,0,1,0,0,0,0,0.0,0,0,0,2.0,1,0,1.0,1,0,0,0,118.0,28,284.0,0.585
0.0,1018.0,3.0,2,4.0,338.0,371.0,43.0,49.0,2.0,3.0,1600.0,22.615281,88.4249319,1,4.0,0,0,0,1,0,0,0,2.0,0,1,0,2.0,1,0,2.0,0,1,0,0,172.0,26,33.0,0.7
0.0,3709.0,3.0,6,3.0,1583.0,390.0,43.0,50.0,0.0,1.0,1200.0,22.498412,88.311679,1,0.0,0,0,0,0,0,0,0,2.0,0,1,0,2.0,1,0,3.0,0,0,1,0,287.0,27,55.0,0.65
0.0,564.0,4.0,3,2.0,146.0,735.0,43.0,50.0,4.0,7.934391300069942,2200.0,22.572646,88.36389499999,1,0.0,0,0,0,0,0,0,0,0.0,0,0,0,0.0,0,0,4.0,0,0,0,1,99.0,29,155.0,0.64
0.0,1850.0,3.0,3,4.0,905.0,504.0,43.0,11.0,1.0,1.0,1050.0,22.443906,88.394154,1,1.0,1,0,0,0,0,0,0,0.0,0,0,0,2.0,1,0,3.0,0,0,1,0,201.0,27,231.0,0.35
0.0,1153.0,2.0,3,4.0,1034.0,68.0,43.0,50.0,2.0,2.0,1400.0,22.523323,88.3318,1,2.0,0,1,0,0,0,0,0,1.0,1,0,0,2.0,1,0,3.0,0,0,1,0,48.0,27,10.0,1.35
0.0,3799.0,3.0,1,21.0,501.0,568.0,42.0,4.0,1.0,8.0,1359.0,22.708474,88.378311,1,1.0,1,0,0,0,0,0,0,2.0,0,1,0,2.0,1,0,2.0,0,1,0,0,30.0,26,335.0,0.75
0.0,2257.0,3.0,1,3.0,521.0,456.0,43.0,11.0,2.0,1.0,1176.0,22.7972,88.37711,1,1.0,1,0,0,0,0,0,0,1.0,1,0,0,2.0,1,0,2.0,0,1,0,0,218.0,26,158.0,0.4
0.0,3804.0,3.0,6,4.0,1621.0,542.0,43.0,1.0,1.0,1.0,1400.0,22.6065549,88.5255283,1,0.0,0,0,0,0,0,0,0,2.0,0,1,0,2.0,1,0,1.0,1,0,0,0,16.0,28,284.0,0.69
0.0,575.0,3.0,5,1.0,913.0,635.0,44.0,15.0,2.0,4.8951240068106525,1483.0,22.468473,88.392219,0,1.0,1,0,0,0,0,0,0,0.0,0,0,0,0.0,0,0,3.0,0,0,1,0,152.0,27,116.0,1.0
0.0,3730.0,3.0,3,4.0,340.0,457.0,43.0,50.0,2.0,3.0,1660.0,22.495,88.372,1,4.0,0,0,0,1,0,0,0,2.0,0,1,0,2.0,1,0,3.0,0,0,1,0,204.0,27,160.0,0.65
0.0,549.0,3.0,3,18.0,1427.0,435.0,43.0,48.0,1.0,9.0,1755.0,22.5493497,88.3982095,0,0.0,0,0,0,0,0,0,0,0.0,0,0,0,2.0,1,0,1.0,1,0,0,0,193.0,28,116.0,1.99
0.0,1141.0,4.0,1,13.0,443.0,679.0,42.0,15.0,3.0,8.0,2210.0,22.628549,88.417697,1,0.0,0,0,0,0,0,0,0,1.0,1,0,0,2.0,1,0,2.0,0,1,0,0,246.0,26,161.0,2.6
0.0,822.0,3.0,6,12.0,795.0,583.0,42.0,15.0,1.0,4.0,1350.0,22.493355,88.340365,1,6.0,0,0,0,0,0,1,0,0.0,0,0,0,2.0,1,0,3.0,0,0,1,0,104.0,27,359.0,1.2
0.0,4093.0,3.0,6,15.0,1465.0,544.0,43.0,3.0,1.0,8.0,1108.0,22.40669,88.40945,1,3.0,0,0,1,0,0,0,0,0.0,0,0,0,2.0,1,0,3.0,0,0,1,0,41.0,27,288.0,0.67
0.0,4069.0,3.0,1,4.0,949.0,574.0,43.0,25.0,3.0,3.0,1348.0,22.7093497,88.3711597,0,3.0,0,0,1,0,0,0,0,2.0,0,1,0,2.0,1,0,2.0,0,1,0,0,200.0,26,346.0,0.58
0.0,2967.0,2.672021502414428,0,4.0,628.0,785.0,6.0,48.0,1.2297135143990388,3.753961788353753,3240.0,22.46281226722529,88.39211950129697,1,5.0,0,0,0,0,1,0,0,3.0,0,0,1,3.0,0,1,3.0,0,0,1,0,80.0,27,176.0,1.45
0.0,2036.0,3.0,3,4.0,1526.0,504.0,43.0,7.0,1.0,3.0,1151.0,22.4406689,88.3947802,1,0.0,0,0,0,0,0,0,0,1.0,1,0,0,2.0,1,0,3.0,0,0,1,0,204.0,27,231.0,0.55
0.0,4070.0,2.0,3,4.0,10.0,343.0,43.0,49.0,0.0,4.0,1000.0,22.4885,88.3651,1,1.0,1,0,0,0,0,0,0,3.0,0,0,1,1.0,0,0,3.0,0,0,1,0,190.0,27,271.0,1.0
0.0,3213.0,3.0,6,7.0,181.0,429.0,43.0,23.0,3.0,7.0,2200.0,22.649486,88.443806,1,3.0,0,0,1,0,0,0,0,2.0,0,1,0,2.0,1,0,2.0,0,1,0,0,200.0,26,110.0,1.5
0.0,421.0,3.0,3,4.0,1042.0,533.0,43.0,50.0,1.0,3.0,1680.0,22.5026325,88.3664528,1,7.0,0,0,0,0,0,0,0,1.0,1,0,0,2.0,1,0,3.0,0,0,1,0,204.0,27,271.0,1.2
0.0,957.0,4.0,1,16.0,369.0,695.0,43.0,20.0,2.0,15.0,3192.0,22.579337,88.500056,0,0.0,0,0,0,0,0,0,0,1.0,1,0,0,2.0,1,0,1.0,1,0,0,0,196.0,28,242.0,2.1
0.0,2506.0,3.0,5,24.0,1397.0,369.0,44.0,8.0,1.0,11.0,1300.0,22.645631,88.382354,1,3.0,0,0,1,0,0,0,0,1.0,1,0,0,2.0,1,0,2.0,0,1,0,0,118.0,26,28.0,0.9
0.0,2843.0,2.0,2,3.0,1031.0,239.0,43.0,31.0,1.0,3.0,775.0,22.473536,88.3050903,1,4.0,0,0,0,1,0,0,0,3.0,0,0,1,2.0,1,0,3.0,0,0,1,0,210.0,27,265.0,0.32
0.0,4161.0,3.0,2,4.0,1439.0,441.0,43.0,37.0,1.0,3.0,1205.0,22.460362,88.401026,1,7.0,0,0,0,0,0,0,0,2.0,0,1,0,2.0,1,0,3.0,0,0,1,0,78.0,27,126.0,0.8
0.0,2210.0,3.0,5,20.0,1069.0,513.0,44.0,7.0,1.0,15.0,1116.0,22.570637,88.4617767,1,0.0,0,0,0,0,0,0,0,0.0,0,0,0,2.0,1,0,1.0,1,0,0,0,146.0,28,242.0,1.3
0.0,1620.0,2.0,3,5.0,1488.0,193.0,43.0,13.0,1.0,2.0,933.0,22.678648,88.456624,1,0.0,0,0,0,0,0,0,0,1.0,1,0,0,2.0,1,0,2.0,0,1,0,0,57.0,26,195.0,0.34
0.0,3778.0,3.0,3,3.0,187.0,366.0,43.0,35.0,1.0,1.0,1012.0,22.6420457960202,88.3780089716431,1,1.0,1,0,0,0,0,0,0,2.0,0,1,0,2.0,1,0,2.0,0,1,0,0,68.0,26,18.0,0.5
0.0,3690.0,5.0,1,5.0,1435.0,743.0,43.0,49.0,3.0,5.0,2250.0,22.597569,88.433155,1,0.0,0,0,0,0,0,0,0,2.0,0,1,0,2.0,1,0,2.0,0,1,0,0,75.0,26,181.0,0.8
0.0,2184.0,2.0,3,5.0,988.0,181.0,43.0,49.0,1.0,4.0,1150.0,22.577629,88.393108,1,0.0,0,0,0,0,0,0,0,2.0,0,1,0,2.0,1,0,2.0,0,1,0,0,101.0,26,178.0,0.75
0.0,1584.0,3.0,6,10.0,1664.0,542.0,42.0,15.0,1.0,9.0,1355.0,22.6006912,88.4694535,0,6.0,0,0,0,0,0,1,0,1.0,1,0,0,2.0,1,0,1.0,1,0,0,0,223.0,28,284.0,0.79
0.0,3764.0,3.0,3,20.0,357.0,583.0,43.0,49.0,1.0,19.0,1435.0,22.486843,88.338949,1,6.0,0,0,0,0,0,1,0,1.0,1,0,0,2.0,1,0,3.0,0,0,1,0,89.0,27,359.0,1.3
0.0,2267.0,3.0,3,2.0,1297.0,642.0,43.0,50.0,1.0,3.6326304081644,1404.0,22.50629,88.36844,1,6.0,0,0,0,0,0,1,0,0.0,0,0,0,0.0,0,0,3.0,0,0,1,0,204.0,27,320.0,1.15
0.0,4229.0,2.0,3,7.0,569.0,142.0,43.0,50.0,1.0,3.0,1115.0,22.555027,88.387777,1,7.0,0,0,0,0,0,0,0,1.0,1,0,0,2.0,1,0,1.0,1,0,0,0,74.0,28,116.0,0.85
0.0,116.0,2.0,1,4.0,367.0,222.0,43.0,48.0,1.0,3.0,800.0,22.465607,88.37687,1,8.0,0,0,0,0,0,0,1,0.0,0,0,0,2.0,1,0,3.0,0,0,1,0,80.0,27,240.0,0.405
0.0,633.0,3.0,3,4.0,1160.0,491.0,43.0,16.0,1.0,4.0,880.0,22.45432,88.42827,1,5.0,0,0,0,0,1,0,0,0.0,0,0,0,2.0,1,0,4.0,0,0,0,1,206.0,29,204.0,0.59
0.0,4208.0,3.0,1,15.0,415.0,489.0,42.0,8.0,1.0,14.0,1524.0,22.493402,88.210954,1,1.0,1,0,0,0,0,0,0,0.0,0,0,0,2.0,1,0,3.0,0,0,1,0,118.0,27,199.0,0.4
0.0,1000.0,2.0,2,4.0,1591.0,87.0,43.0,49.0,0.0,1.0,1000.0,22.5363984,88.3576624,1,0.0,0,0,0,0,0,0,0,0.0,0,0,0,2.0,1,0,3.0,0,0,1,0,290.0,27,40.0,0.75
0.0,2853.0,3.0,3,4.0,1083.0,508.0,43.0,50.0,1.0,2.0,1400.0,22.5026663,88.3355738,1,3.0,0,0,1,0,0,0,0,1.0,1,0,0,2.0,1,0,3.0,0,0,1,0,165.0,27,237.0,0.75
0.0,4127.0,2.0,6,20.0,566.0,223.0,42.0,15.0,1.0,3.0,1080.0,22.571168,88.448828,1,6.0,0,0,0,0,0,1,0,1.0,1,0,0,2.0,1,0,1.0,1,0,0,0,259.0,28,242.0,0.7
0.0,991.0,2.0,3,3.0,7.0,190.0,43.0,50.0,0.0,1.0,770.0,22.515358,88.3500398,1,1.0,1,0,0,0,0,0,0,1.0,1,0,0,2.0,1,0,3.0,0,0,1,0,94.0,27,190.0,0.5967
0.0,303.0,2.0,2,4.0,821.0,189.0,43.0,50.0,1.0,2.0,700.0,22.5057437,88.3567163,1,1.0,1,0,0,0,0,0,0,2.0,0,1,0,2.0,1,0,3.0,0,0,1,0,95.0,27,189.0,0.62
0.0,2851.0,2.0,3,3.0,213.0,208.0,43.0,50.0,1.0,2.0,550.0,22.6167775,88.4147035,1,8.0,0,0,0,0,0,0,1,1.0,1,0,0,2.0,1,0,2.0,0,1,0,0,172.0,26,222.0,0.28
0.0,3147.0,2.0,2,8.0,861.0,139.0,43.0,50.0,1.0,8.0,865.0,22.612673,88.41646,1,8.0,0,0,0,0,0,0,1,2.0,0,1,0,2.0,1,0,2.0,0,1,0,0,172.0,26,113.0,0.55
0.0,3780.0,3.0,6,5.0,1036.0,394.0,43.0,50.0,2.0,5.0,1204.0,22.5034489,88.3189776,1,1.0,1,0,0,0,0,0,0,3.0,0,0,1,2.0,1,0,3.0,0,0,1,0,286.0,27,59.0,0.62
0.0,2410.0,3.0,2,5.0,627.0,483.0,43.0,50.0,1.0,4.0,1084.0,22.604992,88.405457,0,8.0,0,0,0,0,0,0,1,0.0,0,0,0,2.0,1,0,2.0,0,1,0,0,172.0,26,192.0,0.62
0.0,43.0,2.0,1,5.0,1134.0,81.0,43.0,49.0,1.0,2.0,1000.0,22.6189317,88.4300897,1,0.0,0,0,0,0,0,0,0,3.0,0,0,1,2.0,1,0,2.0,0,1,0,0,172.0,26,33.0,0.32
0.0,1539.0,3.0,1,16.0,1189.0,513.0,43.0,35.0,2.0,5.0,1566.0,22.6006912,88.4694535,1,6.0,0,0,0,0,0,1,0,0.0,0,0,0,2.0,1,0,1.0,1,0,0,0,185.0,28,242.0,1.15
0.0,3692.0,4.0,3,3.0,143.0,667.0,43.0,50.0,0.0,3.0,1050.0,22.5148038,88.3688527,1,0.0,0,0,0,0,0,0,0,0.0,0,0,0,2.0,1,0,3.0,0,0,1,0,204.0,27,104.0,0.55
0.0,3096.0,2.0,6,5.0,1484.0,193.0,42.0,9.0,1.0,5.0,850.0,22.693866990132,88.487184633088,1,0.0,0,0,0,0,0,0,0,0.0,0,0,0,2.0,1,0,2.0,0,1,0,0,231.0,26,195.0,0.38
0.0,1226.0,2.0,5,5.0,166.0,59.0,44.0,15.0,1.0,5.0,862.0,22.665262,88.371312,1,5.0,0,0,0,0,1,0,0,0.0,0,0,0,2.0,1,0,2.0,0,1,0,0,107.0,26,0.0,0.38
0.0,1914.0,3.0,2,4.0,719.0,385.0,43.0,15.0,1.0,1.0,1100.0,22.730184,88.455814,1,5.0,0,0,0,0,1,0,0,1.0,1,0,0,2.0,1,0,2.0,0,1,0,0,219.0,26,48.0,0.34
0.0,1979.0,2.0,2,3.0,1076.0,127.0,43.0,5.0,1.0,2.0,750.0,22.680923,88.293686,0,2.0,0,1,0,0,0,0,0,0.0,0,0,0,2.0,1,0,4.0,0,0,0,1,41.0,29,97.0,0.4
0.0,707.0,2.0,6,5.0,326.0,136.0,43.0,49.0,1.0,4.0,725.0,22.61631,88.40235,1,6.0,0,0,0,0,0,1,0,0.0,0,0,0,2.0,1,0,2.0,0,1,0,0,71.0,26,110.0,0.26
0.0,2897.0,3.0,3,3.0,9.0,457.0,43.0,50.0,1.0,1.0,950.0,22.495,88.372,1,3.0,0,0,1,0,0,0,0,1.0,1,0,0,2.0,1,0,3.0,0,0,1,0,204.0,27,160.0,0.45
0.0,281.0,4.0,3,4.0,1566.0,668.0,43.0,48.0,2.0,0.0,1650.0,22.619223,88.40257,1,7.0,0,0,0,0,0,0,0,1.0,1,0,0,2.0,1,0,2.0,0,1,0,0,71.0,26,110.0,0.51
0.0,4054.0,3.0,2,3.0,94.0,465.0,43.0,50.0,2.0,3.0,1457.0,22.4991438,88.3960217,1,3.0,0,0,1,0,0,0,0,1.0,1,0,0,2.0,1,0,3.0,0,0,1,0,188.0,27,169.0,0.69
0.0,2211.0,3.0,2,3.0,328.0,487.0,43.0,45.0,1.0,3.0,960.0,22.502818,88.405191,1,0.0,0,0,0,0,0,0,0,0.0,0,0,0,2.0,1,0,3.0,0,0,1,0,188.0,27,197.0,0.7
0.0,1257.0,2.0,1,4.0,301.0,220.0,43.0,50.0,1.0,2.0,900.0,22.520718,88.378747,1,6.0,0,0,0,0,0,1,0,0.0,0,0,0,2.0,1,0,3.0,0,0,1,0,178.0,27,238.0,0.58
0.0,4186.0,4.0,3,4.0,732.0,657.0,43.0,49.0,2.0,2.0,1468.0,22.497625,88.320708,1,4.0,0,0,0,1,0,0,0,3.0,0,0,1,2.0,1,0,3.0,0,0,1,0,287.0,27,55.0,0.65
0.0,3443.0,3.0,3,4.0,140.0,476.0,43.0,48.0,1.0,4.0,1350.0,22.604906,88.427574,1,7.0,0,0,0,0,0,0,0,1.0,1,0,0,2.0,1,0,2.0,0,1,0,0,174.0,26,181.0,0.645
0.0,4089.0,3.0,3,3.0,584.0,445.0,43.0,25.0,1.0,1.0,1200.0,22.715388,88.378133,1,0.0,0,0,0,0,0,0,0,0.0,0,0,0,2.0,1,0,2.0,0,1,0,0,200.0,26,130.0,0.72
0.0,3650.0,3.0,2,5.0,1136.0,542.0,43.0,25.0,1.0,3.0,1450.0,22.622937,88.496684,1,0.0,0,0,0,0,0,0,0,3.0,0,0,1,2.0,1,0,1.0,1,0,0,0,214.0,28,284.0,0.5
0.0,103.0,2.0,5,3.0,112.0,338.0,45.0,15.0,1.0,2.0,866.0,22.451985828093,88.3086265141469,1,3.0,0,0,1,0,0,0,0,0.0,0,0,0,1.0,0,0,3.0,0,0,1,0,213.0,27,221.0,0.32
0.0,2403.0,2.0,3,3.0,1313.0,215.0,43.0,6.0,1.0,2.0,900.0,22.43993,88.395803,1,0.0,0,0,0,0,0,0,0,1.0,1,0,0,2.0,1,0,3.0,0,0,1,0,36.0,27,231.0,0.49
0.0,2969.0,4.0,3,3.0,1608.0,718.0,43.0,18.0,2.0,2.0,1800.0,22.46376,88.30718,1,5.0,0,0,0,0,1,0,0,1.0,1,0,0,2.0,1,0,3.0,0,0,1,0,213.0,27,357.0,0.675
0.0,428.0,3.0,2,12.0,570.0,390.0,43.0,18.0,1.0,9.0,1435.0,22.46192,88.306402,1,8.0,0,0,0,0,0,0,1,2.0,0,1,0,2.0,1,0,3.0,0,0,1,0,213.0,27,55.0,0.81
0.0,10.0,2.0,2,3.0,163.0,307.0,43.0,43.0,0.0,2.0,576.0,22.4672285355905,88.364314541269,1,0.0,0,0,0,0,0,0,0,1.0,1,0,0,2.0,1,0,3.0,0,0,1,0,89.0,27,365.0,0.38
0.0,2743.0,2.0,3,5.0,1556.0,108.0,43.0,5.0,1.0,1.0,730.0,22.861431,88.398684,1,4.0,0,0,0,1,0,0,0,1.0,1,0,0,2.0,1,0,2.0,0,1,0,0,41.0,26,67.0,0.3
0.0,42.0,2.0,6,5.0,877.0,215.0,43.0,18.0,1.0,2.0,925.0,22.44792,88.40389,1,5.0,0,0,0,0,1,0,0,0.0,0,0,0,2.0,1,0,3.0,0,0,1,0,201.0,27,231.0,0.3237
0.0,36.0,2.0,6,4.0,1303.0,147.0,43.0,46.0,1.0,3.0,845.0,22.466201,88.375291,1,3.0,0,0,1,0,0,0,0,0.0,0,0,0,2.0,1,0,3.0,0,0,1,0,80.0,27,126.0,0.275
0.0,2248.0,1.0,1,3.0,1260.0,26.0,43.0,50.0,1.0,2.0,600.0,22.5009134,88.3949345,1,0.0,0,0,0,0,0,0,0,1.0,1,0,0,2.0,1,0,3.0,0,0,1,0,192.0,27,169.0,0.2
0.0,2323.0,2.0,6,5.0,985.0,322.0,43.0,29.0,1.0,3.0,1207.0,22.56512,88.28371,1,3.0,0,0,1,0,0,0,0,1.0,1,0,0,1.0,0,0,4.0,0,0,0,1,180.0,29,19.0,0.36
0.0,2947.0,1.0,1,3.0,949.0,9.0,43.0,50.0,1.0,3.0,850.0,22.499077,88.31858,1,5.0,0,0,0,0,1,0,0,1.0,1,0,0,2.0,1,0,3.0,0,0,1,0,286.0,27,55.0,0.31
0.0,4147.0,2.0,3,3.0,156.0,237.0,43.0,45.0,1.0,3.0,850.0,22.5106194,88.305858,1,5.0,0,0,0,0,1,0,0,1.0,1,0,0,2.0,1,0,3.0,0,0,1,0,286.0,27,263.0,0.32
0.0,2825.0,3.0,3,13.0,1734.0,435.0,43.0,50.0,1.0,9.0,1129.0,22.506763,88.399967,1,0.0,0,0,0,0,0,0,0,3.0,0,0,1,2.0,1,0,3.0,0,0,1,0,188.0,27,116.0,1.25
0.0,2635.0,3.0,5,13.0,76.0,513.0,44.0,25.0,1.0,6.0,1457.0,22.586873,88.48828,1,3.0,0,0,1,0,0,0,0,0.0,0,0,0,2.0,1,0,1.0,1,0,0,0,87.0,28,242.0,1.41
0.0,538.0,3.0,3,4.0,1543.0,572.0,43.0,49.0,0.0,1.0,1250.0,22.569097,88.397185,1,8.0,0,0,0,0,0,0,1,2.0,0,1,0,2.0,1,0,1.0,1,0,0,0,103.0,28,342.0,0.8
0.0,2399.0,2.0,2,5.0,488.0,184.0,43.0,47.0,1.0,4.0,855.0,22.5971854,88.4370585,1,5.0,0,0,0,0,1,0,0,1.0,1,0,0,2.0,1,0,2.0,0,1,0,0,45.0,26,181.0,0.325
0.0,131.0,3.0,1,7.0,644.0,477.0,43.0,25.0,3.0,2.0,1716.0,22.654824,88.424994,1,1.0,1,0,0,0,0,0,0,0.0,0,0,0,2.0,1,0,2.0,0,1,0,0,200.0,26,183.0,0.75
0.0,483.0,3.0,1,4.0,430.0,583.0,43.0,31.0,1.0,2.0,1192.0,22.465168,88.334203,1,6.0,0,0,0,0,0,1,0,0.0,0,0,0,2.0,1,0,3.0,0,0,1,0,190.0,27,359.0,0.57
0.0,4204.0,3.0,3,4.0,1297.0,425.0,43.0,50.0,1.0,1.0,1405.0,22.5051618,88.3702479,1,1.0,1,0,0,0,0,0,0,2.0,0,1,0,2.0,1,0,3.0,0,0,1,0,204.0,27,104.0,0.85
0.0,2204.0,3.0,2,14.0,874.0,513.0,43.0,42.0,0.0,10.0,1336.0,22.5776384,88.454746,1,1.0,1,0,0,0,0,0,0,2.0,0,1,0,2.0,1,0,1.0,1,0,0,0,85.0,28,242.0,0.9
0.0,587.0,3.0,5,4.0,930.0,388.0,45.0,10.0,1.0,3.0,948.0,22.36686,88.43711,1,3.0,0,0,1,0,0,0,0,0.0,0,0,0,2.0,1,0,3.0,0,0,1,0,207.0,27,52.0,0.3151
0.0,2253.0,2.0,3,3.0,1035.0,317.0,43.0,50.0,1.0,1.0,1134.0,22.50712,88.397934,1,0.0,0,0,0,0,0,0,0,1.0,1,0,0,2.0,1,0,3.0,0,0,1,0,192.0,27,389.0,0.6
0.0,1435.0,3.0,1,4.0,1698.0,430.0,43.0,42.0,1.0,4.0,1220.0,22.637453,88.40743,1,6.0,0,0,0,0,0,1,0,2.0,0,1,0,2.0,1,0,2.0,0,1,0,0,98.0,26,111.0,0.45
0.0,1895.0,2.0,2,2.0,1621.0,353.0,43.0,1.0,1.0,3.118350312197616,1450.0,22.6065549,88.5255283,1,0.0,0,0,0,0,0,0,0,3.0,0,0,1,0.0,0,0,1.0,1,0,0,0,16.0,28,284.0,0.75
0.0,1980.0,2.0,1,3.0,401.0,290.0,43.0,48.0,1.0,3.0,830.0,22.62173,88.3912,1,3.0,0,0,1,0,0,0,0,2.0,0,1,0,2.0,1,0,2.0,0,1,0,0,71.0,26,338.0,0.55
0.0,2896.0,2.0,1,4.0,745.0,141.0,43.0,39.0,1.0,2.0,800.0,22.624262,88.440285,1,2.0,0,1,0,0,0,0,0,1.0,1,0,0,2.0,1,0,2.0,0,1,0,0,183.0,26,115.0,0.3
0.0,3905.0,2.0,5,17.0,793.0,305.0,44.0,8.0,1.0,5.0,680.0,22.489445,88.337073,1,0.0,0,0,0,0,0,0,0,1.0,1,0,0,2.0,1,0,3.0,0,0,1,0,118.0,27,359.0,0.9
0.0,4109.0,2.0,1,4.0,1381.0,283.0,43.0,6.0,1.0,3.0,810.0,22.83232,88.39675,1,1.0,1,0,0,0,0,0,0,1.0,1,0,0,2.0,1,0,2.0,0,1,0,0,281.0,26,329.0,0.24
0.0,2233.0,2.0,3,5.0,1000.0,309.0,43.0,46.0,1.0,2.0,855.0,22.628267,88.433051,1,5.0,0,0,0,0,1,0,0,1.0,1,0,0,2.0,1,0,2.0,0,1,0,0,180.0,26,368.0,0.4
0.0,1114.0,1.0,2,3.0,1226.0,11.0,43.0,20.0,0.0,1.0,467.0,22.6777117,88.3505313,1,4.0,0,0,0,1,0,0,0,1.0,1,0,0,2.0,1,0,4.0,0,0,0,1,41.0,29,66.0,0.09
0.0,422.0,3.0,2,5.0,1709.0,391.0,43.0,47.0,1.0,1.0,1105.0,22.4869926,88.3131558,1,1.0,1,0,0,0,0,0,0,1.0,1,0,0,2.0,1,0,3.0,0,0,1,0,287.0,27,56.0,0.48
0.0,605.0,3.0,1,12.0,1302.0,583.0,42.0,4.0,0.0,1.0,1156.0,22.4836391,88.3289965,1,6.0,0,0,0,0,0,1,0,1.0,1,0,0,2.0,1,0,3.0,0,0,1,0,268.0,27,359.0,1.2
0.0,4214.0,2.0,2,14.0,1272.0,65.0,43.0,11.0,1.0,10.0,480.0,22.56831,88.5106,1,0.0,0,0,0,0,0,0,0,2.0,0,1,0,2.0,1,0,1.0,1,0,0,0,10.0,28,6.0,0.36
0.0,2844.0,3.0,3,4.0,1090.0,373.0,43.0,50.0,1.0,2.0,1400.0,22.470672,88.378616,0,3.0,0,0,1,0,0,0,0,1.0,1,0,0,2.0,1,0,3.0,0,0,1,0,80.0,27,35.0,0.68
0.0,2231.0,2.0,1,4.0,196.0,101.0,43.0,50.0,2.0,3.0,1340.0,22.49435,88.31612,1,5.0,0,0,0,0,1,0,0,1.0,1,0,0,2.0,1,0,3.0,0,0,1,0,287.0,27,57.0,0.72
0.0,3693.0,2.0,3,3.0,1073.0,147.0,43.0,47.0,1.0,2.0,700.0,22.465342,88.377884,1,3.0,0,0,1,0,0,0,0,1.0,1,0,0,2.0,1,0,3.0,0,0,1,0,80.0,27,126.0,0.225
0.0,1194.0,2.0,3,3.0,141.0,279.0,43.0,41.0,1.0,3.0,770.0,22.56667,88.31667,1,0.0,0,0,0,0,0,0,0,1.0,1,0,0,2.0,1,0,4.0,0,0,0,1,181.0,29,325.0,0.2275
0.0,689.0,2.0,6,20.0,78.0,285.0,42.0,11.0,1.0,2.0,919.0,22.6281521,88.383412,1,6.0,0,0,0,0,0,1,0,0.0,0,0,0,2.0,1,0,2.0,0,1,0,0,127.0,26,331.0,0.78
0.0,2065.0,4.0,5,25.0,926.0,652.0,44.0,7.0,1.0,8.0,2071.0,22.6417,88.3781071,1,3.0,0,0,1,0,0,0,0,0.0,0,0,0,2.0,1,0,2.0,0,1,0,0,149.0,26,28.0,1.38
0.0,4.0,3.0,2,4.0,178.0,390.0,43.0,50.0,1.0,4.0,984.0,22.497527,88.310185,1,5.0,0,0,0,0,1,0,0,0.0,0,0,0,2.0,1,0,3.0,0,0,1,0,287.0,27,55.0,0.3979999999999999
0.0,436.0,3.0,1,4.0,424.0,504.0,42.0,15.0,1.0,3.0,1220.0,22.404621,88.424197,1,0.0,0,0,0,0,0,0,0,3.0,0,0,1,2.0,1,0,3.0,0,0,1,0,249.0,27,231.0,0.43
0.0,2400.0,3.0,3,3.0,111.0,374.0,43.0,48.0,0.0,1.0,1400.0,22.470721,88.37226,1,3.0,0,0,1,0,0,0,0,0.0,0,0,0,2.0,1,0,3.0,0,0,1,0,78.0,27,36.0,0.38
0.0,2263.0,3.0,2,3.0,21.0,376.0,43.0,40.0,1.0,0.0,776.0,22.485145,88.301171,1,1.0,1,0,0,0,0,0,0,0.0,0,0,0,2.0,1,0,3.0,0,0,1,0,287.0,27,38.0,0.485
0.0,534.0,2.0,5,4.0,1144.0,252.0,44.0,15.0,1.0,2.0,634.0,22.632315,88.453921,1,0.0,0,0,0,0,0,0,0,0.0,0,0,0,2.0,1,0,1.0,1,0,0,0,258.0,28,284.0,0.3
0.0,2936.0,3.0,3,3.0,1501.0,459.0,43.0,50.0,1.0,3.0,1000.0,22.506642,88.357385,1,1.0,1,0,0,0,0,0,0,1.0,1,0,0,2.0,1,0,3.0,0,0,1,0,100.0,27,163.0,0.3
0.0,4160.0,2.0,2,4.0,1032.0,90.0,43.0,44.0,1.0,1.0,920.0,22.468319,88.36367,1,1.0,1,0,0,0,0,0,0,1.0,1,0,0,2.0,1,0,3.0,0,0,1,0,89.0,27,45.0,0.33
0.0,2224.0,2.0,2,4.0,656.0,345.0,43.0,27.0,1.0,2.0,1025.0,22.668333,88.370648,1,5.0,0,0,0,0,1,0,0,1.0,1,0,0,1.0,0,0,2.0,0,1,0,0,70.0,26,294.0,0.4479999999999999
0.0,2504.0,2.0,3,4.0,15.0,304.0,43.0,50.0,0.0,1.0,650.0,22.527185,88.385776,1,1.0,1,0,0,0,0,0,0,1.0,1,0,0,2.0,1,0,3.0,0,0,1,0,197.0,27,358.0,0.2925
0.0,2402.0,2.0,2,12.0,1368.0,223.0,42.0,15.0,1.0,12.0,722.0,22.589872923653,88.45280587272,1,8.0,0,0,0,0,0,0,1,0.0,0,0,0,2.0,1,0,1.0,1,0,0,0,135.0,28,242.0,0.56
0.0,2365.0,2.0,1,5.0,1140.0,252.0,43.0,28.0,1.0,2.0,904.0,22.63653,88.480741,1,1.0,1,0,0,0,0,0,0,1.0,1,0,0,2.0,1,0,1.0,1,0,0,0,208.0,28,284.0,0.44
0.0,3421.0,4.0,6,24.0,450.0,716.0,42.0,8.0,2.0,10.0,1880.0,22.548158,88.382573,1,1.0,1,0,0,0,0,0,0,0.0,0,0,0,2.0,1,0,1.0,1,0,0,0,232.0,28,351.0,1.68
0.0,4177.0,2.0,1,5.0,447.0,208.0,43.0,49.0,1.0,3.0,855.0,22.620502,88.420093,1,7.0,0,0,0,0,0,0,0,1.0,1,0,0,2.0,1,0,2.0,0,1,0,0,182.0,26,222.0,0.34
0.0,11.0,3.0,3,5.0,908.0,612.0,43.0,50.0,1.0,1.0,930.0,22.5656296,88.382219,1,1.0,1,0,0,0,0,0,0,1.0,1,0,0,1.0,0,0,1.0,1,0,0,0,53.0,28,61.0,0.68
0.0,3128.0,2.0,6,4.0,288.0,134.0,43.0,15.0,1.0,2.0,816.0,22.4467962,88.3078084,1,1.0,1,0,0,0,0,0,0,0.0,0,0,0,2.0,1,0,3.0,0,0,1,0,213.0,27,107.0,0.2611
0.0,2368.0,2.0,1,7.0,1300.0,215.0,43.0,15.0,1.0,3.0,833.0,22.427963,88.407401,1,8.0,0,0,0,0,0,0,1,1.0,1,0,0,2.0,1,0,3.0,0,0,1,0,31.0,27,231.0,0.42
0.0,7.0,3.0,5,12.0,516.0,490.0,45.0,41.0,1.0,5.0,814.0,22.6224,88.440371,1,5.0,0,0,0,0,1,0,0,0.0,0,0,0,2.0,1,0,1.0,1,0,0,0,183.0,28,201.0,0.76
0.0,4059.0,3.0,3,4.0,12.0,536.0,43.0,43.0,1.0,2.0,1240.0,22.487597,88.41089,1,4.0,0,0,0,1,0,0,0,0.0,0,0,0,2.0,1,0,3.0,0,0,1,0,189.0,27,276.0,0.55
0.0,296.0,1.0,5,5.0,619.0,53.0,45.0,49.0,1.0,2.0,320.0,22.6226495,88.4294838,1,6.0,0,0,0,0,0,1,0,0.0,0,0,0,2.0,1,0,2.0,0,1,0,0,180.0,26,353.0,0.156
0.0,1943.0,2.0,2,5.0,429.0,349.0,43.0,50.0,1.0,1.0,775.0,22.5,88.35,1,1.0,1,0,0,0,0,0,0,1.0,1,0,0,1.0,0,0,3.0,0,0,1,0,95.0,27,359.0,0.42
0.0,506.0,3.0,3,3.0,854.0,637.0,43.0,20.0,1.0,3.6326304081644,1070.0,22.6683782,88.384625,1,6.0,0,0,0,0,0,1,0,0.0,0,0,0,0.0,0,0,2.0,0,1,0,0,70.0,26,228.0,0.5
0.0,263.0,3.0,1,4.0,810.0,513.0,43.0,33.0,1.0,1.0,1250.0,22.572655,88.46942,0,7.0,0,0,0,0,0,0,0,0.0,0,0,0,2.0,1,0,1.0,1,0,0,0,85.0,28,242.0,0.68
0.0,687.0,2.0,5,13.0,76.0,223.0,44.0,25.0,1.0,3.0,996.0,22.586873,88.48828,1,3.0,0,0,1,0,0,0,0,0.0,0,0,0,2.0,1,0,1.0,1,0,0,0,87.0,28,242.0,1.02
0.0,2799.0,3.0,1,7.0,643.0,441.0,43.0,50.0,1.0,3.0,1000.0,22.4654212,88.3800201,1,3.0,0,0,1,0,0,0,0,1.0,1,0,0,2.0,1,0,3.0,0,0,1,0,80.0,27,126.0,0.52
0.0,1023.0,2.0,2,4.0,1233.0,218.0,43.0,35.0,1.0,2.0,1250.0,22.4848796,88.4140721,1,1.0,1,0,0,0,0,0,0,1.0,1,0,0,2.0,1,0,3.0,0,0,1,0,189.0,27,236.0,0.6
0.0,2803.0,2.0,2,4.0,333.0,267.0,43.0,49.0,1.0,1.0,800.0,22.479979,88.31476,1,2.0,0,1,0,0,0,0,0,0.0,0,0,0,2.0,1,0,3.0,0,0,1,0,290.0,27,303.0,0.32
0.0,964.0,2.0,1,4.0,416.0,118.0,42.0,15.0,1.0,2.0,698.0,22.479167,88.403317,1,3.0,0,0,1,0,0,0,0,0.0,0,0,0,2.0,1,0,3.0,0,0,1,0,154.0,27,80.0,0.48
0.0,423.0,2.0,3,3.0,1074.0,132.0,43.0,50.0,1.0,3.0,1000.0,22.514074,88.374845,1,5.0,0,0,0,0,1,0,0,1.0,1,0,0,2.0,1,0,3.0,0,0,1,0,178.0,27,104.0,0.42
0.0,4067.0,2.0,3,3.0,1515.0,113.0,43.0,32.0,1.0,2.0,825.0,22.4566362,88.3767237,1,2.0,0,1,0,0,0,0,0,1.0,1,0,0,2.0,1,0,3.0,0,0,1,0,80.0,27,74.0,0.3
0.0,1150.0,2.0,6,4.0,634.0,99.0,43.0,49.0,0.0,0.0,885.0,22.4978086,88.3093517,1,8.0,0,0,0,0,0,0,1,0.0,0,0,0,2.0,1,0,3.0,0,0,1,0,287.0,27,55.0,0.4
0.0,4126.0,2.0,6,5.0,323.0,252.0,43.0,37.0,2.0,4.0,950.0,22.630432,88.447974,1,0.0,0,0,0,0,0,0,0,3.0,0,0,1,2.0,1,0,1.0,1,0,0,0,184.0,28,284.0,0.283
0.0,4129.0,2.0,1,10.0,1407.0,252.0,43.0,31.0,1.0,9.0,995.0,22.634083,88.465904,1,3.0,0,0,1,0,0,0,0,0.0,0,0,0,2.0,1,0,1.0,1,0,0,0,208.0,28,284.0,0.54
0.0,3776.0,3.0,2,15.0,415.0,489.0,42.0,8.0,2.0,8.0,1377.0,88.210954,22.493402,1,3.0,0,0,1,0,0,0,0,0.0,0,0,0,2.0,1,0,3.0,0,0,1,0,118.0,27,199.0,0.37
0.0,31.0,2.0,3,4.0,1460.0,171.0,43.0,50.0,1.0,1.0,1000.0,22.5058175,88.3639986,1,8.0,0,0,0,0,0,0,1,0.0,0,0,0,2.0,1,0,3.0,0,0,1,0,204.0,27,164.0,0.5
0.0,1007.0,3.0,2,4.0,872.0,425.0,43.0,50.0,2.0,1.0,1325.0,22.5148038,88.3688527,1,8.0,0,0,0,0,0,0,1,1.0,1,0,0,2.0,1,0,3.0,0,0,1,0,204.0,27,104.0,0.69
0.0,3839.0,2.0,3,4.0,1107.0,134.0,43.0,15.0,0.0,4.0,887.0,22.4513896,88.3042658,1,8.0,0,0,0,0,0,0,1,2.0,0,1,0,2.0,1,0,3.0,0,0,1,0,213.0,27,107.0,0.35
0.0,2405.0,3.0,2,4.0,201.0,499.0,43.0,15.0,1.0,3.0,1256.0,22.49937,88.41354,1,0.0,0,0,0,0,0,0,0,1.0,1,0,0,2.0,1,0,3.0,0,0,1,0,245.0,27,219.0,0.68
0.0,4135.0,2.0,2,4.0,760.0,215.0,43.0,2.0,0.0,3.0,910.0,22.4225736,88.4032957,1,0.0,0,0,0,0,0,0,0,1.0,1,0,0,2.0,1,0,3.0,0,0,1,0,41.0,27,231.0,0.33
0.0,269.0,3.0,1,1.0,603.0,626.0,43.0,26.0,3.0,6.157617605456906,2880.0,22.6522193,88.4314754,1,6.0,0,0,0,0,0,1,0,1.0,1,0,0,0.0,0,0,2.0,0,1,0,0,200.0,26,8.0,1.25
0.0,510.0,2.0,3,3.0,755.0,147.0,43.0,50.0,1.0,3.0,535.0,22.4658051,88.384625,1,4.0,0,0,0,1,0,0,0,2.0,0,1,0,2.0,1,0,3.0,0,0,1,0,80.0,27,126.0,0.21
0.0,627.0,3.0,6,1.0,949.0,639.0,43.0,49.0,1.0,3.6326304081644,720.0,22.6148078,88.3894769,1,0.0,0,0,0,0,0,0,0,2.0,0,1,0,0.0,0,0,2.0,0,1,0,0,72.0,26,258.0,0.35
0.0,3812.0,1.0,1,5.0,1273.0,23.0,43.0,47.0,0.0,5.0,444.0,22.6347922,88.4146371,1,1.0,1,0,0,0,0,0,0,0.0,0,0,0,2.0,1,0,2.0,0,1,0,0,180.0,26,139.0,0.1332
0.0,4159.0,2.0,6,5.0,1142.0,252.0,43.0,36.0,1.0,2.0,774.0,22.625267,88.447996,1,8.0,0,0,0,0,0,0,1,1.0,1,0,0,2.0,1,0,1.0,1,0,0,0,184.0,28,284.0,0.32
0.0,106.0,2.0,2,2.0,1030.0,296.0,43.0,49.0,1.0,2.0,700.0,22.49194,88.393071,1,4.0,0,0,0,1,0,0,0,0.0,0,0,0,2.0,1,0,3.0,0,0,1,0,188.0,27,348.0,0.3
0.0,719.0,2.0,2,4.0,606.0,192.0,43.0,18.0,1.0,2.0,1000.0,22.621276,88.323614,1,8.0,0,0,0,0,0,0,1,0.0,0,0,0,2.0,1,0,4.0,0,0,0,1,38.0,29,194.0,0.45
0.0,2980.0,1.0,3,3.0,1326.0,47.0,43.0,50.0,0.0,1.0,495.0,13.036358,80.223753,1,0.0,0,0,0,0,0,0,0,2.0,0,1,0,2.0,1,0,3.0,0,0,1,0,192.0,27,307.0,0.22
0.0,87.0,1.0,1,1.0,1140.0,45.0,43.0,28.0,1.0,1.0,500.0,22.63653,88.480741,0,5.0,0,0,0,0,1,0,0,1.0,1,0,0,2.0,1,0,1.0,1,0,0,0,208.0,28,284.0,0.19
0.0,1631.0,2.0,3,4.0,280.0,143.0,43.0,50.0,1.0,0.0,540.0,22.5152748467607,88.3957123290627,0,4.0,0,0,0,1,0,0,0,1.0,1,0,0,2.0,1,0,3.0,0,0,1,0,192.0,27,118.0,0.28
0.0,550.0,3.0,1,4.0,1098.0,404.0,43.0,18.0,2.0,1.0,1156.0,22.4472,88.375086,1,3.0,0,0,1,0,0,0,0,1.0,1,0,0,2.0,1,0,3.0,0,0,1,0,74.0,27,74.0,0.46
0.0,12.0,3.0,1,6.0,295.0,476.0,43.0,46.0,0.0,4.0,1010.0,22.5982711,88.4397565,1,4.0,0,0,0,1,0,0,0,0.0,0,0,0,2.0,1,0,2.0,0,1,0,0,1.0,26,181.0,0.48
0.0,1260.0,1.0,3,4.0,77.0,52.0,43.0,49.0,1.0,3.0,350.0,22.49194,88.393071,0,1.0,1,0,0,0,0,0,0,1.0,1,0,0,2.0,1,0,3.0,0,0,1,0,188.0,27,348.0,0.18
0.0,115.0,2.0,1,4.0,367.0,222.0,43.0,48.0,1.0,2.0,1050.0,22.465607,88.37687,1,2.0,0,1,0,0,0,0,0,0.0,0,0,0,2.0,1,0,3.0,0,0,1,0,80.0,27,240.0,0.35
0.0,482.0,2.0,1,3.0,103.0,222.0,43.0,31.0,1.0,2.0,850.0,22.482738,88.41379,1,5.0,0,0,0,0,1,0,0,0.0,0,0,0,2.0,1,0,3.0,0,0,1,0,189.0,27,240.0,0.4
0.0,2612.0,3.0,1,3.0,62.0,499.0,43.0,31.0,1.0,2.0,1250.0,22.482738,88.41379,1,8.0,0,0,0,0,0,0,1,0.0,0,0,0,2.0,1,0,3.0,0,0,1,0,189.0,27,219.0,0.6
0.0,695.0,2.0,1,3.0,105.0,148.0,43.0,34.0,1.0,3.0,828.0,22.477549,88.41053,1,2.0,0,1,0,0,0,0,0,0.0,0,0,0,2.0,1,0,3.0,0,0,1,0,77.0,27,128.0,0.42
0.0,696.0,2.0,1,3.0,105.0,148.0,43.0,34.0,1.0,1.0,853.0,22.477549,88.41053,1,3.0,0,0,1,0,0,0,0,0.0,0,0,0,2.0,1,0,3.0,0,0,1,0,77.0,27,128.0,0.45
0.0,4022.0,3.0,6,4.0,350.0,573.0,43.0,43.0,1.0,1.0,1080.0,22.4674365,88.36413,1,3.0,0,0,1,0,0,0,0,0.0,0,0,0,2.0,1,0,3.0,0,0,1,0,89.0,27,344.0,0.55
0.0,850.0,3.0,1,18.0,1060.0,513.0,42.0,15.0,2.0,12.0,1198.0,22.582182,88.487992,1,0.0,0,0,0,0,0,0,0,0.0,0,0,0,2.0,1,0,1.0,1,0,0,0,234.0,28,242.0,1.15
0.0,1438.0,3.0,1,14.0,1039.0,429.0,42.0,6.0,1.0,9.0,1268.0,22.61631,88.40235,1,0.0,0,0,0,0,0,0,0,1.0,1,0,0,2.0,1,0,2.0,0,1,0,0,257.0,26,110.0,1.2
0.0,2855.0,2.0,3,5.0,214.0,192.0,43.0,33.0,1.0,3.0,750.0,22.6204715,88.3520061,1,8.0,0,0,0,0,0,0,1,1.0,1,0,0,2.0,1,0,4.0,0,0,0,1,206.0,29,194.0,0.25
0.0,86.0,2.0,2,4.0,37.0,323.0,43.0,40.0,1.0,4.0,940.0,22.645936,88.365289,1,3.0,0,0,1,0,0,0,0,1.0,1,0,0,1.0,0,0,2.0,0,1,0,0,68.0,26,21.0,0.42
0.0,1456.0,3.0,6,14.0,931.0,462.0,42.0,12.0,2.0,3.0,1179.0,22.4439029807,88.2978736068,1,3.0,0,0,1,0,0,0,0,0.0,0,0,0,2.0,1,0,3.0,0,0,1,0,41.0,27,166.0,0.45
0.0,135.0,3.0,6,6.0,243.0,564.0,42.0,37.0,1.0,1.0,1220.0,22.6314251,88.3855902,1,0.0,0,0,0,0,0,0,0,1.0,1,0,0,2.0,1,0,2.0,0,1,0,0,81.0,26,331.0,0.48
0.0,1209.0,3.0,3,4.0,208.0,591.0,43.0,48.0,1.0,0.0,1010.0,22.628846,88.430717,0,3.0,0,0,1,0,0,0,0,1.0,1,0,0,2.0,1,0,1.0,1,0,0,0,180.0,28,369.0,0.49
0.0,2256.0,2.0,3,4.0,749.0,99.0,43.0,50.0,1.0,4.0,800.0,22.500755,88.312043,1,0.0,0,0,0,0,0,0,0,2.0,0,1,0,2.0,1,0,3.0,0,0,1,0,286.0,27,55.0,0.47
0.0,2852.0,2.0,6,14.0,1403.0,97.0,42.0,8.0,1.0,3.0,915.0,22.384982,88.4186,1,0.0,0,0,0,0,0,0,0,0.0,0,0,0,2.0,1,0,3.0,0,0,1,0,118.0,27,52.0,0.41
0.0,1683.0,2.0,2,6.0,295.0,184.0,43.0,46.0,1.0,5.0,860.0,22.5972,88.439278,1,5.0,0,0,0,0,1,0,0,2.0,0,1,0,2.0,1,0,2.0,0,1,0,0,1.0,26,181.0,0.4
0.0,2932.0,3.0,3,11.0,1540.0,586.0,43.0,49.0,2.0,6.0,1435.0,22.591583,88.389626,1,4.0,0,0,0,1,0,0,0,1.0,1,0,0,2.0,1,0,2.0,0,1,0,0,42.0,26,363.0,1.4
0.0,1957.0,3.0,1,5.0,1041.0,450.0,43.0,5.0,1.0,1.0,1055.0,22.4177159,88.4184156,1,6.0,0,0,0,0,0,1,0,1.0,1,0,0,2.0,1,0,3.0,0,0,1,0,41.0,27,145.0,0.42
0.0,539.0,1.0,1,25.0,86.0,36.0,42.0,15.0,1.0,16.0,513.0,22.5000587,88.4066106,1,0.0,0,0,0,0,0,0,0,3.0,0,0,1,2.0,1,0,3.0,0,0,1,0,260.0,27,219.0,0.35
0.0,2929.0,2.0,3,6.0,388.0,252.0,43.0,37.0,1.0,4.0,965.0,22.633363,88.4523,1,6.0,0,0,0,0,0,1,0,0.0,0,0,0,2.0,1,0,1.0,1,0,0,0,183.0,28,284.0,0.45
0.0,983.0,2.0,5,3.0,513.0,142.0,45.0,42.0,1.0,1.0,800.0,22.548114,88.4004968,1,4.0,0,0,0,1,0,0,0,0.0,0,0,0,2.0,1,0,3.0,0,0,1,0,193.0,27,116.0,0.4
0.0,1142.0,2.0,1,3.0,268.0,240.0,43.0,50.0,1.0,0.0,850.0,22.476512,88.3859568,1,1.0,1,0,0,0,0,0,0,3.0,0,0,1,2.0,1,0,3.0,0,0,1,0,80.0,27,266.0,0.25
0.0,3781.0,3.0,1,20.0,1121.0,504.0,42.0,7.0,1.0,15.0,1379.0,22.44792,88.40389,1,4.0,0,0,0,1,0,0,0,0.0,0,0,0,2.0,1,0,3.0,0,0,1,0,153.0,27,231.0,0.75
0.0,3786.0,4.0,2,4.0,683.0,720.0,43.0,50.0,2.0,2.0,1682.0,22.5,88.35,1,6.0,0,0,0,0,0,1,0,1.0,1,0,0,2.0,1,0,3.0,0,0,1,0,95.0,27,359.0,0.75
0.0,3712.0,3.0,2,12.0,1120.0,504.0,43.0,1.0,2.0,9.0,1515.0,22.431361,88.396724,1,6.0,0,0,0,0,0,1,0,1.0,1,0,0,2.0,1,0,3.0,0,0,1,0,292.0,27,231.0,0.67
0.0,1545.0,3.0,2,26.0,1372.0,513.0,43.0,16.0,2.0,12.0,2231.0,22.561937,88.491503,1,3.0,0,0,1,0,0,0,0,3.0,0,0,1,2.0,1,0,1.0,1,0,0,0,195.0,28,242.0,2.8
0.0,1001.0,2.0,1,12.0,1302.0,305.0,42.0,4.0,1.0,9.0,1301.0,22.483811,88.329373,0,0.0,0,0,0,0,0,0,0,3.0,0,0,1,2.0,1,0,3.0,0,0,1,0,268.0,27,359.0,0.85
0.0,302.0,2.0,1,3.0,891.0,99.0,43.0,49.0,1.0,1.0,700.0,22.4978086,88.3093517,1,5.0,0,0,0,0,1,0,0,0.0,0,0,0,2.0,1,0,3.0,0,0,1,0,287.0,27,55.0,0.19
0.0,1632.0,1.0,1,4.0,1464.0,15.0,43.0,50.0,1.0,3.0,575.0,22.613626,88.419182,1,4.0,0,0,0,1,0,0,0,1.0,1,0,0,2.0,1,0,2.0,0,1,0,0,172.0,26,96.0,0.2
0.0,2037.0,2.0,2,5.0,1488.0,193.0,43.0,13.0,1.0,4.0,880.0,22.694737,88.452862,1,0.0,0,0,0,0,0,0,0,0.0,0,0,0,2.0,1,0,2.0,0,1,0,0,57.0,26,195.0,0.4
0.0,1139.0,2.0,3,3.0,597.0,211.0,43.0,48.0,1.0,2.0,690.0,22.47608184814453,88.36907196044922,1,0.0,0,0,0,0,0,0,0,1.0,1,0,0,2.0,1,0,3.0,0,0,1,0,89.0,27,225.0,0.24
0.0,1283.0,2.0,3,3.0,591.0,286.0,43.0,50.0,1.0,3.0,660.0,22.492871,88.337947,0,0.0,0,0,0,0,0,0,0,0.0,0,0,0,2.0,1,0,3.0,0,0,1,0,159.0,27,334.0,0.3
0.0,2244.0,2.0,1,11.0,789.0,287.0,42.0,9.0,1.0,10.0,840.0,22.7048991,88.3729291,1,5.0,0,0,0,0,1,0,0,0.0,0,0,0,2.0,1,0,2.0,0,1,0,0,269.0,26,335.0,0.48
0.0,2433.0,3.0,6,6.0,1220.0,476.0,43.0,47.0,2.0,1.0,1110.0,22.595793,88.436727,1,1.0,1,0,0,0,0,0,0,1.0,1,0,0,2.0,1,0,2.0,0,1,0,0,45.0,26,181.0,0.52
0.0,2965.0,3.0,2,11.0,525.0,390.0,43.0,44.0,2.0,10.0,1323.0,22.49451,88.299565,1,5.0,0,0,0,0,1,0,0,1.0,1,0,0,2.0,1,0,3.0,0,0,1,0,287.0,27,55.0,0.65
0.0,1020.0,4.0,3,5.0,1097.0,678.0,43.0,9.0,2.0,4.0,2500.0,22.591656,88.250786,1,8.0,0,0,0,0,0,0,1,2.0,0,1,0,2.0,1,0,4.0,0,0,0,1,39.0,29,155.0,0.6
0.0,2419.0,3.0,2,5.0,1114.0,471.0,43.0,4.0,1.0,3.0,1288.0,22.4386455,88.3933908,1,5.0,0,0,0,0,1,0,0,2.0,0,1,0,2.0,1,0,3.0,0,0,1,0,36.0,27,176.0,0.58
0.0,1633.0,3.0,3,3.0,398.0,465.0,43.0,50.0,1.0,1.0,1120.0,22.4982976,88.394025,1,3.0,0,0,1,0,0,0,0,0.0,0,0,0,2.0,1,0,3.0,0,0,1,0,192.0,27,169.0,0.55
0.0,2956.0,3.0,2,5.0,345.0,504.0,43.0,13.0,1.0,1.0,1266.0,22.4482463,88.3978147,1,0.0,0,0,0,0,0,0,0,2.0,0,1,0,2.0,1,0,3.0,0,0,1,0,242.0,27,231.0,0.72
0.0,3611.0,3.0,6,4.0,1648.0,500.0,42.0,50.0,1.0,4.0,1290.0,22.6174760274,88.4163038726,1,0.0,0,0,0,0,0,0,0,2.0,0,1,0,2.0,1,0,2.0,0,1,0,0,172.0,26,222.0,0.52
0.0,628.0,3.0,1,5.0,1737.0,429.0,43.0,39.0,1.0,1.0,1000.0,22.6430081,88.4223449,1,0.0,0,0,0,0,0,0,0,1.0,1,0,0,2.0,1,0,2.0,0,1,0,0,180.0,26,110.0,0.72
0.0,3444.0,2.0,3,6.0,492.0,191.0,43.0,49.0,1.0,6.0,900.0,22.6030366,88.4040291,1,5.0,0,0,0,0,1,0,0,1.0,1,0,0,2.0,1,0,2.0,0,1,0,0,172.0,26,192.0,0.55
0.0,4176.0,2.0,2,2.0,47.0,257.0,43.0,50.0,1.0,2.0,850.0,22.4740916,88.3803937,1,5.0,0,0,0,0,1,0,0,1.0,1,0,0,2.0,1,0,3.0,0,0,1,0,80.0,27,290.0,0.29
0.0,4232.0,2.0,5,4.0,313.0,179.0,45.0,26.0,1.0,2.0,1050.0,22.449487,88.395542,1,3.0,0,0,1,0,0,0,0,0.0,0,0,0,2.0,1,0,3.0,0,0,1,0,74.0,27,176.0,0.5092
0.0,2173.0,2.0,5,12.0,974.0,76.0,44.0,8.0,1.0,4.0,970.0,22.621845669308,88.380510050037,1,5.0,0,0,0,0,1,0,0,0.0,0,0,0,2.0,1,0,2.0,0,1,0,0,118.0,26,28.0,0.75
0.0,990.0,1.0,6,5.0,624.0,45.0,43.0,35.0,1.0,3.0,565.0,22.6006912,88.4694535,1,6.0,0,0,0,0,0,1,0,0.0,0,0,0,2.0,1,0,1.0,1,0,0,0,185.0,28,284.0,0.1325
0.0,1770.0,3.0,2,33.0,369.0,513.0,43.0,3.0,2.0,20.0,1845.0,22.5652396,88.5169947,1,6.0,0,0,0,0,0,1,0,2.0,0,1,0,2.0,1,0,1.0,1,0,0,0,13.0,28,242.0,1.25
0.0,3041.0,2.0,5,5.0,495.0,209.0,45.0,12.0,1.0,2.0,800.0,22.8912,88.419142,1,3.0,0,0,1,0,0,0,0,3.0,0,0,1,2.0,1,0,2.0,0,1,0,0,6.0,26,223.0,0.2239999999999999
0.0,3850.0,2.0,5,5.0,495.0,180.0,45.0,9.0,1.0,2.0,786.0,22.946702,88.439948,1,3.0,0,0,1,0,0,0,0,0.0,0,0,0,2.0,1,0,2.0,0,1,0,0,9.0,26,177.0,0.2515
0.0,2589.0,1.0,5,5.0,495.0,28.0,45.0,9.0,0.0,1.0,350.0,22.946702,88.439948,1,3.0,0,0,1,0,0,0,0,0.0,0,0,0,2.0,1,0,2.0,0,1,0,0,9.0,26,177.0,0.1119999999999999
0.0,3995.0,3.0,5,30.0,1623.0,513.0,45.0,35.0,1.0,27.0,1486.0,22.6006912,88.4694535,1,3.0,0,0,1,0,0,0,0,0.0,0,0,0,2.0,1,0,1.0,1,0,0,0,185.0,28,242.0,0.97
0.0,2977.0,2.0,5,30.0,1622.0,223.0,45.0,35.0,1.0,26.0,770.0,22.6006912,88.4694535,1,3.0,0,0,1,0,0,0,0,0.0,0,0,0,2.0,1,0,1.0,1,0,0,0,185.0,28,242.0,0.64
0.0,2174.0,2.0,1,6.0,549.0,98.0,43.0,5.0,1.0,6.0,712.0,22.5104135,88.2158905,1,7.0,0,0,0,0,0,0,0,2.0,0,1,0,2.0,1,0,3.0,0,0,1,0,213.0,27,54.0,0.23
0.0,4183.0,3.0,2,5.0,709.0,589.0,43.0,23.0,2.0,4.0,1213.0,22.662827,88.344345,1,3.0,0,0,1,0,0,0,0,3.0,0,0,1,2.0,1,0,4.0,0,0,0,1,38.0,29,367.0,0.37
0.0,28.0,1.0,6,18.0,58.0,48.0,42.0,3.0,2.0,14.0,538.0,22.737306,88.351315,1,0.0,0,0,0,0,0,0,0,0.0,0,0,0,2.0,1,0,4.0,0,0,0,1,54.0,29,321.0,0.24
0.0,2310.0,2.672021502414428,0,4.0,1212.0,783.0,46.0,15.0,1.2297135143990388,3.753961788353753,2160.0,22.4439029807,88.2978736068,1,3.0,0,0,1,0,0,0,0,3.0,0,0,1,3.0,0,1,3.0,0,0,1,0,276.0,27,166.0,0.03
0.0,1987.0,2.0,1,2.0,1531.0,230.0,43.0,26.0,1.0,2.0,850.0,22.768977,88.378916,0,2.0,0,1,0,0,0,0,0,1.0,1,0,0,2.0,1,0,2.0,0,1,0,0,217.0,26,253.0,0.28
0.0,2038.0,2.0,6,5.0,893.0,60.0,43.0,36.0,1.0,2.0,1100.0,22.632687,88.450763,1,3.0,0,0,1,0,0,0,0,1.0,1,0,0,2.0,1,0,1.0,1,0,0,0,183.0,28,1.0,0.65
0.0,2939.0,1.0,3,4.0,517.0,4.0,43.0,47.0,0.0,0.0,320.0,22.483692,88.381771,1,5.0,0,0,0,0,1,0,0,1.0,1,0,0,2.0,1,0,3.0,0,0,1,0,193.0,27,31.0,0.125
0.0,1266.0,3.0,2,12.0,1120.0,504.0,43.0,1.0,2.0,9.0,1370.0,22.431361,88.396724,1,7.0,0,0,0,0,0,0,0,0.0,0,0,0,2.0,1,0,3.0,0,0,1,0,292.0,27,231.0,0.58
0.0,1377.0,1.0,3,4.0,1052.0,44.0,43.0,50.0,0.0,1.0,700.0,22.6041394,88.4232687,1,0.0,0,0,0,0,0,0,0,3.0,0,0,1,2.0,1,0,2.0,0,1,0,0,76.0,26,270.0,0.15
0.0,2049.0,3.0,6,4.0,910.0,419.0,43.0,2.0,1.0,3.0,1021.0,22.424575,88.403677,1,1.0,1,0,0,0,0,0,0,0.0,0,0,0,2.0,1,0,3.0,0,0,1,0,41.0,27,93.0,0.38
0.0,1455.0,2.0,1,4.0,360.0,172.0,43.0,15.0,1.0,2.0,798.0,22.44949,88.305626,1,1.0,1,0,0,0,0,0,0,0.0,0,0,0,2.0,1,0,3.0,0,0,1,0,213.0,27,166.0,0.2793
0.0,1604.0,3.0,1,3.0,817.0,569.0,42.0,10.0,2.0,3.0,1060.0,22.439576,88.435783,1,3.0,0,0,1,0,0,0,0,0.0,0,0,0,2.0,1,0,3.0,0,0,1,0,213.0,27,336.0,0.4
0.0,3904.0,2.0,1,12.0,747.0,305.0,42.0,50.0,1.0,4.0,905.0,22.496148,88.348219,1,6.0,0,0,0,0,0,1,0,0.0,0,0,0,2.0,1,0,3.0,0,0,1,0,82.0,27,359.0,0.82
0.0,1946.0,2.0,1,3.0,817.0,288.0,42.0,10.0,1.0,1.0,859.0,22.439576,88.435783,1,2.0,0,1,0,0,0,0,0,0.0,0,0,0,2.0,1,0,3.0,0,0,1,0,213.0,27,336.0,0.32
0.0,4073.0,3.0,1,4.0,1634.0,504.0,43.0,15.0,1.0,3.0,1166.0,22.424314,88.393749,1,4.0,0,0,0,1,0,0,0,0.0,0,0,0,2.0,1,0,3.0,0,0,1,0,261.0,27,231.0,0.45
0.0,610.0,3.0,2,5.0,768.0,390.0,43.0,50.0,1.0,2.0,1200.0,22.499087,88.314536,1,4.0,0,0,0,1,0,0,0,0.0,0,0,0,2.0,1,0,3.0,0,0,1,0,286.0,27,55.0,0.4
0.0,2854.0,2.0,3,4.0,695.0,99.0,43.0,50.0,0.0,1.0,975.0,22.5015719,88.3209437,1,6.0,0,0,0,0,0,1,0,0.0,0,0,0,2.0,1,0,3.0,0,0,1,0,286.0,27,55.0,0.32
0.0,511.0,2.0,2,4.0,46.0,184.0,43.0,47.0,1.0,4.0,805.0,22.593132,88.438086,0,0.0,0,0,0,0,0,0,0,1.0,1,0,0,2.0,1,0,2.0,0,1,0,0,45.0,26,181.0,0.25
0.0,2438.0,2.0,2,5.0,1522.0,184.0,43.0,49.0,1.0,2.0,933.0,22.597569,88.433155,1,0.0,0,0,0,0,0,0,0,1.0,1,0,0,2.0,1,0,2.0,0,1,0,0,75.0,26,181.0,0.415
0.0,4178.0,2.0,6,11.0,783.0,186.0,42.0,15.0,1.0,8.0,750.0,22.6998045,88.3111348,1,6.0,0,0,0,0,0,1,0,0.0,0,0,0,2.0,1,0,4.0,0,0,0,1,236.0,29,186.0,0.41
0.0,146.0,3.0,6,5.0,753.0,486.0,43.0,18.0,1.0,1.0,1325.0,22.689846,88.474359,1,5.0,0,0,0,0,1,0,0,0.0,0,0,0,2.0,1,0,2.0,0,1,0,0,213.0,26,195.0,0.46
0.0,3009.0,1.0,3,4.0,602.0,39.0,43.0,50.0,1.0,4.0,620.0,22.5073217,88.3404497,1,1.0,1,0,0,0,0,0,0,1.0,1,0,0,2.0,1,0,3.0,0,0,1,0,94.0,27,237.0,0.42
0.0,4122.0,3.0,1,45.0,1692.0,435.0,42.0,15.0,1.0,26.0,2867.0,22.548114,88.4004968,1,3.0,0,0,1,0,0,0,0,0.0,0,0,0,2.0,1,0,3.0,0,0,1,0,64.0,27,116.0,4.0
0.0,2724.0,1.0,5,4.0,1388.0,50.0,45.0,25.0,1.0,2.0,570.0,22.69924,88.38115,1,1.0,1,0,0,0,0,0,0,3.0,0,0,1,2.0,1,0,2.0,0,1,0,0,200.0,26,335.0,0.1895
0.0,1256.0,3.0,6,6.0,275.0,483.0,42.0,49.0,2.0,2.0,1227.0,22.6030366,88.4040291,1,5.0,0,0,0,0,1,0,0,0.0,0,0,0,2.0,1,0,2.0,0,1,0,0,172.0,26,192.0,0.71
0.0,2063.0,3.0,1,6.0,1238.0,433.0,43.0,28.0,1.0,3.0,1462.0,22.649895,88.379299,0,8.0,0,0,0,0,0,0,1,0.0,0,0,0,2.0,1,0,2.0,0,1,0,0,68.0,26,114.0,0.68
0.0,2788.0,2.0,2,4.0,134.0,305.0,43.0,50.0,1.0,1.0,995.0,22.52498,88.39054,1,0.0,0,0,0,0,0,0,0,1.0,1,0,0,2.0,1,0,3.0,0,0,1,0,197.0,27,359.0,0.55
0.0,4210.0,2.0,2,4.0,915.0,115.0,43.0,36.0,1.0,0.0,750.0,22.462262,88.3655156,1,0.0,0,0,0,0,0,0,0,3.0,0,0,1,2.0,1,0,3.0,0,0,1,0,89.0,27,76.0,0.27
0.0,3680.0,4.0,6,16.0,1620.0,705.0,42.0,15.0,1.0,12.0,1009.0,22.5539607,88.3710407,1,1.0,1,0,0,0,0,0,0,0.0,0,0,0,2.0,1,0,1.0,1,0,0,0,250.0,28,284.0,1.25
0.0,1537.0,2.0,5,20.0,1069.0,223.0,44.0,7.0,1.0,9.0,1090.0,22.570637,88.4617767,1,2.0,0,1,0,0,0,0,0,0.0,0,0,0,2.0,1,0,1.0,1,0,0,0,146.0,28,242.0,1.1
0.0,3331.0,3.0,5,5.0,495.0,472.0,45.0,9.0,1.0,3.0,1032.0,22.946702,88.439948,1,3.0,0,0,1,0,0,0,0,0.0,0,0,0,2.0,1,0,2.0,0,1,0,0,9.0,26,177.0,0.3302
0.0,193.0,3.0,6,11.0,660.0,429.0,42.0,15.0,1.0,5.0,1230.0,22.61631,88.40235,1,1.0,1,0,0,0,0,0,0,1.0,1,0,0,2.0,1,0,2.0,0,1,0,0,241.0,26,110.0,0.89
0.0,1619.0,2.0,6,4.0,368.0,146.0,43.0,49.0,1.0,3.0,1115.0,22.4766463,88.3732739,1,0.0,0,0,0,0,0,0,0,0.0,0,0,0,2.0,1,0,3.0,0,0,1,0,92.0,27,124.0,0.65
0.0,1132.0,2.0,5,5.0,495.0,178.0,45.0,34.0,1.0,3.0,800.0,22.97697206829967,88.4344250048263,1,3.0,0,0,1,0,0,0,0,0.0,0,0,0,2.0,1,0,2.0,0,1,0,0,11.0,26,174.0,0.24
0.0,3.0,3.0,3,5.0,641.0,429.0,43.0,34.0,1.0,4.0,1125.0,22.646176,88.42882,1,5.0,0,0,0,0,1,0,0,0.0,0,0,0,2.0,1,0,2.0,0,1,0,0,181.0,26,110.0,0.44
0.0,3225.0,3.0,6,33.0,440.0,513.0,42.0,15.0,1.0,14.0,1648.0,22.5659982,88.5199079,1,1.0,1,0,0,0,0,0,0,3.0,0,0,1,2.0,1,0,1.0,1,0,0,0,263.0,28,242.0,1.2
0.0,1861.0,3.0,1,18.0,1062.0,527.0,42.0,15.0,1.0,14.0,1800.0,22.548048,88.371908,1,0.0,0,0,0,0,0,0,0,3.0,0,0,1,2.0,1,0,3.0,0,0,1,0,147.0,27,262.0,2.45
0.0,573.0,3.0,1,12.0,400.0,462.0,42.0,15.0,1.0,8.0,1130.0,22.4439029807,88.2978736068,1,7.0,0,0,0,0,0,0,0,0.0,0,0,0,2.0,1,0,3.0,0,0,1,0,109.0,27,166.0,0.63
0.0,308.0,2.0,2,4.0,11.0,138.0,43.0,50.0,1.0,2.0,750.0,22.6157787,88.3940915,1,2.0,0,1,0,0,0,0,0,1.0,1,0,0,2.0,1,0,2.0,0,1,0,0,71.0,26,112.0,0.23
0.0,590.0,2.0,1,2.0,1492.0,218.0,43.0,41.0,1.0,0.0,800.0,22.486162,88.41222,1,3.0,0,0,1,0,0,0,0,0.0,0,0,0,2.0,1,0,3.0,0,0,1,0,189.0,27,236.0,0.26
0.0,589.0,3.0,1,4.0,144.0,507.0,43.0,28.0,1.0,1.0,951.0,22.483305,88.414696,1,6.0,0,0,0,0,0,1,0,0.0,0,0,0,2.0,1,0,3.0,0,0,1,0,189.0,27,236.0,0.4
0.0,3165.0,2.0,2,3.0,949.0,218.0,43.0,37.0,0.0,1.0,780.0,22.484138,88.413376,1,6.0,0,0,0,0,0,1,0,1.0,1,0,0,2.0,1,0,3.0,0,0,1,0,189.0,27,236.0,0.31
0.0,2251.0,4.0,1,3.0,1216.0,731.0,43.0,46.0,4.0,7.934391300069942,1799.0,22.47069,88.36166,1,3.0,0,0,1,0,0,0,0,1.0,1,0,0,0.0,0,0,3.0,0,0,1,0,89.0,27,45.0,0.95
0.0,276.0,3.0,5,4.0,799.0,444.0,45.0,50.0,1.0,3.0,1500.0,22.5226995,88.3671083,1,3.0,0,0,1,0,0,0,0,0.0,0,0,0,2.0,1,0,3.0,0,0,1,0,203.0,27,129.0,1.27
0.0,4102.0,2.0,6,7.0,1662.0,195.0,43.0,30.0,1.0,4.0,865.0,22.45365,88.38791,1,3.0,0,0,1,0,0,0,0,0.0,0,0,0,2.0,1,0,3.0,0,0,1,0,74.0,27,198.0,0.4800999999999999
0.0,446.0,2.672021502414428,0,3.0,607.0,794.0,2.0,18.0,1.2297135143990388,3.753961788353753,1500.0,22.4606071,88.3129969,1,3.0,0,0,1,0,0,0,0,3.0,0,0,1,3.0,0,1,3.0,0,0,1,0,206.0,27,355.0,0.0525
0.0,440.0,2.672021502414428,0,4.0,1241.0,783.0,2.0,14.0,1.2297135143990388,3.753961788353753,2160.0,22.457216,88.298579,1,3.0,0,0,1,0,0,0,0,3.0,0,0,1,3.0,0,1,3.0,0,0,1,0,139.0,27,166.0,0.18
0.0,3036.0,2.0,2,3.0,949.0,168.0,43.0,36.0,1.0,0.0,740.0,22.48817,88.41395,1,1.0,1,0,0,0,0,0,0,0.0,0,0,0,2.0,1,0,3.0,0,0,1,0,188.0,27,160.0,0.29
0.0,1420.0,1.0,1,4.0,873.0,14.0,43.0,12.0,0.0,1.0,561.0,22.882471,88.37341,1,6.0,0,0,0,0,0,1,0,0.0,0,0,0,2.0,1,0,4.0,0,0,0,1,41.0,29,84.0,0.095
0.0,3726.0,3.0,1,4.0,110.0,377.0,43.0,1.0,1.0,2.0,2326.0,22.416368,88.40141,1,6.0,0,0,0,0,0,1,0,0.0,0,0,0,2.0,1,0,3.0,0,0,1,0,41.0,27,39.0,3.0
0.0,1011.0,2.0,1,4.0,1053.0,142.0,43.0,36.0,1.0,1.0,836.0,22.45722,88.396324,1,3.0,0,0,1,0,0,0,0,0.0,0,0,0,2.0,1,0,3.0,0,0,1,0,80.0,27,116.0,0.4679999999999999
0.0,971.0,2.0,2,3.0,428.0,142.0,43.0,46.0,1.0,1.0,850.0,22.4805568,88.4058341,1,7.0,0,0,0,0,0,0,0,0.0,0,0,0,2.0,1,0,3.0,0,0,1,0,77.0,27,116.0,0.39
0.0,2811.0,2.0,3,4.0,508.0,152.0,43.0,50.0,1.0,4.0,900.0,22.4976568,88.352874,1,3.0,0,0,1,0,0,0,0,1.0,1,0,0,2.0,1,0,3.0,0,0,1,0,95.0,27,135.0,0.65
0.0,1131.0,3.0,5,5.0,495.0,469.0,45.0,34.0,1.0,2.0,1100.0,22.97697206829967,88.4344250048263,1,3.0,0,0,1,0,0,0,0,3.0,0,0,1,2.0,1,0,2.0,0,1,0,0,11.0,26,174.0,0.33
0.0,3217.0,3.0,1,14.0,210.0,513.0,42.0,7.0,1.0,10.0,690.0,22.568483,88.513756,1,2.0,0,1,0,0,0,0,0,0.0,0,0,0,2.0,1,0,1.0,1,0,0,0,10.0,28,242.0,0.46
0.0,2807.0,2.0,3,3.0,449.0,230.0,43.0,26.0,1.0,2.0,800.0,22.768748,88.378741,1,3.0,0,0,1,0,0,0,0,0.0,0,0,0,2.0,1,0,2.0,0,1,0,0,217.0,26,253.0,0.27
0.0,4055.0,3.0,6,4.0,1441.0,453.0,43.0,13.0,1.0,1.0,1250.0,22.6835634,88.3445588,1,4.0,0,0,0,1,0,0,0,0.0,0,0,0,2.0,1,0,4.0,0,0,0,1,213.0,29,151.0,0.34
0.0,4123.0,2.0,3,3.0,855.0,90.0,43.0,40.0,1.0,2.0,686.0,22.4661056,88.3610419,1,0.0,0,0,0,0,0,0,0,1.0,1,0,0,2.0,1,0,3.0,0,0,1,0,190.0,27,45.0,0.25
0.0,2426.0,2.0,1,5.0,1210.0,215.0,43.0,1.0,1.0,5.0,848.0,22.4230114,88.3960899,1,0.0,0,0,0,0,0,0,0,1.0,1,0,0,2.0,1,0,3.0,0,0,1,0,292.0,27,231.0,0.23
0.0,1004.0,2.0,1,4.0,115.0,139.0,43.0,50.0,1.0,2.0,1010.0,22.61059,88.41494,1,5.0,0,0,0,0,1,0,0,0.0,0,0,0,2.0,1,0,2.0,0,1,0,0,172.0,26,113.0,0.4
0.0,1159.0,2.672021502414428,0,4.0,542.0,774.0,41.0,28.0,1.2297135143990388,3.753961788353753,3226.0,22.60134,88.471506,1,1.0,1,0,0,0,0,0,0,3.0,0,0,1,3.0,0,1,1.0,1,0,0,0,185.0,28,3.0,2.24
0.0,914.0,2.0,5,5.0,1087.0,276.0,45.0,42.0,1.0,1.0,870.0,22.5735314,88.4331189,1,4.0,0,0,0,1,0,0,0,0.0,0,0,0,2.0,1,0,2.0,0,1,0,0,46.0,26,319.0,0.435
0.0,1009.0,3.0,6,24.0,450.0,577.0,42.0,8.0,2.0,10.0,1133.0,22.548158,88.382573,1,3.0,0,0,1,0,0,0,0,3.0,0,0,1,2.0,1,0,1.0,1,0,0,0,232.0,28,351.0,1.25
0.0,4134.0,2.0,3,1.0,903.0,208.0,43.0,49.0,1.0,1.0,887.0,22.62946,88.42207,1,3.0,0,0,1,0,0,0,0,1.0,1,0,0,2.0,1,0,2.0,0,1,0,0,180.0,26,222.0,0.45
0.0,1958.0,3.0,3,4.0,876.0,474.0,43.0,50.0,1.0,2.0,980.0,22.519587,88.376107,0,3.0,0,0,1,0,0,0,0,1.0,1,0,0,2.0,1,0,3.0,0,0,1,0,178.0,27,179.0,0.9
0.0,1235.0,2.0,3,5.0,51.0,252.0,43.0,35.0,1.0,3.0,914.0,22.6327207,88.4505331,1,6.0,0,0,0,0,0,1,0,1.0,1,0,0,2.0,1,0,1.0,1,0,0,0,183.0,28,284.0,0.45
0.0,1264.0,2.0,6,4.0,1501.0,211.0,43.0,48.0,1.0,2.0,750.0,22.473451,88.368155,1,4.0,0,0,0,1,0,0,0,0.0,0,0,0,2.0,1,0,3.0,0,0,1,0,89.0,27,225.0,0.32
0.0,1294.0,3.0,2,12.0,1122.0,471.0,42.0,14.0,1.0,1.0,1360.0,22.43858,88.395019,1,5.0,0,0,0,0,1,0,0,0.0,0,0,0,2.0,1,0,3.0,0,0,1,0,125.0,27,176.0,0.63
0.0,508.0,2.0,6,3.0,1619.0,157.0,43.0,48.0,1.0,3.0,710.0,22.4793162,88.337201,1,0.0,0,0,0,0,0,0,0,1.0,1,0,0,2.0,1,0,3.0,0,0,1,0,89.0,27,144.0,0.3728
0.0,583.0,3.0,1,3.0,1129.0,390.0,43.0,49.0,1.0,3.0,1200.0,22.4978086,88.3093517,1,0.0,0,0,0,0,0,0,0,0.0,0,0,0,2.0,1,0,3.0,0,0,1,0,287.0,27,55.0,0.5
0.0,3314.0,3.0,5,3.0,54.0,499.0,45.0,49.0,1.0,2.0,1338.0,22.4927324733,88.403800425,1,3.0,0,0,1,0,0,0,0,0.0,0,0,0,2.0,1,0,3.0,0,0,1,0,188.0,27,219.0,0.96
0.0,3466.0,2.0,1,5.0,996.0,86.0,43.0,50.0,2.0,4.0,950.0,22.532002,88.371851,1,0.0,0,0,0,0,0,0,0,3.0,0,0,1,2.0,1,0,3.0,0,0,1,0,291.0,27,39.0,0.92
0.0,2177.0,3.0,2,5.0,1735.0,544.0,42.0,1.0,2.0,3.0,1156.0,22.416875,88.400177,1,3.0,0,0,1,0,0,0,0,1.0,1,0,0,2.0,1,0,3.0,0,0,1,0,41.0,27,288.0,0.52
0.0,559.0,4.0,6,10.0,129.0,663.0,42.0,5.0,2.0,7.0,2200.0,22.6222953,88.4407903,1,4.0,0,0,0,1,0,0,0,0.0,0,0,0,2.0,1,0,1.0,1,0,0,0,22.0,28,86.0,2.1
0.0,3373.0,3.0,1,4.0,1330.0,387.0,43.0,29.0,1.0,3.0,1636.0,22.7719715,88.3734699,1,4.0,0,0,0,1,0,0,0,1.0,1,0,0,2.0,1,0,2.0,0,1,0,0,217.0,26,51.0,0.475
0.0,3679.0,4.0,6,16.0,1620.0,705.0,42.0,15.0,1.0,15.0,1010.0,22.5539607,88.3710407,1,3.0,0,0,1,0,0,0,0,0.0,0,0,0,2.0,1,0,1.0,1,0,0,0,250.0,28,284.0,1.32
0.0,3727.0,2.0,6,11.0,1567.0,223.0,42.0,8.0,2.0,10.0,793.0,22.6006912,88.4694535,0,1.0,1,0,0,0,0,0,0,0.0,0,0,0,2.0,1,0,1.0,1,0,0,0,134.0,28,242.0,0.475
0.0,3052.0,2.0,5,4.0,770.0,223.0,45.0,25.0,1.0,1.0,525.0,22.715388,88.378133,1,5.0,0,0,0,0,1,0,0,0.0,0,0,0,2.0,1,0,1.0,1,0,0,0,200.0,28,242.0,0.285
0.0,783.0,2.0,1,14.0,1472.0,76.0,42.0,11.0,1.0,10.0,906.0,22.6679074,88.375726,1,3.0,0,0,1,0,0,0,0,0.0,0,0,0,2.0,1,0,2.0,0,1,0,0,17.0,26,28.0,0.56
0.0,3405.0,4.0,5,11.0,974.0,652.0,44.0,8.0,2.0,10.0,1880.0,22.621845669308,88.380510050037,1,3.0,0,0,1,0,0,0,0,0.0,0,0,0,2.0,1,0,2.0,0,1,0,0,118.0,26,28.0,1.45
0.0,2672.0,2.0,2,11.0,723.0,232.0,43.0,15.0,1.0,2.0,957.0,22.589017,88.51032,1,1.0,1,0,0,0,0,0,0,3.0,0,0,1,2.0,1,0,1.0,1,0,0,0,26.0,28,255.0,0.47
0.0,182.0,3.0,1,7.0,1686.0,422.0,43.0,15.0,1.0,5.0,993.0,22.6276049,88.4455799,1,6.0,0,0,0,0,0,1,0,1.0,1,0,0,2.0,1,0,1.0,1,0,0,0,142.0,28,98.0,0.85
0.0,2051.0,2.0,6,5.0,1322.0,208.0,43.0,50.0,1.0,5.0,920.0,22.6187114,88.4102457,1,1.0,1,0,0,0,0,0,0,1.0,1,0,0,2.0,1,0,2.0,0,1,0,0,84.0,26,222.0,0.3864
0.0,183.0,3.0,6,6.0,1274.0,432.0,43.0,50.0,1.0,4.0,1136.0,22.61059,88.41494,1,3.0,0,0,1,0,0,0,0,0.0,0,0,0,2.0,1,0,2.0,0,1,0,0,172.0,26,113.0,0.568
0.0,57.0,2.0,1,18.0,162.0,206.0,43.0,49.0,1.0,10.0,1008.0,22.4927324733,88.403800425,1,1.0,1,0,0,0,0,0,0,2.0,0,1,0,2.0,1,0,3.0,0,0,1,0,188.0,27,219.0,0.83
0.0,332.0,2.0,2,4.0,79.0,296.0,43.0,49.0,1.0,1.0,720.0,22.49194,88.393071,0,6.0,0,0,0,0,0,1,0,0.0,0,0,0,2.0,1,0,3.0,0,0,1,0,188.0,27,348.0,0.35
0.0,3590.0,3.0,2,27.0,554.0,435.0,43.0,42.0,1.0,14.0,1328.0,22.548114,88.4004968,1,2.0,0,1,0,0,0,0,0,0.0,0,0,0,2.0,1,0,3.0,0,0,1,0,193.0,27,116.0,1.05
0.0,2940.0,2.0,1,4.0,458.0,252.0,42.0,7.0,1.0,1.0,852.0,22.641998,88.466071,1,5.0,0,0,0,0,1,0,0,0.0,0,0,0,2.0,1,0,1.0,1,0,0,0,146.0,28,284.0,0.42
0.0,4105.0,3.0,2,6.0,1487.0,422.0,43.0,39.0,2.0,4.0,1366.0,22.627175,88.444573,1,1.0,1,0,0,0,0,0,0,2.0,0,1,0,2.0,1,0,1.0,1,0,0,0,184.0,28,98.0,0.95
0.0,2483.0,1.0,1,5.0,1309.0,45.0,43.0,30.0,1.0,1.0,450.0,22.57539,88.47979,1,1.0,1,0,0,0,0,0,0,0.0,0,0,0,2.0,1,0,1.0,1,0,0,0,86.0,28,284.0,0.24
0.0,2920.0,2.0,6,4.0,1602.0,252.0,43.0,22.0,2.0,1.0,1111.0,22.586910964617,88.489379882812,1,0.0,0,0,0,0,0,0,0,1.0,1,0,0,2.0,1,0,1.0,1,0,0,0,87.0,28,284.0,0.49
0.0,517.0,2.0,6,4.0,61.0,61.0,43.0,41.0,1.0,4.0,1130.0,22.581047,88.462231,1,5.0,0,0,0,0,1,0,0,1.0,1,0,0,2.0,1,0,1.0,1,0,0,0,86.0,28,2.0,0.85
0.0,1915.0,3.0,1,4.0,737.0,416.0,43.0,26.0,1.0,3.0,1220.0,22.6098785,88.4960793,1,3.0,0,0,1,0,0,0,0,1.0,1,0,0,2.0,1,0,1.0,1,0,0,0,187.0,28,89.0,0.55
0.0,4100.0,2.0,1,2.0,95.0,148.0,43.0,49.0,1.0,2.0,700.0,22.497349,88.308541,1,4.0,0,0,0,1,0,0,0,1.0,1,0,0,2.0,1,0,3.0,0,0,1,0,287.0,27,128.0,0.41
0.0,2226.0,2.0,2,3.0,128.0,174.0,43.0,43.0,2.0,3.0,905.0,22.6343602,88.4388835,1,3.0,0,0,1,0,0,0,0,1.0,1,0,0,2.0,1,0,2.0,0,1,0,0,180.0,26,168.0,0.255
0.0,3663.0,3.0,5,18.0,22.0,583.0,45.0,48.0,1.0,8.0,1254.0,22.48192,88.3255,1,0.0,0,0,0,0,0,0,0,0.0,0,0,0,2.0,1,0,3.0,0,0,1,0,287.0,27,359.0,1.2
0.0,447.0,2.672021502414428,0,4.0,607.0,783.0,2.0,12.0,1.2297135143990388,3.753961788353753,1500.0,22.4439029807,88.2978736068,1,3.0,0,0,1,0,0,0,0,3.0,0,0,1,3.0,0,1,3.0,0,0,1,0,41.0,27,166.0,0.0524
0.0,444.0,2.672021502414428,0,3.0,1241.0,783.0,10.0,14.0,1.2297135143990388,3.753961788353753,1080.0,22.457216,88.298579,1,3.0,0,0,1,0,0,0,0,3.0,0,0,1,3.0,0,1,3.0,0,0,1,0,139.0,27,166.0,0.09
0.0,444.0,2.672021502414428,0,3.0,1229.0,794.0,10.0,18.0,1.2297135143990388,3.753961788353753,1440.0,22.4606071,88.3129969,1,4.0,0,0,0,1,0,0,0,3.0,0,0,1,3.0,0,1,3.0,0,0,1,0,206.0,27,355.0,0.12
0.0,451.0,2.672021502414428,0,4.0,607.0,794.0,12.0,18.0,1.2297135143990388,3.753961788353753,1400.0,22.4606071,88.3129969,1,6.0,0,0,0,0,0,1,0,3.0,0,0,1,3.0,0,1,3.0,0,0,1,0,206.0,27,355.0,0.0486
0.0,454.0,2.672021502414428,0,4.0,607.0,794.0,12.0,18.0,1.2297135143990388,3.753961788353753,1440.0,22.4606071,88.3129969,1,6.0,0,0,0,0,0,1,0,3.0,0,0,1,3.0,0,1,3.0,0,0,1,0,206.0,27,355.0,0.05
0.0,1302.0,2.672021502414428,0,4.0,608.0,794.0,2.0,49.0,1.2297135143990388,3.753961788353753,1800.0,22.536025,88.35469,1,3.0,0,0,1,0,0,0,0,3.0,0,0,1,3.0,0,1,3.0,0,0,1,0,164.0,27,355.0,0.0725
0.0,105.0,2.0,2,3.0,1535.0,71.0,43.0,29.0,1.0,2.0,908.0,22.756078,88.377017,1,6.0,0,0,0,0,0,1,0,2.0,0,1,0,2.0,1,0,2.0,0,1,0,0,282.0,26,16.0,0.3
0.0,1204.0,2.672021502414428,0,5.0,323.0,792.0,4.0,34.0,1.2297135143990388,3.753961788353753,1340.0,22.6328754,88.4458035,1,1.0,1,0,0,0,0,0,0,3.0,0,0,1,3.0,0,1,1.0,1,0,0,0,181.0,28,284.0,0.3
0.0,2868.0,5.0,3,3.0,1504.0,752.0,43.0,18.0,2.0,2.0,1800.0,22.46376,88.30718,1,6.0,0,0,0,0,0,1,0,0.0,0,0,0,2.0,1,0,3.0,0,0,1,0,213.0,27,357.0,0.66
0.0,2300.0,2.672021502414428,0,3.0,1131.0,783.0,26.0,12.0,1.2297135143990388,3.753961788353753,1800.0,22.440462,88.253225,1,0.0,0,0,0,0,0,0,0,3.0,0,0,1,3.0,0,1,3.0,0,0,1,0,33.0,27,166.0,0.0688
0.0,3056.0,2.0,1,4.0,873.0,122.0,43.0,12.0,1.0,2.0,756.0,22.882471,88.37341,1,4.0,0,0,0,1,0,0,0,0.0,0,0,0,2.0,1,0,4.0,0,0,0,1,41.0,29,84.0,0.1889999999999999
0.0,3206.0,3.0,2,4.0,1160.0,392.0,43.0,50.0,1.0,3.0,1100.0,22.492947,88.311905,1,3.0,0,0,1,0,0,0,0,0.0,0,0,0,2.0,1,0,3.0,0,0,1,0,287.0,27,57.0,0.38
0.0,1097.0,2.0,1,4.0,949.0,245.0,43.0,50.0,1.0,4.0,1036.0,22.499153,88.394905,1,4.0,0,0,0,1,0,0,0,0.0,0,0,0,2.0,1,0,3.0,0,0,1,0,192.0,27,272.0,0.5175
0.0,4211.0,1.0,1,4.0,721.0,7.0,42.0,15.0,1.0,0.0,510.0,22.730711,88.454462,1,1.0,1,0,0,0,0,0,0,1.0,1,0,0,2.0,1,0,2.0,0,1,0,0,239.0,26,48.0,0.14
0.0,4181.0,3.0,1,3.0,337.0,582.0,43.0,17.0,2.0,1.0,1020.0,22.4564682,88.3100411,1,0.0,0,0,0,0,0,0,0,3.0,0,0,1,2.0,1,0,3.0,0,0,1,0,206.0,27,356.0,0.35
0.0,2937.0,2.0,3,3.0,1432.0,147.0,43.0,50.0,1.0,3.0,650.0,22.4658051,88.384625,1,1.0,1,0,0,0,0,0,0,0.0,0,0,0,2.0,1,0,3.0,0,0,1,0,80.0,27,126.0,0.2
0.0,1162.0,2.672021502414428,0,5.0,540.0,774.0,23.0,28.0,1.2297135143990388,3.753961788353753,3226.0,22.60134,88.471506,1,5.0,0,0,0,0,1,0,0,3.0,0,0,1,3.0,0,1,1.0,1,0,0,0,185.0,28,3.0,2.23
0.0,509.0,3.0,5,2.0,897.0,638.0,44.0,22.0,3.0,6.157617605456906,1835.0,22.580456024324,88.496737179445,1,3.0,0,0,1,0,0,0,0,0.0,0,0,0,0.0,0,0,1.0,1,0,0,0,196.0,28,242.0,1.31
0.0,2412.0,3.0,6,4.0,1157.0,529.0,43.0,40.0,1.0,1.0,1406.0,22.5093029,88.2993924,1,3.0,0,0,1,0,0,0,0,0.0,0,0,0,2.0,1,0,3.0,0,0,1,0,286.0,27,264.0,0.75
0.0,3456.0,1.0,1,4.0,410.0,42.0,43.0,39.0,0.0,4.0,500.0,22.5915708,88.4687704,1,6.0,0,0,0,0,0,1,0,0.0,0,0,0,2.0,1,0,1.0,1,0,0,0,86.0,28,242.0,0.26
0.0,1500.0,2.0,6,3.0,1217.0,211.0,43.0,48.0,1.0,3.0,865.0,22.4782736,88.366881,1,5.0,0,0,0,0,1,0,0,0.0,0,0,0,2.0,1,0,3.0,0,0,1,0,190.0,27,225.0,0.37
0.0,319.0,2.0,5,18.0,1060.0,223.0,44.0,15.0,1.0,5.0,900.0,22.582182,88.487992,1,0.0,0,0,0,0,0,0,0,3.0,0,0,1,2.0,1,0,1.0,1,0,0,0,234.0,28,242.0,0.88
0.0,192.0,3.0,6,17.0,793.0,583.0,42.0,8.0,2.0,8.0,1001.0,22.489445,88.337073,1,1.0,1,0,0,0,0,0,0,0.0,0,0,0,2.0,1,0,3.0,0,0,1,0,118.0,27,359.0,1.25
0.0,2927.0,3.0,5,7.0,1662.0,441.0,45.0,50.0,1.0,4.0,1175.0,22.4658051,88.384625,1,3.0,0,0,1,0,0,0,0,0.0,0,0,0,2.0,1,0,3.0,0,0,1,0,80.0,27,126.0,0.6463
0.0,1585.0,3.0,3,4.0,1585.0,547.0,43.0,50.0,1.0,4.0,1422.0,22.48292,88.35413,1,5.0,0,0,0,0,1,0,0,2.0,0,1,0,2.0,1,0,3.0,0,0,1,0,89.0,27,292.0,0.8
0.0,4117.0,2.0,1,2.0,932.0,352.0,42.0,1.0,1.0,3.118350312197616,1059.0,22.413105,88.2483,1,1.0,1,0,0,0,0,0,0,1.0,1,0,0,0.0,0,0,3.0,0,0,1,0,41.0,27,166.0,0.3885
0.0,1955.0,3.0,1,2.0,932.0,636.0,42.0,1.0,2.0,4.8951240068106525,1575.0,22.413107,88.2481,1,6.0,0,0,0,0,0,1,0,1.0,1,0,0,0.0,0,0,3.0,0,0,1,0,41.0,27,166.0,0.6
0.0,1113.0,3.0,3,5.0,587.0,485.0,43.0,18.0,1.0,2.0,980.0,22.61707,88.31907,1,2.0,0,1,0,0,0,0,0,2.0,0,1,0,2.0,1,0,4.0,0,0,0,1,38.0,29,194.0,0.51
0.0,3199.0,2.0,2,4.0,1549.0,97.0,43.0,2.0,1.0,0.0,650.0,22.3269857,88.452047,1,0.0,0,0,0,0,0,0,0,0.0,0,0,0,2.0,1,0,3.0,0,0,1,0,41.0,27,52.0,0.13
0.0,3016.0,1.0,3,3.0,1497.0,50.0,43.0,25.0,1.0,3.0,520.0,22.69924,88.38115,1,0.0,0,0,0,0,0,0,0,0.0,0,0,0,2.0,1,0,2.0,0,1,0,0,200.0,26,335.0,0.15
0.0,2043.0,3.0,6,4.0,899.0,568.0,43.0,16.0,2.0,2.0,1420.0,22.6980444,88.3984502,1,6.0,0,0,0,0,0,1,0,0.0,0,0,0,2.0,1,0,2.0,0,1,0,0,200.0,26,335.0,0.426
0.0,507.0,3.0,6,15.0,1470.0,441.0,42.0,3.0,1.0,15.0,1323.0,22.407335,88.413744,1,1.0,1,0,0,0,0,0,0,0.0,0,0,0,2.0,1,0,3.0,0,0,1,0,41.0,27,126.0,0.59
0.0,429.0,2.672021502414428,0,3.0,457.0,783.0,47.0,12.0,1.2297135143990388,3.753961788353753,721.0,22.4439029807,88.2978736068,1,7.0,0,0,0,0,0,0,0,3.0,0,0,1,3.0,0,1,3.0,0,0,1,0,41.0,27,166.0,0.0139999999999999
0.0,4142.0,2.672021502414428,0,3.0,1727.0,783.0,37.0,12.0,1.2297135143990388,3.753961788353753,720.0,22.4439029807,88.2978736068,1,6.0,0,0,0,0,0,1,0,3.0,0,0,1,3.0,0,1,3.0,0,0,1,0,41.0,27,166.0,0.0169
0.0,310.0,2.0,2,8.0,415.0,196.0,42.0,8.0,1.0,1.0,565.0,22.51,88.23,1,3.0,0,0,1,0,0,0,0,1.0,1,0,0,2.0,1,0,3.0,0,0,1,0,118.0,27,199.0,0.28
0.0,4033.0,4.0,5,12.0,974.0,652.0,44.0,8.0,1.0,5.0,1970.0,22.621845669308,88.380510050037,0,0.0,0,0,0,0,0,0,0,0.0,0,0,0,2.0,1,0,2.0,0,1,0,0,118.0,26,28.0,1.35
0.0,3711.0,2.0,1,14.0,210.0,223.0,42.0,35.0,1.0,12.0,450.0,22.6006912,88.4694535,1,6.0,0,0,0,0,0,1,0,0.0,0,0,0,2.0,1,0,1.0,1,0,0,0,185.0,28,242.0,0.36
0.0,2638.0,3.0,6,23.0,102.0,513.0,42.0,15.0,2.0,20.0,1878.0,22.6006912,88.4694535,1,1.0,1,0,0,0,0,0,0,0.0,0,0,0,2.0,1,0,1.0,1,0,0,0,145.0,28,242.0,2.8
0.0,1639.0,1.0,1,4.0,1533.0,1.0,43.0,11.0,0.0,2.0,325.0,22.5687095,88.509137,1,0.0,0,0,0,0,0,0,0,1.0,1,0,0,2.0,1,0,1.0,1,0,0,0,10.0,28,6.0,0.22
0.0,2520.0,3.0,6,14.0,1533.0,358.0,43.0,11.0,1.0,11.0,900.0,22.569,88.510296,1,0.0,0,0,0,0,0,0,0,0.0,0,0,0,2.0,1,0,1.0,1,0,0,0,10.0,28,6.0,0.57
0.0,3507.0,2.0,1,14.0,550.0,196.0,43.0,9.0,1.0,13.0,720.0,22.51,88.23,1,3.0,0,0,1,0,0,0,0,0.0,0,0,0,2.0,1,0,3.0,0,0,1,0,213.0,27,199.0,0.24
0.0,913.0,3.0,6,4.0,332.0,488.0,43.0,31.0,2.0,1.0,1000.0,22.4548087,88.3888752,1,7.0,0,0,0,0,0,0,0,0.0,0,0,0,2.0,1,0,3.0,0,0,1,0,74.0,27,198.0,0.45
0.0,3723.0,3.0,1,9.0,205.0,513.0,43.0,37.0,3.0,6.0,2923.0,22.624914,88.4514512,1,4.0,0,0,0,1,0,0,0,0.0,0,0,0,2.0,1,0,1.0,1,0,0,0,183.0,28,242.0,1.85
0.0,2966.0,3.0,5,2.0,1452.0,636.0,45.0,10.0,2.0,4.8951240068106525,1800.0,22.451458,88.261772,1,3.0,0,0,1,0,0,0,0,0.0,0,0,0,0.0,0,0,3.0,0,0,1,0,156.0,27,166.0,0.45
0.0,2633.0,4.0,1,5.0,949.0,696.0,43.0,35.0,2.0,2.0,2200.0,22.574816,88.46752,1,8.0,0,0,0,0,0,0,1,0.0,0,0,0,2.0,1,0,1.0,1,0,0,0,85.0,28,243.0,1.45
0.0,4191.0,2.0,5,5.0,1642.0,305.0,45.0,50.0,1.0,3.0,1110.0,22.5,88.35,1,3.0,0,0,1,0,0,0,0,0.0,0,0,0,2.0,1,0,3.0,0,0,1,0,95.0,27,359.0,0.88
0.0,3334.0,3.0,5,12.0,782.0,508.0,44.0,9.0,1.0,5.0,1257.0,22.5143577,88.3251456,1,3.0,0,0,1,0,0,0,0,0.0,0,0,0,2.0,1,0,3.0,0,0,1,0,118.0,27,237.0,1.8
0.0,597.0,1.0,1,2.0,1493.0,38.0,43.0,41.0,1.0,1.0,460.0,22.486198,88.41227,1,7.0,0,0,0,0,0,0,0,0.0,0,0,0,2.0,1,0,3.0,0,0,1,0,189.0,27,236.0,0.16
0.0,600.0,3.0,1,4.0,672.0,507.0,43.0,43.0,2.0,1.0,2025.0,22.4875166,88.4110001,1,5.0,0,0,0,0,1,0,0,0.0,0,0,0,2.0,1,0,3.0,0,0,1,0,189.0,27,236.0,0.9173
0.0,2141.0,2.0,1,4.0,949.0,218.0,43.0,26.0,1.0,2.0,712.0,22.484146,88.41668,1,4.0,0,0,0,1,0,0,0,0.0,0,0,0,2.0,1,0,3.0,0,0,1,0,188.0,27,236.0,0.299
0.0,4015.0,3.0,1,3.0,949.0,499.0,43.0,26.0,1.0,1.0,1325.0,22.484146,88.41668,1,3.0,0,0,1,0,0,0,0,0.0,0,0,0,2.0,1,0,3.0,0,0,1,0,188.0,27,219.0,0.5565
0.0,757.0,2.0,1,3.0,1037.0,218.0,43.0,44.0,0.0,2.0,742.0,22.484772,88.41136,1,1.0,1,0,0,0,0,0,0,0.0,0,0,0,2.0,1,0,3.0,0,0,1,0,88.0,27,236.0,0.305
0.0,2262.0,1.0,1,3.0,263.0,29.0,43.0,50.0,1.0,2.0,600.0,22.519587,88.376107,1,0.0,0,0,0,0,0,0,0,3.0,0,0,1,2.0,1,0,3.0,0,0,1,0,178.0,27,179.0,0.18
0.0,446.0,2.672021502414428,0,3.0,607.0,783.0,2.0,12.0,1.2297135143990388,3.753961788353753,1800.0,22.4439029807,88.2978736068,1,3.0,0,0,1,0,0,0,0,3.0,0,0,1,3.0,0,1,3.0,0,0,1,0,41.0,27,166.0,0.0625
0.0,446.0,2.672021502414428,0,3.0,607.0,783.0,2.0,12.0,1.2297135143990388,3.753961788353753,720.0,22.4439029807,88.2978736068,1,1.0,1,0,0,0,0,0,0,3.0,0,0,1,3.0,0,1,3.0,0,0,1,0,41.0,27,166.0,0.0275
0.0,441.0,2.672021502414428,0,4.0,462.0,781.0,12.0,39.0,1.2297135143990388,3.753961788353753,1800.0,22.6235821,88.4410411,1,6.0,0,0,0,0,0,1,0,3.0,0,0,1,3.0,0,1,1.0,1,0,0,0,183.0,28,86.0,0.216
0.0,445.0,2.672021502414428,0,3.0,607.0,794.0,2.0,18.0,1.2297135143990388,3.753961788353753,1500.0,22.4606071,88.3129969,1,3.0,0,0,1,0,0,0,0,3.0,0,0,1,3.0,0,1,3.0,0,0,1,0,206.0,27,355.0,0.0525
0.0,444.0,2.672021502414428,0,3.0,1241.0,793.0,10.0,45.0,1.2297135143990388,3.753961788353753,1800.0,22.4788135,88.3090479,1,3.0,0,0,1,0,0,0,0,3.0,0,0,1,3.0,0,1,3.0,0,0,1,0,287.0,27,303.0,0.15
0.0,1129.0,2.672021502414428,0,3.0,1241.0,779.0,46.0,49.0,1.2297135143990388,3.753961788353753,1440.0,22.4978086,88.3093517,1,3.0,0,0,1,0,0,0,0,3.0,0,0,1,3.0,0,1,3.0,0,0,1,0,287.0,27,55.0,0.1192
0.0,451.0,2.672021502414428,0,4.0,607.0,783.0,2.0,12.0,1.2297135143990388,3.753961788353753,1500.0,22.4439029807,88.2978736068,1,3.0,0,0,1,0,0,0,0,3.0,0,0,1,3.0,0,1,3.0,0,0,1,0,41.0,27,166.0,0.5632
0.0,451.0,2.672021502414428,0,4.0,607.0,794.0,2.0,18.0,1.2297135143990388,3.753961788353753,1500.0,22.4606071,88.3129969,1,3.0,0,0,1,0,0,0,0,3.0,0,0,1,3.0,0,1,3.0,0,0,1,0,206.0,27,355.0,0.052
0.0,439.0,2.672021502414428,0,4.0,609.0,783.0,35.0,12.0,1.2297135143990388,3.753961788353753,2160.0,22.4439029807,88.2978736068,1,6.0,0,0,0,0,0,1,0,3.0,0,0,1,3.0,0,1,3.0,0,0,1,0,41.0,27,166.0,0.075
0.0,452.0,2.672021502414428,0,4.0,607.0,794.0,2.0,18.0,1.2297135143990388,3.753961788353753,1500.0,22.4606071,88.3129969,1,3.0,0,0,1,0,0,0,0,3.0,0,0,1,3.0,0,1,3.0,0,0,1,0,206.0,27,355.0,0.0525
0.0,453.0,2.672021502414428,0,4.0,607.0,783.0,12.0,12.0,1.2297135143990388,3.753961788353753,1200.0,22.4439029807,88.2978736068,1,6.0,0,0,0,0,0,1,0,3.0,0,0,1,3.0,0,1,3.0,0,0,1,0,41.0,27,166.0,0.0416
0.0,2070.0,2.0,1,4.0,1136.0,252.0,43.0,25.0,2.0,2.0,878.0,22.6230939,88.496824,1,4.0,0,0,0,1,0,0,0,1.0,1,0,0,2.0,1,0,1.0,1,0,0,0,214.0,28,284.0,0.42
0.0,1169.0,3.0,2,8.0,949.0,355.0,43.0,41.0,2.0,3.0,1482.0,22.581047,88.462231,1,6.0,0,0,0,0,0,1,0,0.0,0,0,0,2.0,1,0,1.0,1,0,0,0,86.0,28,2.0,0.9
0.0,925.0,2.672021502414428,0,4.0,949.0,774.0,16.0,28.0,1.2297135143990388,3.753961788353753,1612.0,22.60134,88.471506,1,0.0,0,0,0,0,0,0,0,3.0,0,0,1,3.0,0,1,1.0,1,0,0,0,185.0,28,3.0,1.5
0.0,929.0,2.672021502414428,0,4.0,949.0,790.0,16.0,38.0,1.2297135143990388,3.753961788353753,3239.0,22.627955,88.457437,1,0.0,0,0,0,0,0,0,0,3.0,0,0,1,3.0,0,1,1.0,1,0,0,0,183.0,28,248.0,2.5
0.0,3188.0,2.0,6,3.0,1217.0,211.0,43.0,48.0,1.0,2.0,860.0,22.4782737,88.3669033,1,5.0,0,0,0,0,1,0,0,0.0,0,0,0,2.0,1,0,3.0,0,0,1,0,190.0,27,225.0,0.38
0.0,2291.0,2.0,1,20.0,1121.0,215.0,42.0,7.0,1.0,6.0,1036.0,22.440427,88.401162,1,3.0,0,0,1,0,0,0,0,0.0,0,0,0,2.0,1,0,3.0,0,0,1,0,153.0,27,231.0,0.57
0.0,2293.0,3.0,1,20.0,1121.0,504.0,42.0,7.0,1.0,12.0,1424.0,22.440427,88.401162,1,6.0,0,0,0,0,0,1,0,0.0,0,0,0,2.0,1,0,3.0,0,0,1,0,153.0,27,231.0,0.7356
0.0,552.0,3.0,5,18.0,1659.0,435.0,45.0,42.0,2.0,14.0,1258.0,22.548114,88.4004968,1,3.0,0,0,1,0,0,0,0,0.0,0,0,0,2.0,1,0,3.0,0,0,1,0,193.0,27,116.0,1.16
0.0,909.0,3.0,5,14.0,1444.0,435.0,45.0,42.0,1.0,8.0,1400.0,22.548114,88.4004968,1,3.0,0,0,1,0,0,0,0,0.0,0,0,0,2.0,1,0,3.0,0,0,1,0,193.0,27,116.0,0.83
0.0,3725.0,2.0,5,4.0,523.0,288.0,45.0,10.0,1.0,2.0,784.0,22.439576,88.435783,1,3.0,0,0,1,0,0,0,0,0.0,0,0,0,2.0,1,0,3.0,0,0,1,0,213.0,27,336.0,0.324
0.0,2048.0,3.0,1,4.0,910.0,544.0,43.0,1.0,1.0,2.0,1036.0,22.422098,88.396034,1,8.0,0,0,0,0,0,0,1,3.0,0,0,1,2.0,1,0,3.0,0,0,1,0,292.0,27,288.0,0.36
0.0,1082.0,3.0,5,5.0,869.0,377.0,45.0,49.0,1.0,4.0,1570.0,22.533,88.359,1,3.0,0,0,1,0,0,0,0,0.0,0,0,0,2.0,1,0,3.0,0,0,1,0,290.0,27,39.0,2.0
0.0,1082.0,3.0,5,5.0,868.0,377.0,45.0,49.0,1.0,4.0,1438.0,22.533,88.359,1,5.0,0,0,0,0,1,0,0,0.0,0,0,0,2.0,1,0,3.0,0,0,1,0,290.0,27,39.0,1.85
0.0,968.0,3.0,1,4.0,422.0,439.0,43.0,36.0,1.0,1.0,1329.0,22.4594186,88.4000775,1,1.0,1,0,0,0,0,0,0,0.0,0,0,0,2.0,1,0,3.0,0,0,1,0,78.0,27,122.0,0.65
0.0,967.0,2.0,2,3.0,421.0,206.0,43.0,48.0,1.0,3.0,891.0,22.4796198,88.4051595,1,7.0,0,0,0,0,0,0,0,0.0,0,0,0,2.0,1,0,3.0,0,0,1,0,77.0,27,219.0,0.4
0.0,970.0,2.0,1,12.0,427.0,218.0,42.0,8.0,1.0,3.0,1027.0,22.485722,88.416098,1,3.0,0,0,1,0,0,0,0,0.0,0,0,0,2.0,1,0,3.0,0,0,1,0,148.0,27,236.0,0.75
0.0,2458.0,3.0,3,3.0,425.0,435.0,43.0,50.0,1.0,3.0,1358.0,22.505013,88.396876,1,8.0,0,0,0,0,0,0,1,1.0,1,0,0,2.0,1,0,3.0,0,0,1,0,192.0,27,116.0,0.85
0.0,924.0,2.0,1,4.0,432.0,218.0,43.0,39.0,1.0,4.0,832.0,22.4820724,88.4109582,1,6.0,0,0,0,0,0,1,0,0.0,0,0,0,2.0,1,0,3.0,0,0,1,0,77.0,27,236.0,0.38
0.0,2306.0,2.0,2,19.0,83.0,120.0,43.0,46.0,2.0,2.0,1200.0,22.4769824,88.3998223,1,0.0,0,0,0,0,0,0,0,0.0,0,0,0,2.0,1,0,3.0,0,0,1,0,77.0,27,82.0,0.95
0.0,1373.0,1.0,3,20.0,1682.0,20.0,43.0,45.0,1.0,3.0,582.0,22.4754952,88.4004149,1,8.0,0,0,0,0,0,0,1,0.0,0,0,0,2.0,1,0,3.0,0,0,1,0,77.0,27,126.0,0.28
0.0,1370.0,2.0,3,20.0,1682.0,147.0,43.0,46.0,1.0,4.0,836.0,22.4749917,88.4001568,1,8.0,0,0,0,0,0,0,1,0.0,0,0,0,2.0,1,0,3.0,0,0,1,0,77.0,27,126.0,0.52
0.0,1624.0,2.0,2,3.0,1554.0,296.0,43.0,50.0,1.0,1.0,1081.0,22.4875903,88.3898369,1,4.0,0,0,0,1,0,0,0,0.0,0,0,0,2.0,1,0,3.0,0,0,1,0,91.0,27,348.0,0.525
0.0,916.0,3.0,3,5.0,1409.0,583.0,43.0,50.0,1.0,3.0,1705.0,22.495789,88.34849,1,5.0,0,0,0,0,1,0,0,3.0,0,0,1,2.0,1,0,3.0,0,0,1,0,82.0,27,359.0,1.3
0.0,2305.0,1.0,1,4.0,424.0,3.0,42.0,15.0,1.0,2.0,511.0,22.416704,88.40794,1,8.0,0,0,0,0,0,0,1,0.0,0,0,0,2.0,1,0,3.0,0,0,1,0,249.0,27,23.0,0.235
0.0,3287.0,3.0,6,24.0,1397.0,369.0,42.0,8.0,1.0,8.0,1495.0,22.645631,88.382354,1,3.0,0,0,1,0,0,0,0,0.0,0,0,0,2.0,1,0,2.0,0,1,0,0,118.0,26,28.0,0.93
0.0,2909.0,3.0,5,4.0,1595.0,513.0,45.0,35.0,2.0,2.0,1250.0,22.6006912,88.4694535,1,4.0,0,0,0,1,0,0,0,0.0,0,0,0,2.0,1,0,1.0,1,0,0,0,185.0,28,242.0,0.71
0.0,487.0,3.0,3,4.0,1313.0,504.0,43.0,18.0,1.0,3.0,1150.0,22.44792,88.40389,1,3.0,0,0,1,0,0,0,0,0.0,0,0,0,2.0,1,0,3.0,0,0,1,0,201.0,27,231.0,0.53
0.0,495.0,2.0,3,4.0,190.0,195.0,43.0,30.0,1.0,3.0,900.0,22.45365,88.38791,1,1.0,1,0,0,0,0,0,0,0.0,0,0,0,2.0,1,0,3.0,0,0,1,0,74.0,27,198.0,0.37
0.0,3101.0,2.0,1,13.0,1551.0,223.0,43.0,26.0,1.0,4.0,831.0,22.6210407,88.4832865,1,3.0,0,0,1,0,0,0,0,0.0,0,0,0,2.0,1,0,1.0,1,0,0,0,209.0,28,242.0,0.425
0.0,4172.0,3.0,5,3.0,385.0,402.0,45.0,25.0,1.0,2.0,1004.0,22.715388,88.378133,1,6.0,0,0,0,0,0,1,0,0.0,0,0,0,2.0,1,0,2.0,0,1,0,0,200.0,26,71.0,0.3714
0.0,3045.0,2.0,1,25.0,566.0,223.0,42.0,15.0,1.0,3.0,1085.0,22.571168,88.448828,1,3.0,0,0,1,0,0,0,0,0.0,0,0,0,2.0,1,0,1.0,1,0,0,0,259.0,28,242.0,0.85
0.0,489.0,3.0,3,4.0,1313.0,504.0,43.0,4.0,1.0,2.0,1100.0,22.4382376,88.3970519,1,3.0,0,0,1,0,0,0,0,1.0,1,0,0,2.0,1,0,3.0,0,0,1,0,36.0,27,231.0,0.55
0.0,2526.0,2.0,3,3.0,1078.0,136.0,43.0,32.0,1.0,3.0,740.0,22.64655,88.436826,1,0.0,0,0,0,0,0,0,0,3.0,0,0,1,2.0,1,0,2.0,0,1,0,0,181.0,26,110.0,0.1975
0.0,1120.0,1.0,2,3.0,1486.0,35.0,43.0,9.0,1.0,3.0,402.0,22.51,88.23,1,0.0,0,0,0,0,0,0,0,0.0,0,0,0,2.0,1,0,3.0,0,0,1,0,213.0,27,199.0,0.115
0.0,225.0,3.0,1,4.0,413.0,581.0,43.0,17.0,1.0,1.0,1225.0,22.456568,88.3163,1,7.0,0,0,0,0,0,0,0,0.0,0,0,0,2.0,1,0,3.0,0,0,1,0,206.0,27,355.0,0.35
0.0,110.0,2.0,1,14.0,400.0,172.0,42.0,15.0,2.0,3.0,890.0,22.440842,88.298127,1,7.0,0,0,0,0,0,0,0,0.0,0,0,0,2.0,1,0,3.0,0,0,1,0,109.0,27,166.0,0.45
0.0,107.0,2.0,1,3.0,1480.0,305.0,43.0,50.0,1.0,3.0,930.0,22.490139,88.344925,1,3.0,0,0,1,0,0,0,0,0.0,0,0,0,2.0,1,0,3.0,0,0,1,0,89.0,27,359.0,0.52
0.0,29.0,1.0,2,4.0,1367.0,42.0,43.0,37.0,1.0,2.0,400.0,22.629392,88.456195,1,4.0,0,0,0,1,0,0,0,0.0,0,0,0,2.0,1,0,1.0,1,0,0,0,183.0,28,242.0,0.28
0.0,1364.0,3.0,3,4.0,1303.0,529.0,43.0,38.0,2.0,2.0,1900.0,22.509326,88.301471,1,0.0,0,0,0,0,0,0,0,1.0,1,0,0,2.0,1,0,3.0,0,0,1,0,286.0,27,264.0,0.85
0.0,1892.0,4.0,5,29.0,59.0,710.0,44.0,8.0,2.0,20.0,2085.0,22.737313,88.351235,1,5.0,0,0,0,0,1,0,0,3.0,0,0,1,2.0,1,0,4.0,0,0,0,1,118.0,29,321.0,0.795
0.0,1596.0,2.0,5,29.0,59.0,277.0,44.0,8.0,1.0,12.0,887.0,22.737313,88.351235,1,1.0,1,0,0,0,0,0,0,3.0,0,0,1,2.0,1,0,4.0,0,0,0,1,118.0,29,321.0,0.324
0.0,181.0,3.0,1,7.0,16.0,412.0,42.0,50.0,1.0,1.0,1769.0,22.5140667,88.3378828,1,6.0,0,0,0,0,0,1,0,0.0,0,0,0,2.0,1,0,3.0,0,0,1,0,53.0,27,85.0,1.24
0.0,418.0,3.0,5,12.0,795.0,583.0,44.0,15.0,1.0,2.0,986.0,22.493355,88.340365,1,3.0,0,0,1,0,0,0,0,0.0,0,0,0,2.0,1,0,3.0,0,0,1,0,104.0,27,359.0,1.15
0.0,3433.0,4.0,5,30.0,1622.0,695.0,45.0,35.0,4.0,27.0,1925.0,22.6006912,88.4694535,1,3.0,0,0,1,0,0,0,0,0.0,0,0,0,2.0,1,0,1.0,1,0,0,0,185.0,28,242.0,1.48
0.0,781.0,2.0,6,16.0,1040.0,142.0,43.0,3.0,1.0,6.0,941.0,22.4068505,88.4132341,1,0.0,0,0,0,0,0,0,0,0.0,0,0,0,2.0,1,0,3.0,0,0,1,0,41.0,27,116.0,0.45
0.0,3441.0,7.0,2,1.0,757.0,763.0,43.0,24.0,3.0,1.0,2310.0,22.696664,88.37127,1,5.0,0,0,0,0,1,0,0,1.0,1,0,0,2.0,1,0,2.0,0,1,0,0,200.0,26,261.0,1.1
0.0,2420.0,7.0,2,2.0,1570.0,764.0,43.0,25.0,2.0,6.9522443906777855,2297.0,22.68514,88.38201,1,4.0,0,0,0,1,0,0,0,1.0,1,0,0,0.0,0,0,2.0,0,1,0,0,200.0,26,7.0,1.28
0.0,1025.0,2.0,6,14.0,1472.0,76.0,42.0,11.0,1.0,11.0,1035.0,22.6688813,88.3752589,1,6.0,0,0,0,0,0,1,0,2.0,0,1,0,2.0,1,0,2.0,0,1,0,0,17.0,26,28.0,0.76
0.0,2460.0,3.0,1,5.0,1325.0,566.0,43.0,35.0,1.0,2.0,1153.0,22.6328745,88.3763702,1,3.0,0,0,1,0,0,0,0,1.0,1,0,0,2.0,1,0,2.0,0,1,0,0,97.0,26,333.0,0.625
0.0,2938.0,2.0,3,3.0,1009.0,285.0,43.0,35.0,1.0,3.0,460.0,22.6281521,88.383412,1,4.0,0,0,0,1,0,0,0,1.0,1,0,0,2.0,1,0,2.0,0,1,0,0,81.0,26,331.0,0.18
0.0,4171.0,2.0,1,14.0,553.0,196.0,42.0,5.0,1.0,1.0,712.0,22.511184,88.21613,1,5.0,0,0,0,0,1,0,0,3.0,0,0,1,2.0,1,0,3.0,0,0,1,0,213.0,27,199.0,0.23
0.0,3732.0,1.0,5,5.0,1151.0,33.0,45.0,26.0,1.0,3.0,423.0,22.694737,88.452862,1,4.0,0,0,0,1,0,0,0,0.0,0,0,0,2.0,1,0,2.0,0,1,0,0,200.0,26,195.0,0.1438
0.0,3731.0,2.0,5,5.0,1152.0,193.0,45.0,26.0,1.0,2.0,831.0,22.694737,88.452862,1,6.0,0,0,0,0,0,1,0,0.0,0,0,0,2.0,1,0,2.0,0,1,0,0,200.0,26,195.0,0.2867
0.0,4121.0,3.0,2,45.0,1692.0,435.0,42.0,15.0,0.0,21.0,2371.0,22.512772,88.410254,1,5.0,0,0,0,0,1,0,0,0.0,0,0,0,2.0,1,0,3.0,0,0,1,0,64.0,27,116.0,3.6
0.0,1995.0,2.0,2,4.0,876.0,182.0,43.0,50.0,1.0,1.0,1150.0,22.518365,88.388831,1,8.0,0,0,0,0,0,0,1,1.0,1,0,0,2.0,1,0,3.0,0,0,1,0,197.0,27,179.0,0.85
0.0,1616.0,4.0,6,19.0,833.0,720.0,42.0,10.0,2.0,12.0,1700.0,22.492559,88.339088,1,0.0,0,0,0,0,0,0,0,0.0,0,0,0,2.0,1,0,3.0,0,0,1,0,116.0,27,359.0,2.5
0.0,1952.0,3.0,6,19.0,833.0,583.0,42.0,10.0,1.0,15.0,1080.0,22.492559,88.339088,1,0.0,0,0,0,0,0,0,0,0.0,0,0,0,2.0,1,0,3.0,0,0,1,0,116.0,27,359.0,1.5
0.0,4026.0,3.0,2,20.0,357.0,583.0,43.0,49.0,1.0,7.0,1436.0,22.486843,88.338949,1,0.0,0,0,0,0,0,0,0,1.0,1,0,0,2.0,1,0,3.0,0,0,1,0,89.0,27,359.0,1.1
0.0,268.0,3.0,5,12.0,1086.0,513.0,44.0,15.0,1.0,5.0,1261.0,22.567551,88.463143,1,1.0,1,0,0,0,0,0,0,0.0,0,0,0,2.0,1,0,1.0,1,0,0,0,144.0,28,242.0,1.05
0.0,2369.0,3.0,1,19.0,502.0,568.0,43.0,25.0,1.0,5.0,1101.0,22.69924,88.38115,1,1.0,1,0,0,0,0,0,0,0.0,0,0,0,2.0,1,0,2.0,0,1,0,0,200.0,26,335.0,0.59
0.0,2129.0,3.0,1,4.0,949.0,413.0,43.0,41.0,1.0,3.0,1236.0,22.58785,88.454834,1,7.0,0,0,0,0,0,0,0,0.0,0,0,0,2.0,1,0,1.0,1,0,0,0,86.0,28,86.0,0.62
0.0,3509.0,2.0,3,17.0,162.0,206.0,43.0,49.0,2.0,16.0,1700.0,22.4927324733,88.403800425,1,3.0,0,0,1,0,0,0,0,2.0,0,1,0,2.0,1,0,3.0,0,0,1,0,188.0,27,219.0,1.9
0.0,32.0,2.0,3,5.0,307.0,315.0,43.0,49.0,1.0,1.0,950.0,22.536025,88.35469,1,0.0,0,0,0,0,0,0,0,1.0,1,0,0,2.0,1,0,3.0,0,0,1,0,164.0,27,385.0,0.67
0.0,999.0,3.0,2,5.0,109.0,604.0,43.0,49.0,2.0,2.0,1800.0,22.536025,88.35469,1,3.0,0,0,1,0,0,0,0,1.0,1,0,0,2.0,1,0,3.0,0,0,1,0,164.0,27,387.0,1.9
0.0,132.0,3.0,3,4.0,1514.0,603.0,43.0,49.0,1.0,4.0,1525.0,22.536025,88.35469,1,6.0,0,0,0,0,0,1,0,1.0,1,0,0,2.0,1,0,3.0,0,0,1,0,164.0,27,386.0,1.65
0.0,3419.0,4.0,6,10.0,129.0,663.0,42.0,5.0,2.0,9.0,2155.0,22.622998,88.441203,1,4.0,0,0,0,1,0,0,0,0.0,0,0,0,2.0,1,0,1.0,1,0,0,0,22.0,28,86.0,2.05
0.0,556.0,3.0,6,10.0,129.0,413.0,42.0,5.0,1.0,2.0,1784.0,22.622998,88.441203,1,3.0,0,0,1,0,0,0,0,0.0,0,0,0,2.0,1,0,1.0,1,0,0,0,22.0,28,86.0,1.45
0.0,2456.0,2.672021502414428,0,3.0,1482.0,787.0,9.0,15.0,1.2297135143990388,3.753961788353753,1439.0,22.6006912,88.4694535,1,0.0,0,0,0,0,0,0,0,3.0,0,0,1,3.0,0,1,1.0,1,0,0,0,226.0,28,242.0,0.148
0.0,2179.0,3.0,6,5.0,776.0,548.0,42.0,8.0,0.0,4.0,1415.0,22.5163345,88.3446122,1,1.0,1,0,0,0,0,0,0,0.0,0,0,0,2.0,1,0,3.0,0,0,1,0,118.0,27,293.0,1.45
0.0,698.0,2.0,1,3.0,930.0,83.0,43.0,49.0,1.0,2.0,785.0,22.47181,88.37459,1,4.0,0,0,0,1,0,0,0,0.0,0,0,0,2.0,1,0,3.0,0,0,1,0,80.0,27,35.0,0.45
0.0,3587.0,3.0,1,5.0,894.0,597.0,43.0,41.0,1.0,1.0,940.0,22.585785,88.46386,0,4.0,0,0,0,1,0,0,0,0.0,0,0,0,2.0,1,0,1.0,1,0,0,0,86.0,28,378.0,0.75
0.0,4034.0,4.0,6,10.0,129.0,663.0,42.0,5.0,2.0,6.0,2605.0,22.622998,88.441203,1,3.0,0,0,1,0,0,0,0,0.0,0,0,0,2.0,1,0,1.0,1,0,0,0,22.0,28,86.0,2.4
0.0,2015.0,3.0,1,3.0,18.0,486.0,43.0,26.0,1.0,3.0,1040.0,22.694737,88.452862,1,3.0,0,0,1,0,0,0,0,0.0,0,0,0,2.0,1,0,2.0,0,1,0,0,200.0,26,195.0,0.245
0.0,2202.0,2.672021502414428,0,4.0,536.0,773.0,16.0,41.0,1.2297135143990388,3.753961788353753,1612.0,22.581047,88.462231,1,1.0,1,0,0,0,0,0,0,3.0,0,0,1,3.0,0,1,1.0,1,0,0,0,86.0,28,2.0,1.55
0.0,2333.0,2.672021502414428,0,3.0,1212.0,783.0,18.0,15.0,1.2297135143990388,3.753961788353753,720.0,22.4439029807,88.2978736068,1,3.0,0,0,1,0,0,0,0,3.0,0,0,1,3.0,0,1,3.0,0,0,1,0,276.0,27,166.0,0.012
0.0,2595.0,3.0,2,4.0,1701.0,474.0,43.0,50.0,2.0,3.0,2380.0,22.519587,88.376107,1,3.0,0,0,1,0,0,0,0,1.0,1,0,0,2.0,1,0,3.0,0,0,1,0,178.0,27,179.0,1.35
0.0,1731.0,2.0,2,3.0,991.0,147.0,43.0,32.0,1.0,1.0,672.0,22.456669,88.376072,1,3.0,0,0,1,0,0,0,0,1.0,1,0,0,2.0,1,0,3.0,0,0,1,0,80.0,27,126.0,0.31
0.0,1358.0,2.672021502414428,0,3.0,1212.0,783.0,46.0,15.0,1.2297135143990388,3.753961788353753,1440.0,22.4439029807,88.2978736068,1,3.0,0,0,1,0,0,0,0,3.0,0,0,1,3.0,0,1,3.0,0,0,1,0,276.0,27,166.0,0.02
0.0,2200.0,3.0,1,5.0,1026.0,504.0,43.0,3.0,1.0,3.0,1018.0,22.426167,88.407715,1,6.0,0,0,0,0,0,1,0,0.0,0,0,0,2.0,1,0,3.0,0,0,1,0,41.0,27,231.0,0.42
0.0,1112.0,3.0,1,5.0,1025.0,504.0,43.0,3.0,0.0,3.0,1018.0,22.426224,88.407684,1,6.0,0,0,0,0,0,1,0,0.0,0,0,0,2.0,1,0,3.0,0,0,1,0,41.0,27,231.0,0.39
0.0,1597.0,2.0,3,5.0,1715.0,285.0,43.0,40.0,1.0,0.0,1100.0,22.62723,88.385776,1,0.0,0,0,0,0,0,0,0,0.0,0,0,0,2.0,1,0,2.0,0,1,0,0,81.0,26,331.0,0.385
0.0,1108.0,3.0,1,4.0,949.0,499.0,43.0,49.0,1.0,3.0,1229.0,22.4927324733,88.403800425,1,6.0,0,0,0,0,0,1,0,0.0,0,0,0,2.0,1,0,3.0,0,0,1,0,188.0,27,219.0,0.87
0.0,3831.0,2.0,1,4.0,1250.0,96.0,43.0,26.0,1.0,2.0,925.0,22.76743,88.38835,1,3.0,0,0,1,0,0,0,0,0.0,0,0,0,2.0,1,0,2.0,0,1,0,0,217.0,26,51.0,0.3885
0.0,2021.0,2.0,1,4.0,949.0,185.0,43.0,23.0,1.0,3.0,970.0,22.722,88.37237,1,7.0,0,0,0,0,0,0,0,0.0,0,0,0,2.0,1,0,2.0,0,1,0,0,206.0,26,185.0,0.31
0.0,2023.0,2.0,1,4.0,1219.0,185.0,43.0,23.0,1.0,3.0,870.0,22.722,88.37237,1,5.0,0,0,0,0,1,0,0,0.0,0,0,0,2.0,1,0,2.0,0,1,0,0,206.0,26,185.0,0.275
0.0,2022.0,2.0,1,4.0,949.0,185.0,43.0,23.0,1.0,2.0,916.0,22.722,88.37237,1,5.0,0,0,0,0,1,0,0,0.0,0,0,0,2.0,1,0,2.0,0,1,0,0,206.0,26,185.0,0.28
0.0,2475.0,3.0,1,12.0,1368.0,513.0,42.0,15.0,2.0,4.0,1563.0,22.589872923653,88.45280587272,1,6.0,0,0,0,0,0,1,0,0.0,0,0,0,2.0,1,0,1.0,1,0,0,0,135.0,28,242.0,1.35
0.0,1877.0,4.0,1,23.0,102.0,695.0,42.0,15.0,2.0,7.0,3029.0,22.581199,88.461896,1,3.0,0,0,1,0,0,0,0,0.0,0,0,0,2.0,1,0,1.0,1,0,0,0,145.0,28,242.0,4.25
0.0,2366.0,2.0,1,5.0,1141.0,252.0,42.0,35.0,2.0,2.0,750.0,22.6006912,88.4694535,1,8.0,0,0,0,0,0,0,1,0.0,0,0,0,2.0,1,0,1.0,1,0,0,0,185.0,28,284.0,0.2789999999999999
0.0,2311.0,2.672021502414428,0,3.0,1212.0,783.0,46.0,15.0,1.2297135143990388,3.753961788353753,1440.0,22.4439029807,88.2978736068,1,1.0,1,0,0,0,0,0,0,3.0,0,0,1,3.0,0,1,3.0,0,0,1,0,276.0,27,166.0,0.02
0.0,1262.0,4.0,3,5.0,1258.0,645.0,43.0,27.0,3.0,3.0,2211.0,22.60369,88.47187,1,3.0,0,0,1,0,0,0,0,1.0,1,0,0,2.0,1,0,1.0,1,0,0,0,185.0,28,2.0,1.45
0.0,1258.0,3.0,3,24.0,1600.0,356.0,43.0,22.0,2.0,13.0,1786.0,22.582101,88.493805,1,3.0,0,0,1,0,0,0,0,2.0,0,1,0,2.0,1,0,1.0,1,0,0,0,196.0,28,3.0,1.35
0.0,4097.0,2.0,5,5.0,1516.0,243.0,45.0,25.0,1.0,3.0,895.0,22.715388,88.378133,1,2.0,0,1,0,0,0,0,0,0.0,0,0,0,2.0,1,0,2.0,0,1,0,0,200.0,26,270.0,0.3759
0.0,3878.0,2.0,5,5.0,1517.0,243.0,45.0,25.0,1.0,2.0,928.0,22.715388,88.378133,1,5.0,0,0,0,0,1,0,0,0.0,0,0,0,2.0,1,0,2.0,0,1,0,0,200.0,26,270.0,0.3898
0.0,673.0,2.0,1,15.0,1108.0,172.0,42.0,15.0,1.0,15.0,813.0,22.447584,88.299034,1,3.0,0,0,1,0,0,0,0,0.0,0,0,0,2.0,1,0,3.0,0,0,1,0,67.0,27,166.0,0.54
0.0,2922.0,3.0,6,15.0,1609.0,462.0,42.0,8.0,1.0,14.0,983.0,22.440158,88.294329,1,3.0,0,0,1,0,0,0,0,0.0,0,0,0,2.0,1,0,3.0,0,0,1,0,118.0,27,166.0,0.58
0.0,1621.0,3.0,6,19.0,60.0,585.0,43.0,3.0,1.0,6.0,1527.0,22.543113,88.386363,1,6.0,0,0,0,0,0,1,0,0.0,0,0,0,2.0,1,0,3.0,0,0,1,0,278.0,27,361.0,1.63
0.0,536.0,2.0,5,12.0,984.0,76.0,44.0,8.0,2.0,3.0,922.0,22.627297442716,88.367389015344,1,8.0,0,0,0,0,0,0,1,0.0,0,0,0,2.0,1,0,2.0,0,1,0,0,118.0,26,28.0,0.57
0.0,2309.0,2.672021502414428,0,3.0,1209.0,795.0,46.0,18.0,1.2297135143990388,3.753961788353753,1440.0,22.46376,88.30718,1,3.0,0,0,1,0,0,0,0,3.0,0,0,1,3.0,0,1,3.0,0,0,1,0,213.0,27,357.0,0.02
0.0,1099.0,2.0,1,4.0,563.0,339.0,43.0,29.0,1.0,3.0,892.0,22.48192,88.414185,1,4.0,0,0,0,1,0,0,0,0.0,0,0,0,1.0,0,0,3.0,0,0,1,0,189.0,27,236.0,0.3211
0.0,1101.0,3.0,1,4.0,600.0,615.0,43.0,29.0,1.0,2.0,1033.0,22.48192,88.414185,1,4.0,0,0,0,1,0,0,0,0.0,0,0,0,1.0,0,0,3.0,0,0,1,0,189.0,27,169.0,0.6714
0.0,1048.0,3.0,1,4.0,925.0,616.0,43.0,50.0,1.0,3.0,1276.0,22.503803,88.40014,1,7.0,0,0,0,0,0,0,0,0.0,0,0,0,1.0,0,0,3.0,0,0,1,0,188.0,27,197.0,0.638
0.0,3899.0,2.0,2,9.0,1431.0,287.0,43.0,25.0,1.0,6.0,722.0,22.69924,88.38115,1,8.0,0,0,0,0,0,0,1,0.0,0,0,0,2.0,1,0,2.0,0,1,0,0,200.0,26,335.0,0.33
0.0,2045.0,3.0,2,4.0,898.0,568.0,43.0,25.0,1.0,2.0,1600.0,22.69924,88.38115,1,1.0,1,0,0,0,0,0,0,0.0,0,0,0,2.0,1,0,2.0,0,1,0,0,200.0,26,335.0,0.4
0.0,3095.0,2.0,2,9.0,1431.0,287.0,43.0,25.0,1.0,6.0,722.0,22.69924,88.38115,1,8.0,0,0,0,0,0,0,1,0.0,0,0,0,2.0,1,0,2.0,0,1,0,0,200.0,26,335.0,0.35
0.0,1046.0,3.0,1,4.0,600.0,465.0,43.0,50.0,1.0,4.0,1036.0,22.503714,88.39986,1,4.0,0,0,0,1,0,0,0,0.0,0,0,0,2.0,1,0,3.0,0,0,1,0,188.0,27,169.0,0.7
0.0,1044.0,3.0,1,4.0,601.0,487.0,43.0,50.0,1.0,3.0,1000.0,22.503704,88.40024,1,3.0,0,0,1,0,0,0,0,0.0,0,0,0,2.0,1,0,3.0,0,0,1,0,188.0,27,197.0,0.55
0.0,3341.0,3.0,5,25.0,926.0,369.0,44.0,7.0,1.0,18.0,1350.0,22.6417,88.3781071,1,3.0,0,0,1,0,0,0,0,0.0,0,0,0,2.0,1,0,2.0,0,1,0,0,149.0,26,28.0,1.04
0.0,606.0,4.0,6,26.0,450.0,716.0,42.0,8.0,2.0,22.0,1882.0,22.548158,88.382573,1,3.0,0,0,1,0,0,0,0,1.0,1,0,0,2.0,1,0,1.0,1,0,0,0,232.0,28,351.0,2.05
0.0,857.0,3.0,1,20.0,1113.0,435.0,42.0,8.0,2.0,11.0,1476.0,22.4590629,88.3963479,1,4.0,0,0,0,1,0,0,0,2.0,0,1,0,2.0,1,0,3.0,0,0,1,0,238.0,27,116.0,1.25
0.0,1676.0,2.0,2,5.0,1404.0,252.0,43.0,15.0,1.0,2.0,980.0,22.64148,88.471821,1,4.0,0,0,0,1,0,0,0,0.0,0,0,0,2.0,1,0,1.0,1,0,0,0,248.0,28,284.0,0.39
0.0,869.0,3.0,2,5.0,1404.0,542.0,43.0,15.0,1.0,3.0,1460.0,22.64148,88.471821,1,3.0,0,0,1,0,0,0,0,1.0,1,0,0,2.0,1,0,1.0,1,0,0,0,248.0,28,284.0,0.7
0.0,3669.0,4.0,1,24.0,1397.0,652.0,42.0,8.0,1.0,12.0,1945.0,22.645631,88.382354,0,1.0,1,0,0,0,0,0,0,0.0,0,0,0,2.0,1,0,2.0,0,1,0,0,118.0,26,28.0,1.35
0.0,2489.0,3.0,6,24.0,1397.0,369.0,42.0,8.0,1.0,11.0,1495.0,22.645631,88.382354,0,3.0,0,0,1,0,0,0,0,0.0,0,0,0,2.0,1,0,2.0,0,1,0,0,118.0,26,28.0,0.99
0.0,3890.0,2.0,1,13.0,1398.0,252.0,42.0,15.0,1.0,7.0,1048.0,22.6305899,88.4709048,1,4.0,0,0,0,1,0,0,0,0.0,0,0,0,2.0,1,0,1.0,1,0,0,0,255.0,28,284.0,0.72
0.0,2704.0,3.0,2,5.0,1404.0,542.0,43.0,15.0,1.0,5.0,1150.0,22.6006912,88.4694535,1,3.0,0,0,1,0,0,0,0,0.0,0,0,0,2.0,1,0,1.0,1,0,0,0,248.0,28,284.0,0.46
0.0,3835.0,2.0,1,25.0,1397.0,76.0,42.0,8.0,1.0,25.0,895.0,22.612664,88.377414,0,5.0,0,0,0,0,1,0,0,0.0,0,0,0,2.0,1,0,2.0,0,1,0,0,118.0,26,28.0,0.63
0.0,1969.0,2.672021502414428,0,4.0,865.0,783.0,18.0,12.0,1.2297135143990388,3.753961788353753,720.0,22.4439029807,88.2978736068,1,3.0,0,0,1,0,0,0,0,3.0,0,0,1,3.0,0,1,3.0,0,0,1,0,41.0,27,166.0,0.015
0.0,800.0,3.0,5,4.0,257.0,387.0,45.0,26.0,1.0,3.0,920.0,22.76743,88.38835,1,5.0,0,0,0,0,1,0,0,0.0,0,0,0,2.0,1,0,2.0,0,1,0,0,217.0,26,51.0,0.3128
0.0,3594.0,3.0,1,12.0,787.0,438.0,42.0,12.0,1.0,3.0,1875.0,22.5529232,88.3731789,1,0.0,0,0,0,0,0,0,0,0.0,0,0,0,2.0,1,0,0.0,0,0,0,0,166.0,30,121.0,1.07
0.0,3370.0,3.0,1,4.0,1203.0,474.0,43.0,50.0,1.0,2.0,1312.0,22.5195362,88.3827505,1,0.0,0,0,0,0,0,0,0,0.0,0,0,0,2.0,1,0,3.0,0,0,1,0,178.0,27,179.0,0.72
0.0,2594.0,3.0,1,4.0,1203.0,474.0,43.0,50.0,1.0,2.0,1312.0,22.5195362,88.3827505,1,0.0,0,0,0,0,0,0,0,0.0,0,0,0,2.0,1,0,3.0,0,0,1,0,178.0,27,179.0,0.7
0.0,1941.0,2.0,6,17.0,793.0,305.0,42.0,8.0,1.0,17.0,694.0,22.489445,88.337073,1,0.0,0,0,0,0,0,0,0,0.0,0,0,0,2.0,1,0,3.0,0,0,1,0,118.0,27,359.0,0.9
0.0,480.0,3.0,5,18.0,22.0,583.0,45.0,48.0,1.0,7.0,1326.0,22.48192,88.3255,1,0.0,0,0,0,0,0,0,0,0.0,0,0,0,2.0,1,0,3.0,0,0,1,0,287.0,27,359.0,1.18
0.0,821.0,3.0,1,12.0,787.0,438.0,42.0,12.0,1.0,3.0,1875.0,22.5529232,88.3731789,1,0.0,0,0,0,0,0,0,0,0.0,0,0,0,2.0,1,0,0.0,0,0,0,0,166.0,30,121.0,1.1
0.0,1937.0,3.0,6,12.0,787.0,438.0,42.0,12.0,1.0,9.0,1091.0,22.55654,88.37128,1,3.0,0,0,1,0,0,0,0,0.0,0,0,0,2.0,1,0,0.0,0,0,0,0,166.0,30,121.0,1.3
0.0,1936.0,3.0,6,12.0,787.0,438.0,42.0,12.0,1.0,3.0,1741.0,22.55654,88.37128,1,3.0,0,0,1,0,0,0,0,0.0,0,0,0,2.0,1,0,0.0,0,0,0,0,166.0,30,121.0,1.1
0.0,3901.0,2.0,5,18.0,22.0,305.0,45.0,50.0,1.0,7.0,986.0,22.5,88.35,1,3.0,0,0,1,0,0,0,0,0.0,0,0,0,2.0,1,0,3.0,0,0,1,0,95.0,27,359.0,0.95
0.0,1938.0,3.0,1,12.0,787.0,438.0,42.0,12.0,1.0,7.0,1107.0,22.5529232,88.3731789,1,5.0,0,0,0,0,1,0,0,0.0,0,0,0,2.0,1,0,0.0,0,0,0,0,166.0,30,121.0,1.3
0.0,2737.0,4.0,5,18.0,22.0,720.0,45.0,48.0,2.0,14.0,1567.0,22.48192,88.3255,1,0.0,0,0,0,0,0,0,0,0.0,0,0,0,2.0,1,0,3.0,0,0,1,0,287.0,27,359.0,1.5
0.0,3683.0,4.0,5,18.0,22.0,720.0,45.0,48.0,2.0,10.0,1497.0,22.48192,88.3255,1,0.0,0,0,0,0,0,0,0,0.0,0,0,0,2.0,1,0,3.0,0,0,1,0,287.0,27,359.0,1.4
0.0,3902.0,2.0,5,18.0,22.0,305.0,45.0,48.0,1.0,8.0,1356.0,22.48192,88.3255,1,0.0,0,0,0,0,0,0,0,0.0,0,0,0,2.0,1,0,3.0,0,0,1,0,287.0,27,359.0,0.9
0.0,943.0,1.0,1,4.0,360.0,25.0,43.0,15.0,1.0,1.0,584.0,22.44949,88.305626,1,3.0,0,0,1,0,0,0,0,0.0,0,0,0,2.0,1,0,3.0,0,0,1,0,213.0,27,166.0,0.2044
0.0,1002.0,2.0,1,17.0,793.0,305.0,42.0,8.0,0.0,17.0,652.0,22.5,88.35,1,0.0,0,0,0,0,0,0,0,0.0,0,0,0,2.0,1,0,3.0,0,0,1,0,118.0,27,359.0,0.9
0.0,679.0,1.0,1,3.0,817.0,51.0,42.0,8.0,1.0,3.0,505.0,22.437992,88.41269,1,7.0,0,0,0,0,0,0,0,0.0,0,0,0,2.0,1,0,3.0,0,0,1,0,213.0,27,336.0,0.175
0.0,2542.0,2.0,1,4.0,1459.0,113.0,43.0,22.0,1.0,1.0,705.0,22.4484,88.37491,1,6.0,0,0,0,0,0,1,0,0.0,0,0,0,2.0,1,0,3.0,0,0,1,0,74.0,27,74.0,0.312
0.0,1736.0,2.0,2,3.0,1044.0,90.0,43.0,44.0,1.0,1.0,610.0,22.469648,88.363165,1,1.0,1,0,0,0,0,0,0,0.0,0,0,0,2.0,1,0,3.0,0,0,1,0,89.0,27,45.0,0.22
0.0,883.0,3.0,1,5.0,1637.0,383.0,42.0,12.0,1.0,5.0,1162.0,22.46916,88.36106,1,4.0,0,0,0,1,0,0,0,0.0,0,0,0,2.0,1,0,3.0,0,0,1,0,146.0,27,45.0,0.72
0.0,3721.0,3.0,1,16.0,203.0,513.0,43.0,26.0,2.0,8.0,1495.0,22.6174207,88.4813445,1,6.0,0,0,0,0,0,1,0,1.0,1,0,0,2.0,1,0,1.0,1,0,0,0,209.0,28,242.0,1.05
0.0,3495.0,2.0,3,4.0,1504.0,172.0,43.0,12.0,1.0,4.0,887.0,22.4439029807,88.2978736068,1,8.0,0,0,0,0,0,0,1,0.0,0,0,0,2.0,1,0,3.0,0,0,1,0,41.0,27,166.0,0.35
0.0,2867.0,3.0,2,3.0,1504.0,462.0,43.0,12.0,2.0,1.0,1700.0,22.4439029807,88.2978736068,1,1.0,1,0,0,0,0,0,0,0.0,0,0,0,2.0,1,0,3.0,0,0,1,0,41.0,27,166.0,0.65
0.0,2196.0,3.0,5,2.0,593.0,629.0,45.0,10.0,1.0,3.6326304081644,1440.0,22.350618,88.441387,1,1.0,1,0,0,0,0,0,0,0.0,0,0,0,0.0,0,0,3.0,0,0,1,0,207.0,27,52.0,0.48
0.0,950.0,2.672021502414428,0,3.0,1452.0,783.0,26.0,10.0,1.2297135143990388,3.753961788353753,2880.0,22.451458,88.261772,1,1.0,1,0,0,0,0,0,0,3.0,0,0,1,3.0,0,1,3.0,0,0,1,0,156.0,27,166.0,0.28
0.0,856.0,3.0,5,4.0,1095.0,568.0,45.0,25.0,1.0,1.0,950.0,22.69924,88.38115,1,1.0,1,0,0,0,0,0,0,0.0,0,0,0,2.0,1,0,2.0,0,1,0,0,200.0,26,335.0,0.3333
0.0,2517.0,1.0,6,4.0,1533.0,1.0,43.0,12.0,1.0,1.0,325.0,22.5711954,88.5057784,1,8.0,0,0,0,0,0,0,1,0.0,0,0,0,2.0,1,0,1.0,1,0,0,0,10.0,28,6.0,0.215
0.0,2943.0,2.0,5,5.0,168.0,126.0,45.0,50.0,1.0,3.0,700.0,22.613626,88.419182,1,0.0,0,0,0,0,0,0,0,0.0,0,0,0,2.0,1,0,2.0,0,1,0,0,172.0,26,96.0,0.294
0.0,128.0,2.0,2,15.0,1675.0,223.0,43.0,35.0,2.0,10.0,1464.0,22.6006912,88.4694535,1,6.0,0,0,0,0,0,1,0,1.0,1,0,0,2.0,1,0,1.0,1,0,0,0,185.0,28,242.0,0.83
0.0,2715.0,3.0,5,29.0,59.0,559.0,44.0,8.0,1.0,10.0,1039.0,22.737313,88.351235,1,1.0,1,0,0,0,0,0,0,0.0,0,0,0,2.0,1,0,4.0,0,0,0,1,118.0,29,321.0,0.4475
0.0,4068.0,2.0,6,4.0,1505.0,346.0,43.0,8.0,1.0,1.0,720.0,22.482899,88.282686,1,3.0,0,0,1,0,0,0,0,0.0,0,0,0,1.0,0,0,3.0,0,0,1,0,38.0,27,312.0,0.19
0.0,2864.0,2.0,1,4.0,1505.0,103.0,43.0,50.0,1.0,1.0,850.0,22.5034489,88.3189776,1,5.0,0,0,0,0,1,0,0,0.0,0,0,0,2.0,1,0,3.0,0,0,1,0,286.0,27,59.0,0.34
0.0,1081.0,3.0,6,4.0,949.0,474.0,43.0,50.0,1.0,3.0,1084.0,22.5131807,88.3868385,1,6.0,0,0,0,0,0,1,0,0.0,0,0,0,2.0,1,0,3.0,0,0,1,0,197.0,27,179.0,0.6504000000000001
0.0,2249.0,3.0,5,7.0,883.0,580.0,45.0,25.0,1.0,3.0,1102.0,22.685455,88.376683,1,0.0,0,0,0,0,0,0,0,0.0,0,0,0,2.0,1,0,2.0,0,1,0,0,204.0,26,354.0,0.54
0.0,2249.0,2.0,5,7.0,883.0,301.0,45.0,25.0,1.0,4.0,919.0,22.685455,88.376683,1,0.0,0,0,0,0,0,0,0,0.0,0,0,0,2.0,1,0,2.0,0,1,0,0,204.0,26,354.0,0.4503
0.0,2383.0,3.0,5,5.0,883.0,421.0,45.0,50.0,1.0,2.0,1286.0,22.613626,88.419182,1,0.0,0,0,0,0,0,0,0,0.0,0,0,0,2.0,1,0,2.0,0,1,0,0,172.0,26,96.0,0.5144
0.0,2383.0,2.0,5,5.0,883.0,126.0,45.0,50.0,1.0,3.0,804.0,22.613626,88.419182,1,0.0,0,0,0,0,0,0,0,0.0,0,0,0,2.0,1,0,2.0,0,1,0,0,172.0,26,96.0,0.3215999999999999
0.0,2383.0,2.0,5,5.0,883.0,126.0,45.0,50.0,1.0,2.0,796.0,22.613626,88.419182,1,0.0,0,0,0,0,0,0,0,0.0,0,0,0,2.0,1,0,2.0,0,1,0,0,172.0,26,96.0,0.3184
0.0,1016.0,2.672021502414428,0,3.0,455.0,783.0,46.0,12.0,1.2297135143990388,3.753961788353753,721.0,22.4439029807,88.2978736068,1,4.0,0,0,0,1,0,0,0,3.0,0,0,1,3.0,0,1,3.0,0,0,1,0,41.0,27,166.0,0.0144999999999999
0.0,2395.0,3.0,6,5.0,883.0,561.0,43.0,49.0,1.0,2.0,1006.0,22.613895,88.411807,1,0.0,0,0,0,0,0,0,0,0.0,0,0,0,2.0,1,0,2.0,0,1,0,0,172.0,26,327.0,0.4527
0.0,2394.0,3.0,6,5.0,883.0,561.0,43.0,49.0,1.0,2.0,1000.0,22.613895,88.411807,1,0.0,0,0,0,0,0,0,0,0.0,0,0,0,2.0,1,0,2.0,0,1,0,0,172.0,26,327.0,0.45
0.0,2392.0,2.0,5,5.0,883.0,281.0,45.0,49.0,1.0,2.0,830.0,22.613895,88.411807,1,0.0,0,0,0,0,0,0,0,0.0,0,0,0,2.0,1,0,2.0,0,1,0,0,172.0,26,327.0,0.3403
0.0,2393.0,2.0,5,5.0,883.0,281.0,45.0,49.0,1.0,3.0,833.0,22.613895,88.411807,1,0.0,0,0,0,0,0,0,0,0.0,0,0,0,2.0,1,0,2.0,0,1,0,0,172.0,26,327.0,0.3414999999999999
0.0,2398.0,2.0,5,6.0,883.0,208.0,45.0,50.0,1.0,2.0,900.0,22.6174760274,88.4163038726,1,0.0,0,0,0,0,0,0,0,0.0,0,0,0,2.0,1,0,2.0,0,1,0,0,172.0,26,222.0,0.495
0.0,2398.0,2.0,5,6.0,883.0,208.0,45.0,50.0,1.0,3.0,850.0,22.6174760274,88.4163038726,1,0.0,0,0,0,0,0,0,0,0.0,0,0,0,2.0,1,0,2.0,0,1,0,0,172.0,26,222.0,0.4675
0.0,3429.0,4.0,1,12.0,1331.0,719.0,43.0,50.0,1.0,12.0,2460.0,22.529112,88.392075,1,6.0,0,0,0,0,0,1,0,0.0,0,0,0,2.0,1,0,3.0,0,0,1,0,197.0,27,358.0,1.78
0.0,3438.0,5.0,3,35.0,1462.0,749.0,43.0,15.0,3.0,34.0,3600.0,22.499905,88.360697,1,3.0,0,0,1,0,0,0,0,0.0,0,0,0,2.0,1,0,3.0,0,0,1,0,247.0,27,271.0,4.5
0.0,3894.0,2.0,1,4.0,1171.0,272.0,43.0,10.0,0.0,0.0,750.0,22.4784281,88.282823,1,1.0,1,0,0,0,0,0,0,0.0,0,0,0,2.0,1,0,3.0,0,0,1,0,38.0,27,312.0,0.205
0.0,3471.0,2.0,1,4.0,1160.0,102.0,43.0,10.0,1.0,0.0,850.0,22.478468,88.282875,1,3.0,0,0,1,0,0,0,0,0.0,0,0,0,2.0,1,0,3.0,0,0,1,0,38.0,27,58.0,0.25
0.0,2198.0,3.0,1,4.0,1504.0,625.0,43.0,27.0,1.0,3.0,995.0,22.483595,88.293526,1,3.0,0,0,1,0,0,0,0,1.0,1,0,0,1.0,0,0,3.0,0,0,1,0,191.0,27,311.0,0.32
0.0,3194.0,2.0,6,4.0,1504.0,272.0,43.0,27.0,1.0,3.0,1000.0,22.479868,88.29598,1,3.0,0,0,1,0,0,0,0,0.0,0,0,0,2.0,1,0,3.0,0,0,1,0,210.0,27,312.0,0.36
0.0,851.0,3.0,6,18.0,1060.0,513.0,42.0,15.0,1.0,5.0,1409.0,22.582182,88.487992,1,3.0,0,0,1,0,0,0,0,0.0,0,0,0,2.0,1,0,1.0,1,0,0,0,234.0,28,242.0,1.55
0.0,1390.0,3.0,1,4.0,949.0,370.0,43.0,37.0,1.0,3.0,1108.0,22.631943,88.44398,1,7.0,0,0,0,0,0,0,0,3.0,0,0,1,2.0,1,0,1.0,1,0,0,0,181.0,28,30.0,0.5254
0.0,3058.0,2.0,1,5.0,912.0,123.0,42.0,7.0,1.0,4.0,920.0,22.635012,88.45584,1,0.0,0,0,0,0,0,0,0,3.0,0,0,1,2.0,1,0,1.0,1,0,0,0,232.0,28,86.0,0.4784
0.0,1931.0,3.0,1,4.0,767.0,422.0,43.0,36.0,1.0,3.0,947.0,22.627717,88.44796,1,0.0,0,0,0,0,0,0,0,3.0,0,0,1,2.0,1,0,1.0,1,0,0,0,184.0,28,98.0,0.45
0.0,1430.0,2.0,1,4.0,767.0,128.0,43.0,36.0,1.0,2.0,802.0,22.627717,88.44796,1,0.0,0,0,0,0,0,0,0,3.0,0,0,1,2.0,1,0,1.0,1,0,0,0,184.0,28,98.0,0.32
0.0,3412.0,4.0,2,4.0,556.0,646.0,43.0,28.0,2.0,0.0,2550.0,22.60134,88.471506,1,1.0,1,0,0,0,0,0,0,0.0,0,0,0,2.0,1,0,1.0,1,0,0,0,185.0,28,3.0,1.5
0.0,1827.0,3.0,1,9.0,1065.0,464.0,43.0,15.0,1.0,4.0,1557.0,22.630329,88.435034,1,0.0,0,0,0,0,0,0,0,2.0,0,1,0,2.0,1,0,2.0,0,1,0,0,272.0,26,168.0,1.45
0.0,2915.0,2.0,1,29.0,1599.0,223.0,42.0,15.0,2.0,17.0,1080.0,22.5811785,88.4961337,1,0.0,0,0,0,0,0,0,0,0.0,0,0,0,2.0,1,0,1.0,1,0,0,0,251.0,28,242.0,1.07
0.0,1795.0,3.0,6,4.0,1145.0,370.0,43.0,28.0,1.0,2.0,1250.0,22.6389094,88.453116,1,0.0,0,0,0,0,0,0,0,0.0,0,0,0,2.0,1,0,1.0,1,0,0,0,180.0,28,30.0,0.45
0.0,2550.0,3.0,1,12.0,1064.0,414.0,42.0,15.0,3.0,7.0,1600.0,22.557147,88.398467,1,0.0,0,0,0,0,0,0,0,0.0,0,0,0,2.0,1,0,1.0,1,0,0,0,124.0,28,87.0,1.75
0.0,2544.0,3.0,1,24.0,1397.0,369.0,42.0,8.0,1.0,9.0,1495.0,22.645631,88.382354,1,8.0,0,0,0,0,0,0,1,3.0,0,0,1,2.0,1,0,2.0,0,1,0,0,118.0,26,28.0,0.95
0.0,1418.0,3.0,1,24.0,1397.0,369.0,42.0,8.0,1.0,17.0,1155.0,22.645631,88.382354,1,1.0,1,0,0,0,0,0,0,3.0,0,0,1,2.0,1,0,2.0,0,1,0,0,118.0,26,28.0,0.78
0.0,1026.0,4.0,1,19.0,355.0,652.0,42.0,15.0,1.0,16.0,2150.0,22.670682,88.376096,1,1.0,1,0,0,0,0,0,0,2.0,0,1,0,2.0,1,0,2.0,0,1,0,0,155.0,26,28.0,1.47
0.0,3614.0,3.0,5,8.0,1520.0,504.0,45.0,18.0,1.0,5.0,1108.0,22.44792,88.40389,1,1.0,1,0,0,0,0,0,0,0.0,0,0,0,2.0,1,0,3.0,0,0,1,0,201.0,27,231.0,0.3767
0.0,2834.0,2.0,5,11.0,1469.0,195.0,45.0,30.0,1.0,7.0,963.0,22.45365,88.38791,1,1.0,1,0,0,0,0,0,0,0.0,0,0,0,2.0,1,0,3.0,0,0,1,0,74.0,27,198.0,0.626
0.0,1742.0,2.0,5,7.0,1662.0,195.0,45.0,30.0,1.0,4.0,865.0,22.45365,88.38791,1,1.0,1,0,0,0,0,0,0,0.0,0,0,0,2.0,1,0,3.0,0,0,1,0,74.0,27,198.0,0.4758
0.0,1463.0,3.0,5,4.0,316.0,471.0,45.0,26.0,1.0,3.0,1205.0,22.449487,88.395542,1,1.0,1,0,0,0,0,0,0,0.0,0,0,0,2.0,1,0,3.0,0,0,1,0,74.0,27,176.0,0.5844
0.0,2170.0,3.0,5,3.0,1468.0,635.0,44.0,15.0,2.0,4.8951240068106525,1079.0,22.548114,88.4004968,1,3.0,0,0,1,0,0,0,0,0.0,0,0,0,0.0,0,0,3.0,0,0,1,0,151.0,27,116.0,0.85
0.0,1288.0,3.0,6,7.0,1662.0,488.0,43.0,30.0,1.0,6.0,1175.0,22.45365,88.38791,1,3.0,0,0,1,0,0,0,0,0.0,0,0,0,2.0,1,0,3.0,0,0,1,0,74.0,27,198.0,0.6520999999999999
0.0,4233.0,3.0,6,7.0,1662.0,488.0,43.0,30.0,1.0,5.0,1175.0,22.45365,88.38791,1,3.0,0,0,1,0,0,0,0,0.0,0,0,0,2.0,1,0,3.0,0,0,1,0,74.0,27,198.0,0.6546
0.0,2930.0,2.0,5,11.0,1611.0,147.0,45.0,50.0,1.0,7.0,985.0,22.4658051,88.384625,1,3.0,0,0,1,0,0,0,0,0.0,0,0,0,2.0,1,0,3.0,0,0,1,0,80.0,27,126.0,0.591
0.0,2930.0,3.0,5,11.0,1612.0,441.0,45.0,50.0,1.0,8.0,1310.0,22.4658051,88.384625,1,3.0,0,0,1,0,0,0,0,0.0,0,0,0,2.0,1,0,3.0,0,0,1,0,80.0,27,126.0,0.7990999999999999
0.0,1279.0,3.0,5,11.0,1611.0,441.0,45.0,50.0,1.0,9.0,1183.0,22.4658051,88.384625,1,3.0,0,0,1,0,0,0,0,3.0,0,0,1,2.0,1,0,3.0,0,0,1,0,80.0,27,126.0,0.7216
0.0,1278.0,4.0,5,11.0,1613.0,673.0,45.0,50.0,1.0,6.0,1616.0,22.4658051,88.384625,1,3.0,0,0,1,0,0,0,0,0.0,0,0,0,2.0,1,0,3.0,0,0,1,0,80.0,27,126.0,1.0
0.0,2284.0,3.0,5,8.0,803.0,504.0,45.0,18.0,1.0,7.0,1042.0,22.44792,88.40389,1,3.0,0,0,1,0,0,0,0,0.0,0,0,0,2.0,1,0,3.0,0,0,1,0,201.0,27,231.0,0.3543
0.0,635.0,3.0,5,4.0,313.0,441.0,45.0,50.0,1.0,3.0,1205.0,22.4658051,88.384625,1,3.0,0,0,1,0,0,0,0,0.0,0,0,0,2.0,1,0,3.0,0,0,1,0,80.0,27,126.0,0.5845
0.0,4130.0,3.0,5,4.0,314.0,441.0,45.0,49.0,1.0,3.0,1150.0,22.536025,88.35469,1,3.0,0,0,1,0,0,0,0,0.0,0,0,0,2.0,1,0,3.0,0,0,1,0,164.0,27,126.0,0.5577000000000001
0.0,2842.0,2.0,1,15.0,1040.0,142.0,43.0,3.0,1.0,6.0,941.0,22.406595,88.413719,1,3.0,0,0,1,0,0,0,0,0.0,0,0,0,2.0,1,0,3.0,0,0,1,0,41.0,27,116.0,0.45
0.0,1954.0,3.0,6,15.0,1040.0,435.0,43.0,3.0,2.0,9.0,1365.0,22.406595,88.413719,1,3.0,0,0,1,0,0,0,0,2.0,0,1,0,2.0,1,0,3.0,0,0,1,0,41.0,27,116.0,0.7
0.0,450.0,2.672021502414428,0,4.0,607.0,783.0,2.0,12.0,1.2297135143990388,3.753961788353753,1800.0,22.4439029807,88.2978736068,1,3.0,0,0,1,0,0,0,0,3.0,0,0,1,3.0,0,1,3.0,0,0,1,0,41.0,27,166.0,0.0751
0.0,458.0,2.672021502414428,0,4.0,1229.0,794.0,13.0,18.0,1.2297135143990388,3.753961788353753,1440.0,22.4606071,88.3129969,1,6.0,0,0,0,0,0,1,0,3.0,0,0,1,3.0,0,1,3.0,0,0,1,0,206.0,27,355.0,0.1196
0.0,446.0,2.672021502414428,0,4.0,1241.0,783.0,5.0,14.0,1.2297135143990388,3.753961788353753,1440.0,22.457216,88.298579,1,5.0,0,0,0,0,1,0,0,3.0,0,0,1,3.0,0,1,3.0,0,0,1,0,139.0,27,166.0,0.1198
0.0,444.0,2.672021502414428,0,3.0,607.0,794.0,2.0,18.0,1.2297135143990388,3.753961788353753,1500.0,22.4606071,88.3129969,1,3.0,0,0,1,0,0,0,0,3.0,0,0,1,3.0,0,1,3.0,0,0,1,0,206.0,27,355.0,0.052
0.0,444.0,2.672021502414428,0,3.0,607.0,794.0,2.0,18.0,1.2297135143990388,3.753961788353753,1800.0,22.4606071,88.3129969,1,3.0,0,0,1,0,0,0,0,3.0,0,0,1,3.0,0,1,3.0,0,0,1,0,206.0,27,355.0,0.0623
0.0,438.0,2.672021502414428,0,4.0,1241.0,779.0,5.0,49.0,1.2297135143990388,3.753961788353753,1080.0,22.4978086,88.3093517,1,5.0,0,0,0,0,1,0,0,3.0,0,0,1,3.0,0,1,3.0,0,0,1,0,287.0,27,55.0,0.0825
0.0,451.0,2.672021502414428,0,4.0,1241.0,795.0,2.0,18.0,1.2297135143990388,3.753961788353753,1500.0,22.46376,88.30718,1,3.0,0,0,1,0,0,0,0,3.0,0,0,1,3.0,0,1,3.0,0,0,1,0,213.0,27,357.0,0.125
0.0,451.0,2.672021502414428,0,4.0,1241.0,783.0,12.0,14.0,1.2297135143990388,3.753961788353753,1200.0,22.457216,88.298579,1,6.0,0,0,0,0,0,1,0,3.0,0,0,1,3.0,0,1,3.0,0,0,1,0,139.0,27,166.0,0.1
0.0,451.0,2.672021502414428,0,4.0,1241.0,779.0,5.0,49.0,1.2297135143990388,3.753961788353753,1800.0,22.4978086,88.3093517,1,5.0,0,0,0,0,1,0,0,3.0,0,0,1,3.0,0,1,3.0,0,0,1,0,287.0,27,55.0,0.145
0.0,452.0,2.672021502414428,0,4.0,1241.0,783.0,10.0,12.0,1.2297135143990388,3.753961788353753,1500.0,22.4439029807,88.2978736068,1,3.0,0,0,1,0,0,0,0,3.0,0,0,1,3.0,0,1,3.0,0,0,1,0,41.0,27,166.0,0.125
0.0,442.0,2.672021502414428,0,4.0,609.0,783.0,28.0,12.0,1.2297135143990388,3.753961788353753,1800.0,22.4439029807,88.2978736068,1,3.0,0,0,1,0,0,0,0,3.0,0,0,1,3.0,0,1,3.0,0,0,1,0,41.0,27,166.0,0.0625
0.0,454.0,2.672021502414428,0,3.0,1241.0,783.0,2.0,14.0,1.2297135143990388,3.753961788353753,1080.0,22.457216,88.298579,1,1.0,1,0,0,0,0,0,0,3.0,0,0,1,3.0,0,1,3.0,0,0,1,0,139.0,27,166.0,0.0899
0.0,456.0,2.672021502414428,0,3.0,609.0,783.0,2.0,12.0,1.2297135143990388,3.753961788353753,2160.0,22.4439029807,88.2978736068,1,3.0,0,0,1,0,0,0,0,3.0,0,0,1,3.0,0,1,3.0,0,0,1,0,41.0,27,166.0,0.075
0.0,460.0,2.672021502414428,0,4.0,1241.0,783.0,13.0,14.0,1.2297135143990388,3.753961788353753,1439.0,22.4439029807,88.2978736068,1,6.0,0,0,0,0,0,1,0,3.0,0,0,1,3.0,0,1,3.0,0,0,1,0,139.0,27,166.0,0.1169999999999999
0.0,1236.0,3.0,1,30.0,439.0,513.0,43.0,15.0,1.0,13.0,1697.0,22.567407,88.517945,1,1.0,1,0,0,0,0,0,0,0.0,0,0,0,2.0,1,0,1.0,1,0,0,0,254.0,28,242.0,1.08
0.0,4120.0,1.0,5,16.0,1689.0,32.0,44.0,8.0,1.0,10.0,500.0,22.69823,88.34427,1,1.0,1,0,0,0,0,0,0,0.0,0,0,0,2.0,1,0,4.0,0,0,0,1,118.0,29,186.0,0.18
0.0,3670.0,4.0,1,5.0,154.0,663.0,43.0,39.0,2.0,1.0,1800.0,22.626488,88.44313,1,4.0,0,0,0,1,0,0,0,0.0,0,0,0,2.0,1,0,1.0,1,0,0,0,181.0,28,86.0,1.0
0.0,619.0,2.0,1,14.0,210.0,223.0,43.0,10.0,1.0,4.0,480.0,22.5693712,88.5124222,1,1.0,1,0,0,0,0,0,0,0.0,0,0,0,2.0,1,0,1.0,1,0,0,0,10.0,28,242.0,0.32
0.0,3624.0,3.0,1,14.0,210.0,513.0,42.0,11.0,1.0,4.0,690.0,22.5707169,88.5077846,1,6.0,0,0,0,0,0,1,0,0.0,0,0,0,2.0,1,0,1.0,1,0,0,0,10.0,28,242.0,0.52
0.0,1337.0,4.0,2,16.0,300.0,720.0,43.0,50.0,1.0,5.0,2160.0,22.4988332,88.3437649,1,0.0,0,0,0,0,0,0,0,2.0,0,1,0,2.0,1,0,3.0,0,0,1,0,82.0,27,359.0,3.0
0.0,1346.0,3.0,3,7.0,1267.0,377.0,43.0,50.0,1.0,1.0,2160.0,22.52132,88.367378,1,1.0,1,0,0,0,0,0,0,1.0,1,0,0,2.0,1,0,3.0,0,0,1,0,203.0,27,39.0,2.6
0.0,1205.0,2.0,1,4.0,949.0,333.0,43.0,43.0,0.0,2.0,820.0,22.461102,88.37949,1,4.0,0,0,0,1,0,0,0,0.0,0,0,0,1.0,0,0,3.0,0,0,1,0,80.0,27,169.0,0.45
0.0,3933.0,3.0,2,5.0,1474.0,513.0,43.0,15.0,1.0,1.0,1730.0,22.617878,88.448016,1,0.0,0,0,0,0,0,0,0,0.0,0,0,0,2.0,1,0,1.0,1,0,0,0,271.0,28,242.0,1.0
0.0,798.0,3.0,5,4.0,253.0,513.0,45.0,35.0,2.0,4.0,1448.0,22.6006912,88.4694535,0,5.0,0,0,0,0,1,0,0,0.0,0,0,0,2.0,1,0,1.0,1,0,0,0,185.0,28,242.0,0.61
0.0,3028.0,2.0,2,14.0,210.0,223.0,42.0,5.0,1.0,11.0,680.0,22.565687,88.513371,1,8.0,0,0,0,0,0,0,1,0.0,0,0,0,2.0,1,0,1.0,1,0,0,0,9.0,28,242.0,0.32
0.0,2470.0,4.0,2,12.0,1367.0,695.0,43.0,37.0,2.0,8.0,2133.0,22.629392,88.456195,1,1.0,1,0,0,0,0,0,0,2.0,0,1,0,2.0,1,0,1.0,1,0,0,0,183.0,28,242.0,1.5
0.0,795.0,3.0,2,9.0,204.0,356.0,43.0,34.0,3.0,6.0,1820.0,22.6324759,88.4564723,1,1.0,1,0,0,0,0,0,0,0.0,0,0,0,2.0,1,0,1.0,1,0,0,0,183.0,28,3.0,1.2
0.0,3014.0,1.0,2,3.0,1367.0,42.0,43.0,37.0,1.0,3.0,400.0,22.629392,88.456195,1,5.0,0,0,0,0,1,0,0,0.0,0,0,0,2.0,1,0,1.0,1,0,0,0,183.0,28,242.0,0.2
0.0,3408.0,4.0,2,12.0,1367.0,695.0,43.0,37.0,2.0,10.0,2133.0,22.629392,88.456195,1,0.0,0,0,0,0,0,0,0,2.0,0,1,0,2.0,1,0,1.0,1,0,0,0,183.0,28,242.0,1.5
0.0,2508.0,1.0,2,4.0,204.0,0.0,43.0,34.0,1.0,2.0,400.0,22.6324759,88.4564723,1,5.0,0,0,0,0,1,0,0,0.0,0,0,0,2.0,1,0,1.0,1,0,0,0,183.0,28,3.0,0.215
0.0,813.0,3.0,5,12.0,589.0,513.0,45.0,35.0,2.0,8.0,1458.0,22.6006912,88.4694535,0,6.0,0,0,0,0,0,1,0,0.0,0,0,0,2.0,1,0,1.0,1,0,0,0,185.0,28,242.0,0.975
0.0,2634.0,2.0,5,4.0,3.0,223.0,45.0,35.0,1.0,4.0,847.0,22.6006912,88.4694535,1,1.0,1,0,0,0,0,0,0,0.0,0,0,0,2.0,1,0,1.0,1,0,0,0,185.0,28,242.0,0.41
0.0,3807.0,2.672021502414428,0,4.0,189.0,786.0,3.0,24.0,1.2297135143990388,3.753961788353753,2160.0,22.64528,88.461,1,3.0,0,0,1,0,0,0,0,3.0,0,0,1,3.0,0,1,2.0,0,1,0,0,205.0,26,230.0,0.03
0.0,685.0,2.0,5,5.0,31.0,223.0,45.0,35.0,1.0,4.0,950.0,22.6006912,88.4694535,1,1.0,1,0,0,0,0,0,0,0.0,0,0,0,2.0,1,0,1.0,1,0,0,0,185.0,28,242.0,0.56
0.0,3102.0,2.0,5,4.0,1594.0,223.0,45.0,35.0,1.0,2.0,950.0,22.6006912,88.4694535,1,4.0,0,0,0,1,0,0,0,0.0,0,0,0,2.0,1,0,1.0,1,0,0,0,185.0,28,242.0,0.49
0.0,3305.0,3.0,3,4.0,1730.0,435.0,43.0,42.0,2.0,2.0,1350.0,22.548114,88.4004968,1,3.0,0,0,1,0,0,0,0,0.0,0,0,0,2.0,1,0,3.0,0,0,1,0,193.0,27,116.0,1.0
0.0,902.0,4.0,2,35.0,1462.0,704.0,43.0,15.0,1.0,33.0,3200.0,22.5026325,88.3664528,1,3.0,0,0,1,0,0,0,0,0.0,0,0,0,2.0,1,0,3.0,0,0,1,0,247.0,27,271.0,4.2
0.0,1891.0,4.0,2,35.0,1462.0,704.0,43.0,15.0,2.0,34.0,3454.0,22.5026325,88.3664528,0,3.0,0,0,1,0,0,0,0,0.0,0,0,0,2.0,1,0,3.0,0,0,1,0,247.0,27,271.0,4.5
0.0,3026.0,2.0,1,18.0,162.0,206.0,43.0,49.0,1.0,17.0,1008.0,22.4927324733,88.403800425,1,3.0,0,0,1,0,0,0,0,0.0,0,0,0,2.0,1,0,3.0,0,0,1,0,188.0,27,219.0,0.7
0.0,3457.0,1.0,1,4.0,963.0,53.0,43.0,49.0,1.0,3.0,550.0,22.621037,88.42792,1,2.0,0,1,0,0,0,0,0,0.0,0,0,0,2.0,1,0,2.0,0,1,0,0,182.0,26,353.0,0.175
0.0,3191.0,2.0,1,4.0,1383.0,300.0,43.0,49.0,1.0,1.0,740.0,22.621037,88.42792,1,1.0,1,0,0,0,0,0,0,0.0,0,0,0,2.0,1,0,2.0,0,1,0,0,182.0,26,353.0,0.26
0.0,1688.0,2.0,1,5.0,850.0,208.0,43.0,49.0,1.0,5.0,918.0,22.618223,88.4223,1,4.0,0,0,0,1,0,0,0,0.0,0,0,0,2.0,1,0,2.0,0,1,0,0,172.0,26,222.0,0.3764
0.0,1493.0,2.0,1,5.0,850.0,208.0,43.0,49.0,1.0,2.0,735.0,22.621094,88.41831,1,8.0,0,0,0,0,0,0,1,0.0,0,0,0,2.0,1,0,2.0,0,1,0,0,182.0,26,222.0,0.28
0.0,3308.0,3.0,1,14.0,1472.0,369.0,42.0,11.0,1.0,6.0,1303.0,22.6684567,88.3750863,1,5.0,0,0,0,0,1,0,0,0.0,0,0,0,2.0,1,0,2.0,0,1,0,0,17.0,26,28.0,0.78
0.0,1157.0,2.672021502414428,0,4.0,541.0,773.0,41.0,41.0,1.2297135143990388,3.753961788353753,1614.0,22.581047,88.462231,1,7.0,0,0,0,0,0,0,0,3.0,0,0,1,3.0,0,1,1.0,1,0,0,0,86.0,28,2.0,1.55
0.0,311.0,2.0,6,5.0,1373.0,184.0,43.0,48.0,2.0,3.0,816.0,22.594973,88.437801,1,3.0,0,0,1,0,0,0,0,0.0,0,0,0,2.0,1,0,2.0,0,1,0,0,45.0,26,181.0,0.3
0.0,3729.0,3.0,3,5.0,1679.0,483.0,43.0,49.0,1.0,2.0,1560.0,22.6030366,88.4040291,1,7.0,0,0,0,0,0,0,0,0.0,0,0,0,2.0,1,0,2.0,0,1,0,0,172.0,26,192.0,0.85
0.0,2230.0,2.0,2,5.0,1177.0,344.0,42.0,45.0,1.0,2.0,713.0,22.48016,88.313173,1,7.0,0,0,0,0,0,0,0,0.0,0,0,0,1.0,0,0,3.0,0,0,1,0,290.0,27,273.0,0.3494
0.0,2821.0,2.0,5,18.0,780.0,305.0,44.0,11.0,1.0,15.0,627.0,22.5,88.35,1,0.0,0,0,0,0,0,0,0,0.0,0,0,0,2.0,1,0,3.0,0,0,1,0,108.0,27,359.0,0.52
0.0,880.0,3.0,5,18.0,1615.0,395.0,44.0,5.0,1.0,6.0,1476.0,22.5656296,88.382219,1,5.0,0,0,0,0,1,0,0,0.0,0,0,0,2.0,1,0,1.0,1,0,0,0,131.0,28,61.0,1.5
0.0,880.0,4.0,5,18.0,1615.0,658.0,44.0,5.0,1.0,8.0,1850.0,22.5656296,88.382219,1,5.0,0,0,0,0,1,0,0,0.0,0,0,0,2.0,1,0,1.0,1,0,0,0,131.0,28,61.0,2.0
0.0,2998.0,1.0,1,4.0,512.0,5.0,43.0,50.0,1.0,3.0,500.0,22.6133991,88.4193596,1,4.0,0,0,0,1,0,0,0,0.0,0,0,0,2.0,1,0,2.0,0,1,0,0,172.0,26,33.0,0.15
0.0,2025.0,2.0,1,4.0,582.0,97.0,43.0,10.0,1.0,3.0,950.0,22.361462,88.43711,1,5.0,0,0,0,0,1,0,0,0.0,0,0,0,2.0,1,0,3.0,0,0,1,0,207.0,27,52.0,0.2565
0.0,1672.0,2.0,1,4.0,1296.0,123.0,43.0,50.0,1.0,1.0,752.0,22.611275,88.417336,1,8.0,0,0,0,0,0,0,1,1.0,1,0,0,2.0,1,0,1.0,1,0,0,0,172.0,28,86.0,0.3
0.0,3860.0,2.0,6,4.0,1289.0,208.0,43.0,50.0,1.0,3.0,725.0,22.6198507,88.4180976,1,3.0,0,0,1,0,0,0,0,0.0,0,0,0,2.0,1,0,2.0,0,1,0,0,182.0,26,222.0,0.315
0.0,3395.0,2.0,1,3.0,842.0,90.0,43.0,46.0,1.0,3.0,760.0,22.47069,88.36166,1,3.0,0,0,1,0,0,0,0,0.0,0,0,0,2.0,1,0,3.0,0,0,1,0,89.0,27,45.0,0.24
0.0,3728.0,2.0,1,3.0,149.0,148.0,43.0,48.0,1.0,1.0,900.0,22.4635084,88.3826622,1,1.0,1,0,0,0,0,0,0,0.0,0,0,0,2.0,1,0,3.0,0,0,1,0,80.0,27,128.0,0.42
0.0,3084.0,3.0,6,4.0,1161.0,481.0,43.0,50.0,1.0,2.0,1450.0,22.5050813878,88.3544763969,1,3.0,0,0,1,0,0,0,0,0.0,0,0,0,2.0,1,0,3.0,0,0,1,0,95.0,27,189.0,1.1
0.0,1261.0,2.0,2,15.0,83.0,120.0,43.0,49.0,1.0,12.0,860.0,22.485966,88.396453,1,6.0,0,0,0,0,0,1,0,1.0,1,0,0,2.0,1,0,3.0,0,0,1,0,88.0,27,82.0,0.58
0.0,1289.0,2.0,2,12.0,1120.0,215.0,43.0,1.0,1.0,8.0,1035.0,22.431361,88.396724,1,5.0,0,0,0,0,1,0,0,0.0,0,0,0,2.0,1,0,3.0,0,0,1,0,292.0,27,231.0,0.52
0.0,1292.0,3.0,2,12.0,1120.0,504.0,43.0,1.0,2.0,11.0,1515.0,22.431361,88.396724,1,7.0,0,0,0,0,0,0,0,0.0,0,0,0,2.0,1,0,3.0,0,0,1,0,292.0,27,231.0,0.58
0.0,2934.0,3.0,2,8.0,1118.0,471.0,42.0,19.0,1.0,6.0,1530.0,22.445911,88.392828,1,7.0,0,0,0,0,0,0,0,0.0,0,0,0,2.0,1,0,3.0,0,0,1,0,172.0,27,176.0,0.67
0.0,282.0,4.0,2,5.0,1270.0,705.0,43.0,47.0,1.0,3.0,1600.0,22.611342,88.436903,1,3.0,0,0,1,0,0,0,0,0.0,0,0,0,2.0,1,0,1.0,1,0,0,0,3.0,28,284.0,1.2
0.0,27.0,3.0,5,11.0,1489.0,508.0,44.0,10.0,1.0,10.0,1800.0,22.497595,88.333489,1,1.0,1,0,0,0,0,0,0,0.0,0,0,0,2.0,1,0,3.0,0,0,1,0,112.0,27,237.0,1.6
0.0,288.0,4.0,5,20.0,1069.0,695.0,44.0,7.0,1.0,13.0,2200.0,22.570637,88.4617767,1,1.0,1,0,0,0,0,0,0,0.0,0,0,0,2.0,1,0,1.0,1,0,0,0,146.0,28,242.0,2.8
0.0,196.0,3.0,6,23.0,102.0,513.0,42.0,15.0,2.0,20.0,1891.0,22.581199,88.461896,1,1.0,1,0,0,0,0,0,0,1.0,1,0,0,2.0,1,0,1.0,1,0,0,0,145.0,28,242.0,2.7
0.0,1372.0,3.0,5,12.0,795.0,583.0,44.0,15.0,2.0,5.0,957.0,22.493355,88.340365,1,5.0,0,0,0,0,1,0,0,0.0,0,0,0,2.0,1,0,3.0,0,0,1,0,104.0,27,359.0,1.1
0.0,2205.0,4.0,6,35.0,1033.0,692.0,42.0,15.0,2.0,22.0,1981.0,22.573977,88.398249,1,4.0,0,0,0,1,0,0,0,0.0,0,0,0,2.0,1,0,2.0,0,1,0,0,58.0,26,233.0,3.05
0.0,1329.0,3.0,3,4.0,183.0,377.0,43.0,49.0,1.0,1.0,1925.0,22.526653,88.36136,1,1.0,1,0,0,0,0,0,0,0.0,0,0,0,2.0,1,0,3.0,0,0,1,0,192.0,27,39.0,2.45
0.0,1328.0,3.0,3,4.0,183.0,377.0,43.0,49.0,1.0,1.0,1950.0,22.528316,88.36281,1,0.0,0,0,0,0,0,0,0,0.0,0,0,0,2.0,1,0,3.0,0,0,1,0,288.0,27,39.0,2.3
0.0,4148.0,2.0,2,27.0,554.0,142.0,43.0,49.0,2.0,19.0,1206.0,22.4849051,88.3890187,1,0.0,0,0,0,0,0,0,0,1.0,1,0,0,2.0,1,0,3.0,0,0,1,0,91.0,27,116.0,0.85
0.0,801.0,3.0,1,6.0,274.0,361.0,43.0,49.0,1.0,2.0,1200.0,22.489083,88.397086,1,0.0,0,0,0,0,0,0,0,3.0,0,0,1,2.0,1,0,3.0,0,0,1,0,88.0,27,9.0,0.65
0.0,3942.0,3.0,1,45.0,1692.0,435.0,42.0,15.0,1.0,16.0,1954.0,22.512772,88.410254,1,0.0,0,0,0,0,0,0,0,0.0,0,0,0,2.0,1,0,3.0,0,0,1,0,64.0,27,116.0,2.8
0.0,697.0,2.0,1,15.0,162.0,206.0,43.0,40.0,2.0,11.0,1347.0,22.49236,88.40865,1,1.0,1,0,0,0,0,0,0,0.0,0,0,0,2.0,1,0,3.0,0,0,1,0,188.0,27,219.0,1.55
0.0,3841.0,2.0,2,18.0,527.0,142.0,43.0,50.0,1.0,5.0,1150.0,22.505598,88.400598,1,1.0,1,0,0,0,0,0,0,0.0,0,0,0,2.0,1,0,3.0,0,0,1,0,188.0,27,116.0,1.1
0.0,3609.0,3.0,1,15.0,162.0,499.0,43.0,40.0,2.0,8.0,2079.0,22.49236,88.40865,1,1.0,1,0,0,0,0,0,0,0.0,0,0,0,2.0,1,0,3.0,0,0,1,0,188.0,27,219.0,1.9
0.0,1610.0,3.0,1,5.0,1504.0,575.0,43.0,49.0,1.0,2.0,1250.0,22.49194,88.393071,1,1.0,1,0,0,0,0,0,0,0.0,0,0,0,2.0,1,0,3.0,0,0,1,0,188.0,27,348.0,0.75
0.0,4215.0,2.0,1,13.0,1734.0,142.0,43.0,50.0,1.0,11.0,1100.0,22.506763,88.399967,1,1.0,1,0,0,0,0,0,0,0.0,0,0,0,2.0,1,0,3.0,0,0,1,0,188.0,27,116.0,0.75
0.0,2565.0,3.0,1,5.0,474.0,441.0,43.0,43.0,1.0,2.0,1531.0,22.462155,88.394454,1,1.0,1,0,0,0,0,0,0,0.0,0,0,0,2.0,1,0,3.0,0,0,1,0,80.0,27,126.0,1.0
0.0,1176.0,3.0,1,27.0,554.0,435.0,43.0,49.0,1.0,16.0,1328.0,22.484581,88.389555,1,1.0,1,0,0,0,0,0,0,3.0,0,0,1,2.0,1,0,3.0,0,0,1,0,91.0,27,116.0,0.95
0.0,3997.0,3.0,6,7.0,1066.0,530.0,43.0,50.0,1.0,6.0,1250.0,22.471764,88.384625,1,1.0,1,0,0,0,0,0,0,0.0,0,0,0,2.0,1,0,3.0,0,0,1,0,80.0,27,266.0,0.95
0.0,532.0,3.0,2,24.0,86.0,499.0,42.0,15.0,1.0,10.0,3490.0,22.493033,88.403437,1,1.0,1,0,0,0,0,0,0,0.0,0,0,0,2.0,1,0,3.0,0,0,1,0,260.0,27,219.0,3.9
0.0,3941.0,3.0,5,24.0,986.0,435.0,44.0,15.0,1.0,8.0,1676.0,22.452311,88.39475,1,3.0,0,0,1,0,0,0,0,0.0,0,0,0,2.0,1,0,3.0,0,0,1,0,123.0,27,116.0,1.35
0.0,3940.0,3.0,1,17.0,820.0,435.0,43.0,3.0,1.0,6.0,1602.0,22.452847,88.394852,1,3.0,0,0,1,0,0,0,0,0.0,0,0,0,2.0,1,0,3.0,0,0,1,0,37.0,27,116.0,1.35
0.0,1208.0,2.0,2,19.0,162.0,206.0,43.0,49.0,1.0,7.0,1050.0,22.493548,88.3999774,1,0.0,0,0,0,0,0,0,0,3.0,0,0,1,2.0,1,0,3.0,0,0,1,0,188.0,27,219.0,0.84
0.0,1170.0,3.0,2,27.0,554.0,435.0,43.0,49.0,1.0,5.0,1328.0,22.4845745,88.3885337,1,3.0,0,0,1,0,0,0,0,1.0,1,0,0,2.0,1,0,3.0,0,0,1,0,91.0,27,116.0,0.85
0.0,2430.0,2.0,2,13.0,1734.0,142.0,43.0,50.0,1.0,6.0,979.0,22.5069555,88.3996886,1,0.0,0,0,0,0,0,0,0,1.0,1,0,0,2.0,1,0,3.0,0,0,1,0,188.0,27,116.0,0.75
0.0,4165.0,2.0,2,4.0,1313.0,215.0,43.0,6.0,1.0,4.0,866.0,22.43993,88.395803,1,5.0,0,0,0,0,1,0,0,1.0,1,0,0,2.0,1,0,3.0,0,0,1,0,36.0,27,231.0,0.47
0.0,2797.0,2.0,3,13.0,358.0,272.0,43.0,8.0,1.0,10.0,980.0,22.482899,88.282686,1,3.0,0,0,1,0,0,0,0,0.0,0,0,0,2.0,1,0,3.0,0,0,1,0,38.0,27,312.0,0.5
0.0,3585.0,3.0,1,24.0,1397.0,369.0,42.0,8.0,1.0,10.0,784.0,22.612664,88.377414,1,2.0,0,1,0,0,0,0,0,0.0,0,0,0,2.0,1,0,2.0,0,1,0,0,118.0,26,28.0,0.85
0.0,3034.0,2.0,1,15.0,415.0,196.0,42.0,8.0,1.0,1.0,771.0,22.493402,88.210954,1,3.0,0,0,1,0,0,0,0,0.0,0,0,0,2.0,1,0,3.0,0,0,1,0,118.0,27,199.0,0.35
0.0,1704.0,2.0,1,11.0,1485.0,193.0,43.0,20.0,1.0,7.0,650.0,22.682073,88.462757,1,1.0,1,0,0,0,0,0,0,0.0,0,0,0,2.0,1,0,2.0,0,1,0,0,200.0,26,195.0,0.51
0.0,400.0,3.0,1,13.0,443.0,458.0,42.0,15.0,3.0,3.0,1760.0,22.452894,88.39547,0,3.0,0,0,1,0,0,0,0,0.0,0,0,0,2.0,1,0,2.0,0,1,0,0,246.0,26,161.0,1.25
0.0,1586.0,3.0,2,4.0,1584.0,547.0,43.0,50.0,1.0,4.0,1422.0,22.48292,88.35413,1,5.0,0,0,0,0,1,0,0,0.0,0,0,0,2.0,1,0,3.0,0,0,1,0,89.0,27,292.0,0.8
0.0,2150.0,3.0,1,4.0,949.0,516.0,43.0,42.0,2.0,1.0,1480.0,22.586615,88.457726,1,4.0,0,0,0,1,0,0,0,3.0,0,0,1,2.0,1,0,1.0,1,0,0,0,86.0,28,245.0,0.92
0.0,3353.0,3.0,1,4.0,949.0,355.0,43.0,41.0,1.0,2.0,1243.0,22.587152,88.454414,1,6.0,0,0,0,0,0,1,0,0.0,0,0,0,2.0,1,0,1.0,1,0,0,0,86.0,28,2.0,0.85
0.0,3503.0,2.0,1,4.0,949.0,184.0,43.0,50.0,1.0,3.0,950.0,22.602867,88.428185,1,4.0,0,0,0,1,0,0,0,0.0,0,0,0,2.0,1,0,2.0,0,1,0,0,76.0,26,181.0,0.361
0.0,4038.0,4.0,1,13.0,875.0,695.0,43.0,12.0,1.0,2.0,2230.0,22.6112187,88.4786805,1,3.0,0,0,1,0,0,0,0,0.0,0,0,0,2.0,1,0,1.0,1,0,0,0,244.0,28,242.0,1.1
0.0,2279.0,4.0,1,4.0,1081.0,676.0,43.0,47.0,1.0,3.0,2247.0,22.547352,88.32699,1,4.0,0,0,0,1,0,0,0,0.0,0,0,0,2.0,1,0,3.0,0,0,1,0,284.0,27,147.0,2.72
0.0,2575.0,4.0,1,4.0,1081.0,676.0,43.0,47.0,2.0,3.0,2730.0,22.547352,88.32699,1,7.0,0,0,0,0,0,0,0,0.0,0,0,0,2.0,1,0,3.0,0,0,1,0,284.0,27,147.0,3.3
0.0,3427.0,4.0,1,4.0,1081.0,649.0,43.0,15.0,1.0,3.0,2206.0,22.547527,88.32727,1,6.0,0,0,0,0,0,1,0,0.0,0,0,0,2.0,1,0,3.0,0,0,1,0,224.0,27,10.0,2.67
0.0,346.0,3.0,1,4.0,1081.0,362.0,43.0,15.0,2.0,3.0,2151.0,22.547638,88.32703,1,3.0,0,0,1,0,0,0,0,0.0,0,0,0,2.0,1,0,3.0,0,0,1,0,224.0,27,10.0,2.6
0.0,127.0,2.0,1,4.0,1475.0,300.0,43.0,49.0,2.0,2.0,910.0,22.6226495,88.4294838,1,6.0,0,0,0,0,0,1,0,0.0,0,0,0,2.0,1,0,2.0,0,1,0,0,180.0,26,353.0,0.36
0.0,30.0,1.0,2,4.0,928.0,53.0,43.0,49.0,0.0,0.0,570.0,22.6226495,88.4294838,1,6.0,0,0,0,0,0,1,0,3.0,0,0,1,2.0,1,0,2.0,0,1,0,0,180.0,26,353.0,0.17
0.0,94.0,2.0,2,4.0,1434.0,300.0,43.0,49.0,2.0,0.0,1005.0,22.6226495,88.4294838,1,8.0,0,0,0,0,0,0,1,1.0,1,0,0,2.0,1,0,2.0,0,1,0,0,180.0,26,353.0,0.27
0.0,3138.0,2.0,5,5.0,618.0,300.0,45.0,49.0,1.0,5.0,1050.0,22.6226495,88.4294838,1,6.0,0,0,0,0,0,1,0,0.0,0,0,0,2.0,1,0,2.0,0,1,0,0,180.0,26,353.0,0.3989999999999999
0.0,270.0,3.0,5,4.0,770.0,513.0,45.0,25.0,1.0,2.0,893.0,22.715388,88.378133,1,2.0,0,1,0,0,0,0,0,0.0,0,0,0,2.0,1,0,1.0,1,0,0,0,200.0,28,242.0,0.3394
0.0,3770.0,2.0,1,20.0,1121.0,288.0,42.0,7.0,1.0,17.0,1036.0,22.440427,88.401162,1,7.0,0,0,0,0,0,0,0,0.0,0,0,0,2.0,1,0,3.0,0,0,1,0,153.0,27,336.0,0.487
0.0,3085.0,2.0,5,3.0,1194.0,266.0,45.0,50.0,1.0,1.0,1004.0,22.5048635527714,88.3830373352265,1,1.0,1,0,0,0,0,0,0,0.0,0,0,0,2.0,1,0,3.0,0,0,1,0,192.0,27,302.0,0.505
0.0,3929.0,3.0,5,4.0,801.0,406.0,45.0,49.0,1.0,3.0,1349.0,22.466744,88.388085,1,0.0,0,0,0,0,0,0,0,0.0,0,0,0,2.0,1,0,3.0,0,0,1,0,80.0,27,78.0,0.7390000000000001
0.0,525.0,2.0,1,13.0,74.0,247.0,42.0,50.0,1.0,2.0,1072.0,22.498825,88.399149,1,1.0,1,0,0,0,0,0,0,0.0,0,0,0,2.0,1,0,3.0,0,0,1,0,188.0,27,275.0,0.85
0.0,2587.0,3.0,1,13.0,74.0,465.0,43.0,50.0,1.0,3.0,1340.0,22.4982976,88.394025,1,1.0,1,0,0,0,0,0,0,0.0,0,0,0,2.0,1,0,3.0,0,0,1,0,192.0,27,169.0,1.07
0.0,3761.0,2.0,6,4.0,930.0,140.0,43.0,30.0,1.0,2.0,767.0,22.6541396,88.3736539,1,6.0,0,0,0,0,0,1,0,0.0,0,0,0,2.0,1,0,2.0,0,1,0,0,68.0,26,114.0,0.3
0.0,2034.0,3.0,1,4.0,1506.0,508.0,43.0,49.0,1.0,3.0,1400.0,22.5143577,88.3251456,1,6.0,0,0,0,0,0,1,0,0.0,0,0,0,2.0,1,0,3.0,0,0,1,0,286.0,27,237.0,0.85
0.0,4066.0,4.0,2,23.0,211.0,695.0,43.0,31.0,3.0,21.0,3000.0,22.621523,88.468338,1,3.0,0,0,1,0,0,0,0,0.0,0,0,0,2.0,1,0,1.0,1,0,0,0,209.0,28,242.0,1.75
0.0,3294.0,3.0,6,5.0,1447.0,513.0,43.0,35.0,2.0,2.0,1188.0,22.6006912,88.4694535,1,3.0,0,0,1,0,0,0,0,0.0,0,0,0,2.0,1,0,1.0,1,0,0,0,185.0,28,242.0,0.74
0.0,433.0,3.0,2,6.0,1693.0,432.0,43.0,50.0,1.0,1.0,1375.0,22.61059,88.41494,1,3.0,0,0,1,0,0,0,0,0.0,0,0,0,2.0,1,0,2.0,0,1,0,0,172.0,26,113.0,0.65
0.0,2342.0,2.0,6,5.0,1283.0,89.0,43.0,50.0,1.0,4.0,957.0,22.6075649,88.4100911,1,3.0,0,0,1,0,0,0,0,0.0,0,0,0,2.0,1,0,2.0,0,1,0,0,74.0,26,44.0,0.54
0.0,3208.0,3.0,2,19.0,60.0,585.0,43.0,3.0,1.0,14.0,1985.0,22.543113,88.386363,1,1.0,1,0,0,0,0,0,0,0.0,0,0,0,2.0,1,0,3.0,0,0,1,0,278.0,27,361.0,1.95
0.0,3968.0,3.0,2,35.0,1033.0,505.0,42.0,15.0,1.0,20.0,1810.0,22.573977,88.398249,1,3.0,0,0,1,0,0,0,0,0.0,0,0,0,2.0,1,0,2.0,0,1,0,0,58.0,26,233.0,2.5
0.0,3019.0,2.0,2,22.0,36.0,142.0,42.0,9.0,1.0,7.0,1504.0,22.55484,88.389641,1,3.0,0,0,1,0,0,0,0,0.0,0,0,0,2.0,1,0,1.0,1,0,0,0,118.0,28,116.0,0.95
0.0,955.0,3.0,6,14.0,400.0,462.0,42.0,15.0,2.0,3.0,1370.0,22.4439029807,88.2978736068,1,4.0,0,0,0,1,0,0,0,0.0,0,0,0,2.0,1,0,3.0,0,0,1,0,109.0,27,166.0,0.75
0.0,3621.0,3.0,5,4.0,55.0,513.0,45.0,35.0,2.0,3.0,1188.0,22.6006912,88.4694535,0,5.0,0,0,0,0,1,0,0,0.0,0,0,0,2.0,1,0,1.0,1,0,0,0,185.0,28,242.0,0.75
0.0,1956.0,3.0,5,4.0,839.0,513.0,45.0,35.0,1.0,2.0,1053.0,22.6006912,88.4694535,1,8.0,0,0,0,0,0,0,1,0.0,0,0,0,2.0,1,0,1.0,1,0,0,0,185.0,28,242.0,0.65
0.0,2653.0,3.0,5,4.0,837.0,513.0,45.0,35.0,1.0,3.0,1450.0,22.6006912,88.4694535,1,2.0,0,1,0,0,0,0,0,0.0,0,0,0,2.0,1,0,1.0,1,0,0,0,185.0,28,242.0,0.75
0.0,3447.0,3.0,1,19.0,1399.0,542.0,42.0,8.0,1.0,2.0,1265.0,22.625582,88.490761,1,3.0,0,0,1,0,0,0,0,0.0,0,0,0,2.0,1,0,1.0,1,0,0,0,118.0,28,284.0,0.87
0.0,4163.0,3.0,1,23.0,1712.0,400.0,42.0,13.0,1.0,7.0,2348.0,22.53566,88.33917,1,4.0,0,0,0,1,0,0,0,0.0,0,0,0,2.0,1,0,3.0,0,0,1,0,110.0,27,68.0,3.5
0.0,2056.0,1.0,1,5.0,1448.0,50.0,43.0,17.0,1.0,5.0,556.0,22.692715,88.402954,1,4.0,0,0,0,1,0,0,0,1.0,1,0,0,2.0,1,0,2.0,0,1,0,0,200.0,26,335.0,0.1446
0.0,3446.0,4.0,5,20.0,1069.0,695.0,44.0,7.0,3.0,11.0,2300.0,22.570637,88.4617767,1,4.0,0,0,0,1,0,0,0,0.0,0,0,0,2.0,1,0,1.0,1,0,0,0,146.0,28,242.0,2.6
0.0,494.0,3.0,3,4.0,1313.0,504.0,43.0,18.0,1.0,2.0,1080.0,22.44792,88.40389,1,3.0,0,0,1,0,0,0,0,0.0,0,0,0,2.0,1,0,3.0,0,0,1,0,201.0,27,231.0,0.55
0.0,498.0,3.0,2,7.0,1110.0,504.0,43.0,1.0,1.0,7.0,1400.0,22.43107,88.40274,1,1.0,1,0,0,0,0,0,0,0.0,0,0,0,2.0,1,0,3.0,0,0,1,0,292.0,27,231.0,0.51
0.0,3381.0,3.0,3,18.0,1427.0,435.0,43.0,48.0,1.0,7.0,1654.0,22.5493497,88.3982095,1,3.0,0,0,1,0,0,0,0,0.0,0,0,0,2.0,1,0,1.0,1,0,0,0,193.0,28,116.0,1.8
0.0,1839.0,3.0,1,4.0,116.0,537.0,43.0,50.0,1.0,2.0,1351.0,22.5165497104,88.3881655757,1,3.0,0,0,1,0,0,0,0,0.0,0,0,0,2.0,1,0,3.0,0,0,1,0,197.0,27,277.0,0.98
0.0,2341.0,2.0,1,4.0,221.0,193.0,43.0,21.0,1.0,3.0,992.0,22.682764,88.458755,1,2.0,0,1,0,0,0,0,0,0.0,0,0,0,2.0,1,0,2.0,0,1,0,0,200.0,26,195.0,0.3075
0.0,4154.0,2.0,1,4.0,221.0,200.0,43.0,27.0,1.0,3.0,908.0,22.585943,88.486206,1,4.0,0,0,0,1,0,0,0,0.0,0,0,0,2.0,1,0,2.0,0,1,0,0,87.0,26,211.0,0.2814
0.0,4151.0,1.0,1,4.0,221.0,34.0,43.0,27.0,1.0,3.0,529.0,22.585943,88.486206,1,3.0,0,0,1,0,0,0,0,0.0,0,0,0,2.0,1,0,2.0,0,1,0,0,87.0,26,196.0,0.1639
0.0,2849.0,2.0,1,4.0,221.0,77.0,43.0,27.0,1.0,3.0,882.0,22.585943,88.486206,1,5.0,0,0,0,0,1,0,0,0.0,0,0,0,2.0,1,0,2.0,0,1,0,0,87.0,26,29.0,0.2734
0.0,3450.0,3.0,5,11.0,1450.0,486.0,45.0,10.0,1.0,7.0,1272.0,22.70124,88.47059,1,3.0,0,0,1,0,0,0,0,0.0,0,0,0,2.0,1,0,2.0,0,1,0,0,229.0,26,195.0,0.86
0.0,3449.0,3.0,5,11.0,1450.0,486.0,45.0,10.0,1.0,4.0,1337.0,22.70124,88.47059,1,3.0,0,0,1,0,0,0,0,0.0,0,0,0,2.0,1,0,2.0,0,1,0,0,229.0,26,195.0,0.85
0.0,490.0,3.0,3,4.0,1313.0,504.0,43.0,4.0,1.0,3.0,1140.0,22.437822,88.3976073,1,0.0,0,0,0,0,0,0,0,0.0,0,0,0,2.0,1,0,3.0,0,0,1,0,36.0,27,231.0,0.53
0.0,484.0,3.0,2,8.0,1118.0,471.0,42.0,24.0,1.0,1.0,1445.0,22.448149,88.39195,1,3.0,0,0,1,0,0,0,0,0.0,0,0,0,2.0,1,0,3.0,0,0,1,0,74.0,27,176.0,0.67
0.0,2846.0,2.0,1,3.0,227.0,201.0,43.0,29.0,1.0,2.0,908.0,22.630198,88.48166,1,5.0,0,0,0,0,1,0,0,0.0,0,0,0,2.0,1,0,2.0,0,1,0,0,208.0,26,212.0,0.2814
0.0,4152.0,3.0,1,3.0,225.0,486.0,43.0,29.0,1.0,2.0,1158.0,22.630198,88.48166,1,8.0,0,0,0,0,0,0,1,0.0,0,0,0,2.0,1,0,2.0,0,1,0,0,208.0,26,195.0,0.3588
0.0,901.0,4.0,5,31.0,1402.0,671.0,44.0,8.0,1.0,10.0,2527.0,22.558639,88.394022,1,5.0,0,0,0,0,1,0,0,0.0,0,0,0,2.0,1,0,1.0,1,0,0,0,118.0,28,116.0,2.6
0.0,3671.0,4.0,6,12.0,1064.0,664.0,42.0,15.0,3.0,5.0,2300.0,22.557147,88.398467,1,1.0,1,0,0,0,0,0,0,0.0,0,0,0,2.0,1,0,1.0,1,0,0,0,124.0,28,87.0,2.35
0.0,887.0,3.0,1,45.0,1692.0,435.0,42.0,15.0,2.0,5.0,2021.0,22.548114,88.4004968,1,0.0,0,0,0,0,0,0,0,0.0,0,0,0,2.0,1,0,3.0,0,0,1,0,64.0,27,116.0,3.0
0.0,630.0,3.0,2,4.0,244.0,615.0,43.0,50.0,1.0,2.0,1250.0,22.4982976,88.394025,1,3.0,0,0,1,0,0,0,0,0.0,0,0,0,1.0,0,0,3.0,0,0,1,0,192.0,27,169.0,0.75
0.0,3288.0,3.0,6,13.0,1398.0,542.0,42.0,15.0,1.0,8.0,1285.0,22.6006912,88.4694535,0,5.0,0,0,0,0,1,0,0,0.0,0,0,0,2.0,1,0,1.0,1,0,0,0,255.0,28,284.0,0.9
0.0,316.0,1.0,2,4.0,79.0,52.0,43.0,49.0,1.0,0.0,360.0,22.49194,88.393071,1,4.0,0,0,0,1,0,0,0,0.0,0,0,0,2.0,1,0,3.0,0,0,1,0,188.0,27,348.0,0.19
0.0,588.0,3.0,1,4.0,720.0,416.0,43.0,14.0,2.0,3.0,1224.0,22.610208,88.495849,1,5.0,0,0,0,0,1,0,0,1.0,1,0,0,2.0,1,0,1.0,1,0,0,0,19.0,28,89.0,0.55
0.0,1800.0,3.0,1,13.0,1398.0,542.0,42.0,15.0,1.0,10.0,1285.0,22.6299832,88.4700834,1,7.0,0,0,0,0,0,0,0,0.0,0,0,0,2.0,1,0,1.0,1,0,0,0,255.0,28,284.0,0.95
0.0,1583.0,3.0,2,5.0,1404.0,542.0,43.0,15.0,1.0,5.0,1220.0,22.64148,88.471821,1,3.0,0,0,1,0,0,0,0,1.0,1,0,0,2.0,1,0,1.0,1,0,0,0,248.0,28,284.0,0.6
0.0,1803.0,3.0,2,5.0,1404.0,542.0,43.0,15.0,1.0,3.0,1385.0,22.64148,88.471821,1,2.0,0,1,0,0,0,0,0,1.0,1,0,0,2.0,1,0,1.0,1,0,0,0,248.0,28,284.0,0.62
0.0,2499.0,2.0,2,5.0,1404.0,252.0,43.0,15.0,1.0,2.0,980.0,22.64148,88.471821,1,7.0,0,0,0,0,0,0,0,0.0,0,0,0,2.0,1,0,1.0,1,0,0,0,248.0,28,284.0,0.385
0.0,2488.0,3.0,1,24.0,1397.0,369.0,42.0,8.0,1.0,9.0,1445.0,22.645631,88.382354,0,3.0,0,0,1,0,0,0,0,0.0,0,0,0,2.0,1,0,2.0,0,1,0,0,118.0,26,28.0,0.92
0.0,2545.0,3.0,1,24.0,1397.0,369.0,42.0,8.0,1.0,9.0,1495.0,22.645631,88.382354,0,5.0,0,0,0,0,1,0,0,0.0,0,0,0,2.0,1,0,2.0,0,1,0,0,118.0,26,28.0,0.93
0.0,3376.0,3.0,1,24.0,1397.0,369.0,42.0,8.0,1.0,7.0,1445.0,22.645631,88.382354,0,3.0,0,0,1,0,0,0,0,0.0,0,0,0,2.0,1,0,2.0,0,1,0,0,118.0,26,28.0,0.9
0.0,884.0,3.0,6,10.0,1664.0,542.0,42.0,15.0,1.0,5.0,1346.0,22.638311,88.465164,1,4.0,0,0,0,1,0,0,0,0.0,0,0,0,2.0,1,0,1.0,1,0,0,0,223.0,28,284.0,0.75
0.0,2491.0,3.0,6,24.0,1397.0,369.0,42.0,8.0,1.0,7.0,1192.0,22.645631,88.382354,0,0.0,0,0,0,0,0,0,0,0.0,0,0,0,2.0,1,0,2.0,0,1,0,0,118.0,26,28.0,0.8
0.0,3550.0,2.0,2,5.0,1404.0,252.0,43.0,15.0,1.0,2.0,780.0,22.64148,88.471821,1,7.0,0,0,0,0,0,0,0,1.0,1,0,0,2.0,1,0,1.0,1,0,0,0,248.0,28,284.0,0.31
0.0,2497.0,3.0,2,5.0,1404.0,542.0,43.0,15.0,1.0,2.0,1005.0,22.64148,88.471821,1,3.0,0,0,1,0,0,0,0,0.0,0,0,0,2.0,1,0,1.0,1,0,0,0,248.0,28,284.0,0.42
0.0,3694.0,2.0,2,26.0,1372.0,223.0,43.0,19.0,1.0,8.0,1718.0,22.561937,88.491503,1,1.0,1,0,0,0,0,0,0,1.0,1,0,0,2.0,1,0,1.0,1,0,0,0,195.0,28,242.0,1.45
0.0,3366.0,3.0,1,18.0,1060.0,513.0,42.0,15.0,1.0,10.0,1074.0,22.582182,88.487992,1,1.0,1,0,0,0,0,0,0,0.0,0,0,0,2.0,1,0,1.0,1,0,0,0,234.0,28,242.0,1.35
0.0,2710.0,3.0,6,10.0,1664.0,542.0,42.0,15.0,1.0,1.0,1343.0,22.638311,88.465164,1,4.0,0,0,0,1,0,0,0,0.0,0,0,0,2.0,1,0,1.0,1,0,0,0,223.0,28,284.0,0.72
0.0,3508.0,2.0,6,5.0,887.0,204.0,43.0,21.0,1.0,2.0,840.0,22.566305,88.273073,1,5.0,0,0,0,0,1,0,0,3.0,0,0,1,2.0,1,0,4.0,0,0,0,1,206.0,29,217.0,0.28
0.0,585.0,3.0,3,2.0,186.0,555.0,43.0,45.0,1.0,0.0,1200.0,22.5835333,88.4285958,0,4.0,0,0,0,1,0,0,0,0.0,0,0,0,2.0,1,0,2.0,0,1,0,0,75.0,26,305.0,0.75
0.0,2911.0,3.0,6,4.0,1597.0,517.0,43.0,33.0,2.0,4.0,1250.0,22.5706206,88.468911,0,1.0,1,0,0,0,0,0,0,0.0,0,0,0,2.0,1,0,1.0,1,0,0,0,85.0,28,246.0,0.7
0.0,2908.0,2.0,2,4.0,1592.0,208.0,43.0,49.0,1.0,0.0,1000.0,22.6217922,88.4179705,1,1.0,1,0,0,0,0,0,0,0.0,0,0,0,2.0,1,0,2.0,0,1,0,0,182.0,26,222.0,0.295
0.0,3107.0,2.0,6,4.0,1690.0,226.0,43.0,38.0,1.0,2.0,1100.0,22.627955,88.457437,1,1.0,1,0,0,0,0,0,0,0.0,0,0,0,2.0,1,0,1.0,1,0,0,0,183.0,28,248.0,0.655
0.0,2592.0,3.0,2,3.0,949.0,474.0,43.0,49.0,1.0,2.0,1360.0,22.472937,88.377266,1,2.0,0,1,0,0,0,0,0,0.0,0,0,0,2.0,1,0,3.0,0,0,1,0,80.0,27,179.0,0.75
0.0,3440.0,5.0,1,4.0,949.0,750.0,43.0,49.0,1.0,1.0,2300.0,22.472937,88.377266,1,1.0,1,0,0,0,0,0,0,0.0,0,0,0,2.0,1,0,3.0,0,0,1,0,80.0,27,307.0,1.75
0.0,3015.0,1.0,1,10.0,1408.0,45.0,43.0,30.0,1.0,9.0,595.0,22.633556,88.463352,1,8.0,0,0,0,0,0,0,1,2.0,0,1,0,2.0,1,0,1.0,1,0,0,0,208.0,28,284.0,0.34
0.0,682.0,1.0,1,10.0,1408.0,45.0,43.0,30.0,1.0,2.0,655.0,22.63445,88.46583,1,2.0,0,1,0,0,0,0,0,2.0,0,1,0,2.0,1,0,1.0,1,0,0,0,208.0,28,284.0,0.3
0.0,3190.0,2.0,1,4.0,949.0,123.0,43.0,38.0,1.0,1.0,790.0,22.628942,88.44586,1,7.0,0,0,0,0,0,0,0,1.0,1,0,0,2.0,1,0,1.0,1,0,0,0,181.0,28,86.0,0.3
0.0,3420.0,4.0,5,3.0,372.0,708.0,45.0,49.0,3.0,2.0,2396.0,22.59112,88.40403,1,1.0,1,0,0,0,0,0,0,0.0,0,0,0,2.0,1,0,2.0,0,1,0,0,73.0,26,316.0,1.95
0.0,1478.0,3.0,2,4.0,43.0,355.0,43.0,41.0,2.0,2.0,1250.0,22.581047,88.462231,0,5.0,0,0,0,0,1,0,0,1.0,1,0,0,2.0,1,0,1.0,1,0,0,0,86.0,28,2.0,0.65
0.0,426.0,3.0,1,10.0,201.0,499.0,43.0,15.0,2.0,2.0,1449.0,22.498705,88.41619,1,7.0,0,0,0,0,0,0,0,0.0,0,0,0,2.0,1,0,3.0,0,0,1,0,245.0,27,219.0,0.9
0.0,1531.0,3.0,5,4.0,371.0,513.0,45.0,35.0,2.0,3.0,1250.0,22.6006912,88.4694535,1,3.0,0,0,1,0,0,0,0,0.0,0,0,0,2.0,1,0,1.0,1,0,0,0,185.0,28,242.0,0.58
0.0,3623.0,3.0,5,5.0,179.0,513.0,45.0,35.0,2.0,3.0,1450.0,22.6006912,88.4694535,0,3.0,0,0,1,0,0,0,0,0.0,0,0,0,2.0,1,0,1.0,1,0,0,0,185.0,28,242.0,0.67
0.0,3992.0,3.0,1,5.0,1474.0,513.0,43.0,15.0,1.0,3.0,1659.0,22.617878,88.448016,1,5.0,0,0,0,0,1,0,0,2.0,0,1,0,2.0,1,0,1.0,1,0,0,0,271.0,28,242.0,1.05
0.0,1801.0,3.0,1,19.0,1399.0,542.0,42.0,8.0,1.0,14.0,1265.0,22.625582,88.490761,1,5.0,0,0,0,0,1,0,0,0.0,0,0,0,2.0,1,0,1.0,1,0,0,0,118.0,28,284.0,0.85
0.0,4008.0,3.0,1,19.0,1399.0,542.0,42.0,8.0,1.0,19.0,1265.0,22.625582,88.490761,1,5.0,0,0,0,0,1,0,0,0.0,0,0,0,2.0,1,0,1.0,1,0,0,0,118.0,28,284.0,0.8
0.0,3720.0,3.0,1,13.0,80.0,513.0,43.0,37.0,2.0,5.0,1535.0,22.6227166,88.450594,1,3.0,0,0,1,0,0,0,0,1.0,1,0,0,2.0,1,0,1.0,1,0,0,0,183.0,28,242.0,1.35
0.0,1898.0,2.0,2,3.0,698.0,303.0,43.0,18.0,1.0,1.0,750.0,22.46376,88.30718,1,6.0,0,0,0,0,0,1,0,0.0,0,0,0,2.0,1,0,3.0,0,0,1,0,213.0,27,357.0,0.23
0.0,19.0,2.0,1,12.0,1302.0,305.0,42.0,4.0,1.0,9.0,1317.0,22.483811,88.329373,1,3.0,0,0,1,0,0,0,0,0.0,0,0,0,2.0,1,0,3.0,0,0,1,0,268.0,27,359.0,0.85
0.0,217.0,3.0,2,4.0,1555.0,508.0,43.0,50.0,1.0,3.0,1345.0,22.506724,88.32922,1,6.0,0,0,0,0,0,1,0,0.0,0,0,0,2.0,1,0,3.0,0,0,1,0,164.0,27,237.0,0.9
0.0,2608.0,2.0,1,4.0,331.0,189.0,43.0,50.0,1.0,1.0,770.0,22.507576,88.35793,1,3.0,0,0,1,0,0,0,0,0.0,0,0,0,2.0,1,0,3.0,0,0,1,0,213.0,27,189.0,0.5005
0.0,271.0,3.0,2,5.0,429.0,583.0,43.0,25.0,1.0,2.0,1302.0,22.462776,88.332991,1,3.0,0,0,1,0,0,0,0,1.0,1,0,0,2.0,1,0,3.0,0,0,1,0,180.0,27,359.0,0.48
0.0,244.0,3.0,1,5.0,430.0,583.0,43.0,31.0,1.0,4.0,1075.0,22.465168,88.334203,1,6.0,0,0,0,0,0,1,0,0.0,0,0,0,2.0,1,0,3.0,0,0,1,0,190.0,27,359.0,0.49
0.0,111.0,2.0,2,5.0,430.0,305.0,43.0,31.0,1.0,4.0,938.0,22.465168,88.334203,1,2.0,0,1,0,0,0,0,0,0.0,0,0,0,2.0,1,0,3.0,0,0,1,0,190.0,27,359.0,0.38
0.0,104.0,2.0,5,4.0,283.0,250.0,45.0,50.0,1.0,1.0,877.0,22.5070649,88.3456085,1,3.0,0,0,1,0,0,0,0,0.0,0,0,0,2.0,1,0,3.0,0,0,1,0,94.0,27,279.0,0.57
0.0,2283.0,2.0,6,15.0,1108.0,172.0,42.0,15.0,1.0,12.0,843.0,22.447584,88.299034,1,4.0,0,0,0,1,0,0,0,0.0,0,0,0,2.0,1,0,3.0,0,0,1,0,67.0,27,166.0,0.44
0.0,1135.0,2.0,5,14.0,976.0,172.0,44.0,8.0,2.0,7.0,817.0,22.441052,88.289201,1,1.0,1,0,0,0,0,0,0,0.0,0,0,0,2.0,1,0,3.0,0,0,1,0,118.0,27,166.0,0.455
0.0,247.0,3.0,2,4.0,755.0,583.0,43.0,50.0,1.0,1.0,1200.0,22.491745,88.33939,1,4.0,0,0,0,1,0,0,0,0.0,0,0,0,2.0,1,0,3.0,0,0,1,0,81.0,27,359.0,0.35
0.0,277.0,2.0,5,3.0,830.0,75.0,45.0,50.0,1.0,2.0,762.0,22.4871476,88.3322464,1,4.0,0,0,0,1,0,0,0,0.0,0,0,0,2.0,1,0,3.0,0,0,1,0,162.0,27,27.0,0.381
0.0,2187.0,2.0,2,4.0,429.0,305.0,43.0,50.0,1.0,1.0,971.0,22.5,88.35,1,0.0,0,0,0,0,0,0,0,1.0,1,0,0,2.0,1,0,3.0,0,0,1,0,95.0,27,359.0,0.42
0.0,4142.0,2.672021502414428,0,3.0,1727.0,783.0,46.0,12.0,1.2297135143990388,3.753961788353753,1440.0,22.4439029807,88.2978736068,1,1.0,1,0,0,0,0,0,0,3.0,0,0,1,3.0,0,1,3.0,0,0,1,0,41.0,27,166.0,0.0338
0.0,148.0,3.0,3,10.0,995.0,581.0,43.0,15.0,2.0,5.0,1034.0,22.45048,88.301865,1,6.0,0,0,0,0,0,1,0,0.0,0,0,0,2.0,1,0,3.0,0,0,1,0,41.0,27,355.0,0.38
0.0,47.0,2.0,3,7.0,995.0,302.0,43.0,15.0,2.0,4.0,917.0,22.449913,88.304064,1,4.0,0,0,0,1,0,0,0,2.0,0,1,0,2.0,1,0,3.0,0,0,1,0,213.0,27,355.0,0.36
0.0,48.0,2.0,3,4.0,995.0,302.0,43.0,15.0,2.0,3.0,837.0,22.45048,88.301865,1,3.0,0,0,1,0,0,0,0,1.0,1,0,0,2.0,1,0,3.0,0,0,1,0,41.0,27,355.0,0.38
0.0,45.0,2.0,6,14.0,931.0,172.0,42.0,12.0,2.0,8.0,820.0,22.4439029807,88.2978736068,1,6.0,0,0,0,0,0,1,0,1.0,1,0,0,2.0,1,0,3.0,0,0,1,0,41.0,27,166.0,0.395
0.0,160.0,3.0,2,4.0,430.0,583.0,43.0,31.0,1.0,4.0,1265.0,22.465168,88.334203,1,1.0,1,0,0,0,0,0,0,2.0,0,1,0,2.0,1,0,3.0,0,0,1,0,190.0,27,359.0,0.65
0.0,2201.0,2.672021502414428,0,3.0,1131.0,783.0,43.0,12.0,1.2297135143990388,3.753961788353753,2880.0,22.440462,88.253225,1,0.0,0,0,0,0,0,0,0,3.0,0,0,1,3.0,0,1,3.0,0,0,1,0,33.0,27,166.0,0.1096
0.0,2857.0,2.672021502414428,0,3.0,1131.0,783.0,43.0,12.0,1.2297135143990388,3.753961788353753,1800.0,22.440462,88.253225,1,0.0,0,0,0,0,0,0,0,3.0,0,0,1,3.0,0,1,3.0,0,0,1,0,33.0,27,166.0,0.0684999999999999
0.0,54.0,2.0,5,5.0,1618.0,149.0,45.0,50.0,1.0,3.0,1054.0,22.58715,88.36218,1,0.0,0,0,0,0,0,0,0,0.0,0,0,0,2.0,1,0,2.0,0,1,0,0,74.0,26,131.0,0.7483
0.0,166.0,3.0,5,5.0,1618.0,446.0,45.0,50.0,2.0,2.0,1274.0,22.58715,88.36218,1,3.0,0,0,1,0,0,0,0,0.0,0,0,0,2.0,1,0,2.0,0,1,0,0,74.0,26,131.0,0.9045
0.0,2299.0,2.672021502414428,0,3.0,1131.0,783.0,26.0,12.0,1.2297135143990388,3.753961788353753,1440.0,22.440462,88.253225,1,1.0,1,0,0,0,0,0,0,3.0,0,0,1,3.0,0,1,3.0,0,0,1,0,33.0,27,166.0,0.0552
0.0,2298.0,2.672021502414428,0,3.0,1131.0,783.0,30.0,12.0,1.2297135143990388,3.753961788353753,2160.0,22.440462,88.253225,1,8.0,0,0,0,0,0,0,1,3.0,0,0,1,3.0,0,1,3.0,0,0,1,0,33.0,27,166.0,0.086
0.0,2239.0,2.672021502414428,0,0.0,1131.0,783.0,43.0,12.0,1.2297135143990388,3.753961788353753,1800.0,22.440462,88.253225,1,0.0,0,0,0,0,0,0,0,3.0,0,0,1,3.0,0,1,3.0,0,0,1,0,33.0,27,166.0,0.055
0.0,2203.0,2.672021502414428,0,5.0,1131.0,783.0,43.0,12.0,1.2297135143990388,3.753961788353753,1439.0,22.440462,88.253225,1,0.0,0,0,0,0,0,0,0,3.0,0,0,1,3.0,0,1,3.0,0,0,1,0,33.0,27,166.0,0.055
0.0,2281.0,2.0,6,4.0,1101.0,182.0,43.0,41.0,1.0,2.0,750.0,22.5068269,88.4062806,1,3.0,0,0,1,0,0,0,0,0.0,0,0,0,2.0,1,0,3.0,0,0,1,0,188.0,27,179.0,0.36
0.0,3316.0,3.0,6,4.0,125.0,474.0,43.0,50.0,2.0,2.0,1668.0,22.519587,88.376107,1,3.0,0,0,1,0,0,0,0,0.0,0,0,0,2.0,1,0,3.0,0,0,1,0,178.0,27,179.0,0.8
0.0,792.0,3.0,6,4.0,125.0,487.0,43.0,41.0,2.0,1.0,1668.0,22.5068173,88.4062718,1,3.0,0,0,1,0,0,0,0,0.0,0,0,0,2.0,1,0,3.0,0,0,1,0,188.0,27,197.0,0.8
0.0,3401.0,4.0,6,4.0,125.0,682.0,43.0,50.0,2.0,1.0,1668.0,22.519587,88.376107,1,3.0,0,0,1,0,0,0,0,3.0,0,0,1,2.0,1,0,3.0,0,0,1,0,178.0,27,179.0,0.8
0.0,2297.0,2.0,1,4.0,1130.0,206.0,43.0,46.0,1.0,2.0,900.0,22.478693,88.40448,1,1.0,1,0,0,0,0,0,0,0.0,0,0,0,2.0,1,0,3.0,0,0,1,0,77.0,27,219.0,0.4
0.0,3463.0,2.0,1,4.0,1100.0,70.0,43.0,46.0,1.0,3.0,750.0,22.478693,88.40448,1,5.0,0,0,0,0,1,0,0,0.0,0,0,0,2.0,1,0,3.0,0,0,1,0,77.0,27,15.0,0.36
0.0,2593.0,2.0,1,4.0,949.0,182.0,43.0,46.0,1.0,1.0,850.0,22.478693,88.40448,1,1.0,1,0,0,0,0,0,0,0.0,0,0,0,2.0,1,0,3.0,0,0,1,0,77.0,27,179.0,0.4
0.0,2282.0,2.0,1,4.0,1100.0,70.0,43.0,38.0,1.0,2.0,900.0,22.486094,88.413666,1,8.0,0,0,0,0,0,0,1,0.0,0,0,0,2.0,1,0,3.0,0,0,1,0,189.0,27,15.0,0.432
0.0,3182.0,2.0,1,4.0,1100.0,194.0,43.0,38.0,0.0,2.0,750.0,22.486094,88.413666,1,3.0,0,0,1,0,0,0,0,0.0,0,0,0,2.0,1,0,3.0,0,0,1,0,189.0,27,197.0,0.36
0.0,3418.0,4.0,1,4.0,124.0,687.0,43.0,49.0,2.0,2.0,1668.0,22.482876,88.39109,1,4.0,0,0,0,1,0,0,0,0.0,0,0,0,2.0,1,0,3.0,0,0,1,0,79.0,27,197.0,0.8
0.0,1707.0,2.0,1,4.0,124.0,142.0,43.0,45.0,1.0,1.0,850.0,22.464977,88.39345,1,1.0,1,0,0,0,0,0,0,0.0,0,0,0,2.0,1,0,3.0,0,0,1,0,80.0,27,116.0,0.408
0.0,912.0,2.0,1,4.0,124.0,194.0,43.0,40.0,1.0,1.0,850.0,22.507175,88.40601,1,6.0,0,0,0,0,0,1,0,0.0,0,0,0,2.0,1,0,3.0,0,0,1,0,188.0,27,197.0,0.4
0.0,4144.0,10.0,6,4.0,1101.0,57.0,43.0,42.0,4.0,11.020071875870642,2159.0,22.548114,88.4004968,1,3.0,0,0,1,0,0,0,0,0.0,0,0,0,0.0,0,0,1.0,1,0,0,0,193.0,28,116.0,2.85
0.0,4145.0,10.0,6,4.0,1101.0,56.0,43.0,35.0,4.0,11.020071875870642,2159.0,22.514876,88.40979,1,3.0,0,0,1,0,0,0,0,0.0,0,0,0,0.0,0,0,3.0,0,0,1,0,188.0,27,17.0,2.85
0.0,4146.0,10.0,6,4.0,1101.0,58.0,43.0,47.0,4.0,11.020071875870642,2159.0,22.501139,88.406038,1,3.0,0,0,1,0,0,0,0,0.0,0,0,0,0.0,0,0,3.0,0,0,1,0,188.0,27,197.0,2.85
0.0,3083.0,2.0,6,4.0,1130.0,166.0,43.0,41.0,1.0,1.0,850.0,22.502553,88.408784,1,3.0,0,0,1,0,0,0,0,0.0,0,0,0,2.0,1,0,3.0,0,0,1,0,188.0,27,157.0,0.4
0.0,2523.0,4.0,6,4.0,124.0,651.0,43.0,36.0,2.0,2.0,1668.0,22.51446,88.4093,1,3.0,0,0,1,0,0,0,0,0.0,0,0,0,2.0,1,0,3.0,0,0,1,0,188.0,27,15.0,0.8
0.0,3122.0,2.0,6,4.0,126.0,70.0,43.0,36.0,1.0,2.0,850.0,22.51446,88.4093,1,3.0,0,0,1,0,0,0,0,0.0,0,0,0,2.0,1,0,3.0,0,0,1,0,188.0,27,15.0,0.4
0.0,3183.0,2.0,6,4.0,1100.0,194.0,43.0,47.0,1.0,3.0,900.0,22.501139,88.406038,1,3.0,0,0,1,0,0,0,0,0.0,0,0,0,2.0,1,0,3.0,0,0,1,0,188.0,27,197.0,0.43
0.0,4035.0,4.0,6,4.0,124.0,671.0,43.0,42.0,2.0,1.0,1668.0,22.548114,88.4004968,1,1.0,1,0,0,0,0,0,0,0.0,0,0,0,2.0,1,0,3.0,0,0,1,0,193.0,27,116.0,0.8
0.0,3787.0,3.0,6,25.0,262.0,403.0,43.0,31.0,1.0,19.0,1290.0,22.6451298,88.3824248,1,6.0,0,0,0,0,0,1,0,0.0,0,0,0,2.0,1,0,2.0,0,1,0,0,97.0,26,73.0,0.8
0.0,2961.0,2.0,6,4.0,930.0,140.0,43.0,30.0,1.0,4.0,663.0,22.6541396,88.3736539,1,3.0,0,0,1,0,0,0,0,0.0,0,0,0,2.0,1,0,2.0,0,1,0,0,68.0,26,114.0,0.26
0.0,2955.0,2.0,6,25.0,930.0,112.0,43.0,33.0,1.0,11.0,930.0,22.6452553,88.3796202,1,3.0,0,0,1,0,0,0,0,0.0,0,0,0,2.0,1,0,2.0,0,1,0,0,68.0,26,73.0,0.65
0.0,2946.0,2.0,6,5.0,930.0,140.0,43.0,28.0,1.0,1.0,840.0,22.65248,88.3769,1,3.0,0,0,1,0,0,0,0,0.0,0,0,0,2.0,1,0,2.0,0,1,0,0,68.0,26,114.0,0.34
0.0,2957.0,3.0,2,5.0,315.0,384.0,43.0,35.0,1.0,2.0,1293.0,22.6448184,88.3681015,1,4.0,0,0,0,1,0,0,0,0.0,0,0,0,2.0,1,0,2.0,0,1,0,0,68.0,26,47.0,0.475
0.0,3783.0,2.0,6,4.0,813.0,140.0,43.0,34.0,1.0,4.0,1120.0,22.6504495,88.3717569,1,4.0,0,0,0,1,0,0,0,0.0,0,0,0,2.0,1,0,2.0,0,1,0,0,68.0,26,114.0,0.324
0.0,486.0,3.0,1,4.0,298.0,471.0,43.0,26.0,2.0,2.0,1270.0,22.448935,88.393423,1,1.0,1,0,0,0,0,0,0,0.0,0,0,0,2.0,1,0,3.0,0,0,1,0,74.0,27,176.0,0.7
0.0,497.0,3.0,2,5.0,1115.0,504.0,43.0,4.0,1.0,3.0,1288.0,22.4387665,88.3933737,1,7.0,0,0,0,0,0,0,0,1.0,1,0,0,2.0,1,0,3.0,0,0,1,0,36.0,27,231.0,0.45
0.0,554.0,3.0,6,2.0,123.0,638.0,43.0,35.0,3.0,6.157617605456906,3600.0,22.6006912,88.4694535,1,3.0,0,0,1,0,0,0,0,0.0,0,0,0,0.0,0,0,1.0,1,0,0,0,185.0,28,242.0,1.9
0.0,1787.0,3.0,1,4.0,949.0,513.0,43.0,26.0,1.0,3.0,1208.0,22.498705,88.41619,1,5.0,0,0,0,0,1,0,0,0.0,0,0,0,2.0,1,0,1.0,1,0,0,0,179.0,28,242.0,0.62
0.0,1669.0,2.0,1,4.0,950.0,223.0,43.0,35.0,1.0,2.0,793.0,22.6006912,88.4694535,1,6.0,0,0,0,0,0,1,0,0.0,0,0,0,2.0,1,0,1.0,1,0,0,0,185.0,28,242.0,0.3013
0.0,1357.0,2.672021502414428,0,4.0,950.0,778.0,43.0,26.0,1.2297135143990388,3.753961788353753,3023.0,22.76743,88.38835,1,1.0,1,0,0,0,0,0,0,3.0,0,0,1,3.0,0,1,2.0,0,1,0,0,217.0,26,51.0,1.06
0.0,1431.0,3.0,2,6.0,267.0,424.0,43.0,50.0,1.0,2.0,1300.0,22.5180297,88.3500093,1,3.0,0,0,1,0,0,0,0,2.0,0,1,0,2.0,1,0,3.0,0,0,1,0,90.0,27,103.0,1.6
0.0,3973.0,3.0,6,4.0,276.0,355.0,43.0,41.0,1.0,1.0,1420.0,22.581047,88.462231,1,0.0,0,0,0,0,0,0,0,0.0,0,0,0,2.0,1,0,1.0,1,0,0,0,86.0,28,2.0,0.87
0.0,3176.0,2.0,5,4.0,1002.0,155.0,45.0,19.0,1.0,2.0,820.0,22.693873,88.393203,1,4.0,0,0,0,1,0,0,0,0.0,0,0,0,2.0,1,0,2.0,0,1,0,0,200.0,26,141.0,0.285
0.0,3492.0,2.0,5,4.0,1002.0,155.0,45.0,19.0,1.0,3.0,940.0,22.693873,88.393203,1,6.0,0,0,0,0,0,1,0,0.0,0,0,0,2.0,1,0,2.0,0,1,0,0,200.0,26,141.0,0.29
0.0,4112.0,4.0,1,15.0,1675.0,695.0,43.0,35.0,2.0,1.0,3500.0,22.6006912,88.4694535,1,0.0,0,0,0,0,0,0,0,1.0,1,0,0,2.0,1,0,1.0,1,0,0,0,185.0,28,242.0,2.2
0.0,1759.0,3.0,6,4.0,17.0,355.0,43.0,39.0,1.0,1.0,1485.0,22.581047,88.462231,1,0.0,0,0,0,0,0,0,0,1.0,1,0,0,2.0,1,0,1.0,1,0,0,0,86.0,28,2.0,0.85
0.0,1512.0,3.0,1,4.0,273.0,355.0,43.0,41.0,2.0,4.0,1400.0,22.581047,88.462231,0,0.0,0,0,0,0,0,0,0,2.0,0,1,0,2.0,1,0,1.0,1,0,0,0,86.0,28,2.0,0.98
0.0,2084.0,2.0,1,4.0,949.0,223.0,43.0,28.0,1.0,0.0,710.0,22.63194,88.46037,1,5.0,0,0,0,0,1,0,0,0.0,0,0,0,2.0,1,0,1.0,1,0,0,0,208.0,28,242.0,0.2556
0.0,2102.0,2.0,1,5.0,949.0,184.0,43.0,28.0,1.0,5.0,810.0,22.63194,88.46037,1,5.0,0,0,0,0,1,0,0,0.0,0,0,0,2.0,1,0,2.0,0,1,0,0,208.0,26,181.0,0.2592
0.0,1475.0,3.0,1,5.0,949.0,476.0,43.0,28.0,1.0,3.0,1200.0,22.63194,88.46037,1,4.0,0,0,0,1,0,0,0,0.0,0,0,0,2.0,1,0,2.0,0,1,0,0,208.0,26,181.0,0.384
0.0,2161.0,3.0,5,5.0,595.0,568.0,45.0,25.0,1.0,3.0,1100.0,22.69924,88.38115,1,3.0,0,0,1,0,0,0,0,0.0,0,0,0,2.0,1,0,2.0,0,1,0,0,200.0,26,335.0,0.33
0.0,1684.0,2.0,5,5.0,595.0,287.0,45.0,25.0,1.0,3.0,950.0,22.69924,88.38115,1,6.0,0,0,0,0,0,1,0,0.0,0,0,0,2.0,1,0,2.0,0,1,0,0,200.0,26,335.0,0.28
0.0,3900.0,2.0,5,5.0,596.0,287.0,45.0,40.0,1.0,2.0,850.0,22.4742084161621,88.3284168043032,1,3.0,0,0,1,0,0,0,0,0.0,0,0,0,2.0,1,0,3.0,0,0,1,0,89.0,27,335.0,0.26
0.0,3897.0,2.0,5,4.0,596.0,287.0,45.0,25.0,1.0,2.0,945.0,22.69924,88.38115,1,6.0,0,0,0,0,0,1,0,0.0,0,0,0,2.0,1,0,2.0,0,1,0,0,200.0,26,335.0,0.27
0.0,718.0,2.0,5,4.0,595.0,287.0,45.0,25.0,1.0,3.0,920.0,22.69924,88.38115,1,4.0,0,0,0,1,0,0,0,0.0,0,0,0,2.0,1,0,2.0,0,1,0,0,200.0,26,335.0,0.28
0.0,1863.0,3.0,1,8.0,1118.0,471.0,42.0,26.0,1.0,7.0,1530.0,22.449487,88.395542,1,4.0,0,0,0,1,0,0,0,1.0,1,0,0,2.0,1,0,3.0,0,0,1,0,74.0,27,176.0,0.84
0.0,3284.0,3.0,1,7.0,1300.0,504.0,43.0,15.0,1.0,1.0,1154.0,22.427958,88.407295,1,2.0,0,1,0,0,0,0,0,1.0,1,0,0,2.0,1,0,3.0,0,0,1,0,31.0,27,231.0,0.46
0.0,1464.0,2.0,1,4.0,949.0,180.0,43.0,12.0,1.0,3.0,644.0,22.9471831,88.4375103,1,1.0,1,0,0,0,0,0,0,0.0,0,0,0,2.0,1,0,2.0,0,1,0,0,9.0,26,177.0,0.2254
0.0,3260.0,3.0,6,4.0,949.0,472.0,43.0,8.0,2.0,1.0,1092.0,22.9432565,88.4485921,1,1.0,1,0,0,0,0,0,0,0.0,0,0,0,2.0,1,0,2.0,0,1,0,0,9.0,26,177.0,0.3822
0.0,3268.0,3.0,1,4.0,949.0,601.0,43.0,50.0,1.0,4.0,1200.0,22.968264,88.45755,1,4.0,0,0,0,1,0,0,0,0.0,0,0,0,2.0,1,0,2.0,0,1,0,0,178.0,26,383.0,0.45
0.0,1826.0,3.0,6,4.0,949.0,472.0,43.0,12.0,1.0,2.0,1080.0,22.9471831,88.4375103,1,3.0,0,0,1,0,0,0,0,0.0,0,0,0,2.0,1,0,2.0,0,1,0,0,9.0,26,177.0,0.3456
0.0,3851.0,2.0,6,4.0,969.0,180.0,43.0,12.0,1.0,1.0,740.0,22.9471831,88.4375103,1,3.0,0,0,1,0,0,0,0,0.0,0,0,0,2.0,1,0,2.0,0,1,0,0,9.0,26,177.0,0.1998
0.0,3059.0,2.0,6,4.0,945.0,180.0,43.0,9.0,1.0,2.0,720.0,22.946702,88.439948,1,3.0,0,0,1,0,0,0,0,0.0,0,0,0,2.0,1,0,2.0,0,1,0,0,9.0,26,177.0,0.1944
0.0,2075.0,3.0,1,4.0,943.0,469.0,43.0,50.0,1.0,2.0,1080.0,22.566956,88.325134,1,1.0,1,0,0,0,0,0,0,0.0,0,0,0,2.0,1,0,2.0,0,1,0,0,179.0,26,174.0,0.48
0.0,1462.0,3.0,1,5.0,945.0,469.0,43.0,50.0,1.0,1.0,1100.0,22.566956,88.325134,1,2.0,0,1,0,0,0,0,0,0.0,0,0,0,2.0,1,0,2.0,0,1,0,0,179.0,26,174.0,0.35
0.0,3813.0,1.0,1,4.0,944.0,27.0,43.0,50.0,1.0,2.0,450.0,22.566956,88.325134,1,4.0,0,0,0,1,0,0,0,0.0,0,0,0,2.0,1,0,2.0,0,1,0,0,179.0,26,174.0,0.19
0.0,3424.0,4.0,1,4.0,949.0,680.0,43.0,50.0,2.0,4.0,1400.0,22.566956,88.325134,1,4.0,0,0,0,1,0,0,0,0.0,0,0,0,2.0,1,0,2.0,0,1,0,0,179.0,26,174.0,0.52
0.0,2862.0,2.0,1,25.0,998.0,223.0,43.0,30.0,1.0,1.0,1032.0,22.57539,88.47979,1,0.0,0,0,0,0,0,0,0,0.0,0,0,0,2.0,1,0,1.0,1,0,0,0,86.0,28,242.0,1.1
0.0,3293.0,3.0,2,18.0,1427.0,435.0,43.0,48.0,1.0,9.0,1764.0,22.5497638,88.3996212,1,5.0,0,0,0,0,1,0,0,0.0,0,0,0,2.0,1,0,1.0,1,0,0,0,289.0,28,116.0,2.15
0.0,2904.0,4.0,5,32.0,1579.0,671.0,44.0,6.0,1.0,6.0,2693.0,22.581705,88.399053,1,0.0,0,0,0,0,0,0,0,0.0,0,0,0,2.0,1,0,2.0,0,1,0,0,34.0,26,116.0,4.0
0.0,2296.0,3.0,6,35.0,1033.0,505.0,42.0,15.0,1.0,3.0,1583.0,22.573977,88.398249,1,0.0,0,0,0,0,0,0,0,0.0,0,0,0,2.0,1,0,2.0,0,1,0,0,58.0,26,233.0,1.75
0.0,1441.0,2.0,6,6.0,949.0,141.0,43.0,23.0,1.0,5.0,1022.0,22.6509,88.41945,1,1.0,1,0,0,0,0,0,0,0.0,0,0,0,2.0,1,0,2.0,0,1,0,0,206.0,26,115.0,0.57
0.0,1819.0,3.0,1,13.0,443.0,458.0,42.0,15.0,2.0,6.0,1920.0,22.6286209,88.4178844,1,3.0,0,0,1,0,0,0,0,1.0,1,0,0,2.0,1,0,2.0,0,1,0,0,246.0,26,161.0,1.65
0.0,4200.0,3.0,5,13.0,76.0,513.0,44.0,25.0,1.0,2.0,1457.0,22.586873,88.48828,1,0.0,0,0,0,0,0,0,0,0.0,0,0,0,2.0,1,0,1.0,1,0,0,0,87.0,28,242.0,1.45
0.0,1927.0,3.0,1,11.0,740.0,531.0,43.0,49.0,2.0,4.0,1800.0,22.563858,88.40653,1,0.0,0,0,0,0,0,0,0,0.0,0,0,0,2.0,1,0,2.0,0,1,0,0,163.0,26,267.0,2.0
0.0,1927.0,4.0,1,11.0,740.0,702.0,43.0,49.0,2.0,5.0,2367.0,22.563858,88.40653,1,0.0,0,0,0,0,0,0,0,0.0,0,0,0,2.0,1,0,2.0,0,1,0,0,163.0,26,267.0,2.25
0.0,1927.0,5.0,1,11.0,740.0,748.0,43.0,49.0,3.0,7.0,2897.0,22.563858,88.40653,1,0.0,0,0,0,0,0,0,0,0.0,0,0,0,2.0,1,0,2.0,0,1,0,0,163.0,26,267.0,3.0
0.0,2268.0,3.0,6,18.0,1060.0,513.0,42.0,15.0,1.0,9.0,1198.0,22.582182,88.487992,1,4.0,0,0,0,1,0,0,0,0.0,0,0,0,2.0,1,0,1.0,1,0,0,0,234.0,28,242.0,1.2
0.0,2272.0,3.0,1,34.0,1061.0,435.0,42.0,15.0,1.0,3.0,2385.0,22.547378,88.393846,1,0.0,0,0,0,0,0,0,0,0.0,0,0,0,2.0,1,0,1.0,1,0,0,0,256.0,28,116.0,3.7
0.0,2414.0,2.0,6,2.0,1157.0,238.0,43.0,41.0,1.0,1.0,892.0,22.5045174,88.301675,1,3.0,0,0,1,0,0,0,0,0.0,0,0,0,2.0,1,0,3.0,0,0,1,0,287.0,27,264.0,0.397
0.0,4096.0,2.0,5,6.0,217.0,137.0,45.0,48.0,1.0,1.0,887.0,22.636815,88.412077,1,3.0,0,0,1,0,0,0,0,0.0,0,0,0,2.0,1,0,2.0,0,1,0,0,81.0,26,111.0,0.3726
0.0,2875.0,1.0,1,6.0,1499.0,37.0,43.0,50.0,1.0,1.0,565.0,22.6174760274,88.4163038726,1,3.0,0,0,1,0,0,0,0,0.0,0,0,0,2.0,1,0,2.0,0,1,0,0,172.0,26,222.0,0.2178
0.0,3862.0,2.0,1,6.0,949.0,208.0,43.0,49.0,1.0,4.0,925.0,22.62012,88.421196,1,3.0,0,0,1,0,0,0,0,1.0,1,0,0,2.0,1,0,2.0,0,1,0,0,182.0,26,222.0,0.3608
0.0,2870.0,2.0,1,6.0,1499.0,208.0,43.0,49.0,1.0,6.0,918.0,22.620487,88.422905,1,8.0,0,0,0,0,0,0,1,0.0,0,0,0,2.0,1,0,2.0,0,1,0,0,182.0,26,222.0,0.3854999999999999
0.0,175.0,3.0,5,4.0,265.0,397.0,45.0,20.0,2.0,4.0,1220.0,22.6683782,88.384625,1,4.0,0,0,0,1,0,0,0,0.0,0,0,0,2.0,1,0,2.0,0,1,0,0,70.0,26,63.0,0.5489999999999999
0.0,175.0,3.0,5,4.0,265.0,397.0,45.0,20.0,2.0,1.0,1135.0,22.6683782,88.384625,1,3.0,0,0,1,0,0,0,0,0.0,0,0,0,2.0,1,0,2.0,0,1,0,0,70.0,26,63.0,0.5108
0.0,1498.0,3.0,1,6.0,1499.0,500.0,43.0,48.0,1.0,2.0,990.0,22.59174,88.39221,1,4.0,0,0,0,1,0,0,0,0.0,0,0,0,2.0,1,0,2.0,0,1,0,0,42.0,26,222.0,0.4158
0.0,1497.0,2.0,1,5.0,1499.0,208.0,43.0,48.0,1.0,0.0,741.0,22.59174,88.39221,1,1.0,1,0,0,0,0,0,0,0.0,0,0,0,2.0,1,0,2.0,0,1,0,0,42.0,26,222.0,0.26
0.0,871.0,3.0,1,5.0,1499.0,500.0,43.0,48.0,1.0,4.0,886.0,22.59174,88.39221,1,8.0,0,0,0,0,0,0,1,1.0,1,0,0,2.0,1,0,2.0,0,1,0,0,42.0,26,222.0,0.27
0.0,2614.0,2.0,6,6.0,1500.0,208.0,43.0,25.0,1.0,4.0,735.0,22.715388,88.378133,1,6.0,0,0,0,0,0,1,0,0.0,0,0,0,2.0,1,0,2.0,0,1,0,0,200.0,26,222.0,0.2868
0.0,3557.0,2.0,1,5.0,1498.0,273.0,43.0,50.0,1.0,1.0,847.0,22.615397,88.418691,1,3.0,0,0,1,0,0,0,0,1.0,1,0,0,2.0,1,0,2.0,0,1,0,0,172.0,26,313.0,0.33
0.0,2869.0,2.0,5,5.0,1499.0,208.0,45.0,50.0,1.0,3.0,790.0,22.6174760274,88.4163038726,1,3.0,0,0,1,0,0,0,0,0.0,0,0,0,2.0,1,0,2.0,0,1,0,0,172.0,26,222.0,0.2844
0.0,3097.0,2.0,5,5.0,1499.0,208.0,45.0,50.0,1.0,5.0,720.0,22.6174760274,88.4163038726,1,6.0,0,0,0,0,0,1,0,0.0,0,0,0,2.0,1,0,2.0,0,1,0,0,172.0,26,222.0,0.22
0.0,2413.0,2.0,6,3.0,1157.0,99.0,43.0,50.0,1.0,3.0,800.0,22.5003996,88.3140477,1,3.0,0,0,1,0,0,0,0,0.0,0,0,0,2.0,1,0,3.0,0,0,1,0,286.0,27,55.0,0.36
0.0,3966.0,3.0,5,5.0,1500.0,500.0,45.0,50.0,1.0,5.0,1000.0,22.6174760274,88.4163038726,1,3.0,0,0,1,0,0,0,0,0.0,0,0,0,2.0,1,0,2.0,0,1,0,0,172.0,26,222.0,0.31
0.0,2871.0,2.0,5,5.0,1500.0,208.0,45.0,25.0,1.0,5.0,845.0,22.715388,88.378133,1,6.0,0,0,0,0,0,1,0,0.0,0,0,0,2.0,1,0,2.0,0,1,0,0,200.0,26,222.0,0.2578
0.0,2872.0,2.0,5,4.0,1500.0,208.0,45.0,50.0,1.0,3.0,650.0,22.6174760274,88.4163038726,1,3.0,0,0,1,0,0,0,0,0.0,0,0,0,2.0,1,0,2.0,0,1,0,0,172.0,26,222.0,0.245
0.0,2874.0,2.0,5,5.0,1499.0,208.0,45.0,25.0,1.0,5.0,828.0,22.715388,88.378133,1,7.0,0,0,0,0,0,0,0,0.0,0,0,0,2.0,1,0,2.0,0,1,0,0,200.0,26,222.0,0.3063
0.0,3612.0,3.0,5,5.0,1500.0,500.0,45.0,25.0,1.0,3.0,1150.0,22.715388,88.378133,1,4.0,0,0,0,1,0,0,0,0.0,0,0,0,2.0,1,0,2.0,0,1,0,0,200.0,26,222.0,0.4826
0.0,2337.0,3.0,1,5.0,1236.0,420.0,43.0,29.0,1.0,1.0,1462.0,22.650162,88.37912,1,5.0,0,0,0,0,1,0,0,0.0,0,0,0,2.0,1,0,2.0,0,1,0,0,68.0,26,95.0,0.6579
0.0,2337.0,3.0,1,5.0,1237.0,384.0,43.0,49.0,1.0,2.0,1452.0,22.620594,88.39563,1,1.0,1,0,0,0,0,0,0,0.0,0,0,0,2.0,1,0,2.0,0,1,0,0,71.0,26,47.0,0.6534
0.0,2320.0,4.0,1,7.0,994.0,669.0,43.0,49.0,1.0,6.0,1672.0,22.620594,88.39563,1,5.0,0,0,0,0,1,0,0,0.0,0,0,0,2.0,1,0,2.0,0,1,0,0,71.0,26,112.0,1.5
0.0,2319.0,3.0,1,7.0,994.0,431.0,43.0,49.0,2.0,5.0,1429.0,22.620594,88.39563,1,6.0,0,0,0,0,0,1,0,0.0,0,0,0,2.0,1,0,2.0,0,1,0,0,71.0,26,112.0,1.06
0.0,4065.0,3.0,2,4.0,626.0,615.0,43.0,50.0,1.0,4.0,1064.0,22.500821,88.3929928,1,3.0,0,0,1,0,0,0,0,0.0,0,0,0,1.0,0,0,3.0,0,0,1,0,192.0,27,169.0,0.63
0.0,96.0,2.0,1,3.0,626.0,333.0,43.0,50.0,2.0,1.0,813.0,22.5067235,88.3959318,1,3.0,0,0,1,0,0,0,0,0.0,0,0,0,1.0,0,0,3.0,0,0,1,0,192.0,27,169.0,0.38
0.0,4088.0,3.0,5,4.0,218.0,476.0,45.0,46.0,3.0,2.0,1409.0,22.597819424373,88.438383821081,1,1.0,1,0,0,0,0,0,0,0.0,0,0,0,2.0,1,0,2.0,0,1,0,0,1.0,26,181.0,0.7186
0.0,4095.0,2.0,5,4.0,53.0,229.0,45.0,35.0,1.0,3.0,871.0,22.6419394233916,88.3827867372338,1,6.0,0,0,0,0,0,1,0,0.0,0,0,0,2.0,1,0,2.0,0,1,0,0,97.0,26,252.0,0.392
0.0,4087.0,2.0,5,4.0,219.0,184.0,45.0,47.0,1.0,3.0,995.0,22.594604,88.436228,1,4.0,0,0,0,1,0,0,0,0.0,0,0,0,2.0,1,0,2.0,0,1,0,0,45.0,26,181.0,0.5075
0.0,2335.0,2.0,6,4.0,1027.0,106.0,43.0,20.0,1.0,1.0,727.0,22.6683782,88.384625,1,4.0,0,0,0,1,0,0,0,0.0,0,0,0,2.0,1,0,2.0,0,1,0,0,70.0,26,63.0,0.2327
0.0,2411.0,3.0,6,3.0,1157.0,529.0,43.0,41.0,1.0,1.0,975.0,22.5046718,88.3002401,1,6.0,0,0,0,0,0,1,0,0.0,0,0,0,2.0,1,0,3.0,0,0,1,0,287.0,27,264.0,0.4
0.0,3278.0,3.0,6,3.0,1157.0,529.0,43.0,43.0,1.0,2.0,1284.0,22.5097071,88.3051791,1,3.0,0,0,1,0,0,0,0,0.0,0,0,0,2.0,1,0,3.0,0,0,1,0,286.0,27,264.0,0.7
0.0,2677.0,3.0,6,4.0,1157.0,529.0,43.0,38.0,1.0,4.0,1360.0,22.512035,88.3028101,1,4.0,0,0,0,1,0,0,0,0.0,0,0,0,2.0,1,0,3.0,0,0,1,0,286.0,27,264.0,0.7208
0.0,3876.0,2.0,6,4.0,1157.0,238.0,43.0,40.0,0.0,3.0,800.0,22.5092697,88.299333,1,7.0,0,0,0,0,0,0,0,0.0,0,0,0,2.0,1,0,3.0,0,0,1,0,286.0,27,264.0,0.43
0.0,900.0,4.0,6,4.0,1157.0,701.0,43.0,38.0,1.0,1.0,2200.0,22.509326,88.301471,1,4.0,0,0,0,1,0,0,0,0.0,0,0,0,2.0,1,0,3.0,0,0,1,0,286.0,27,264.0,1.17
0.0,1739.0,2.0,6,4.0,1158.0,238.0,43.0,38.0,1.0,1.0,1100.0,22.511747,88.3029169,1,3.0,0,0,1,0,0,0,0,0.0,0,0,0,2.0,1,0,3.0,0,0,1,0,286.0,27,264.0,0.583
0.0,1562.0,2.0,6,4.0,1157.0,238.0,43.0,38.0,1.0,1.0,1040.0,22.511977,88.3027008,1,4.0,0,0,0,1,0,0,0,0.0,0,0,0,2.0,1,0,3.0,0,0,1,0,286.0,27,264.0,0.5512
0.0,3877.0,2.0,6,3.0,1157.0,238.0,43.0,43.0,1.0,3.0,894.0,22.4994467,88.3025326,1,3.0,0,0,1,0,0,0,0,0.0,0,0,0,2.0,1,0,3.0,0,0,1,0,287.0,27,264.0,0.3576
0.0,3814.0,1.0,1,4.0,949.0,30.0,43.0,46.0,0.0,2.0,516.0,22.590397,88.43447,1,7.0,0,0,0,0,0,0,0,1.0,1,0,0,2.0,1,0,2.0,0,1,0,0,45.0,26,181.0,0.15
0.0,2601.0,2.0,1,5.0,949.0,184.0,43.0,35.0,1.0,2.0,813.0,22.64627,88.4314,1,3.0,0,0,1,0,0,0,0,1.0,1,0,0,2.0,1,0,2.0,0,1,0,0,181.0,26,181.0,0.2963
0.0,2105.0,2.0,1,5.0,950.0,184.0,43.0,49.0,1.0,2.0,765.0,22.597569,88.433155,1,6.0,0,0,0,0,0,1,0,0.0,0,0,0,2.0,1,0,2.0,0,1,0,0,75.0,26,181.0,0.261
0.0,3848.0,2.0,1,3.0,480.0,175.0,43.0,49.0,0.0,1.0,550.0,22.492863,88.396255,1,5.0,0,0,0,0,1,0,0,0.0,0,0,0,2.0,1,0,3.0,0,0,1,0,188.0,27,169.0,0.22
0.0,2338.0,2.0,1,5.0,1237.0,76.0,43.0,49.0,1.0,1.0,875.0,22.612664,88.377414,1,2.0,0,1,0,0,0,0,0,0.0,0,0,0,2.0,1,0,2.0,0,1,0,0,71.0,26,28.0,0.3938
0.0,2338.0,3.0,1,5.0,1237.0,433.0,43.0,28.0,1.0,3.0,1462.0,22.65248,88.3769,1,5.0,0,0,0,0,1,0,0,0.0,0,0,0,2.0,1,0,2.0,0,1,0,0,68.0,26,114.0,0.6579
0.0,2312.0,2.0,6,3.0,133.0,106.0,43.0,20.0,1.0,1.0,845.0,22.6683782,88.384625,1,0.0,0,0,0,0,0,0,0,0.0,0,0,0,2.0,1,0,2.0,0,1,0,0,70.0,26,63.0,0.3211
0.0,3163.0,2.0,1,4.0,949.0,184.0,43.0,49.0,1.0,2.0,795.0,22.59443,88.432724,1,5.0,0,0,0,0,1,0,0,0.0,0,0,0,2.0,1,0,2.0,0,1,0,0,75.0,26,181.0,0.3021
0.0,1474.0,2.0,1,4.0,949.0,184.0,43.0,49.0,1.0,2.0,796.0,22.59443,88.432724,1,7.0,0,0,0,0,0,0,0,0.0,0,0,0,2.0,1,0,2.0,0,1,0,0,75.0,26,181.0,0.2945
0.0,737.0,2.0,1,5.0,949.0,184.0,43.0,49.0,1.0,3.0,871.0,22.59443,88.43312,1,7.0,0,0,0,0,0,0,0,0.0,0,0,0,2.0,1,0,2.0,0,1,0,0,75.0,26,181.0,0.29
0.0,3279.0,3.0,2,7.0,1182.0,513.0,43.0,40.0,1.0,7.0,1842.0,22.5920931,88.46979,1,3.0,0,0,1,0,0,0,0,0.0,0,0,0,2.0,1,0,1.0,1,0,0,0,86.0,28,242.0,1.05
0.0,2735.0,2.0,2,4.0,413.0,302.0,43.0,18.0,1.0,1.0,924.0,22.4606071,88.3129969,1,6.0,0,0,0,0,0,1,0,0.0,0,0,0,2.0,1,0,3.0,0,0,1,0,206.0,27,355.0,0.3
0.0,3832.0,2.0,1,2.0,751.0,101.0,43.0,47.0,1.0,1.0,725.0,22.492233,88.31197,1,4.0,0,0,0,1,0,0,0,0.0,0,0,0,2.0,1,0,3.0,0,0,1,0,287.0,27,57.0,0.32
0.0,3494.0,2.0,1,13.0,712.0,172.0,42.0,14.0,1.0,11.0,935.0,22.4478767,88.2974648,1,1.0,1,0,0,0,0,0,0,2.0,0,1,0,2.0,1,0,3.0,0,0,1,0,41.0,27,166.0,0.64
0.0,1713.0,2.0,1,4.0,612.0,172.0,43.0,11.0,2.0,1.0,1010.0,22.4453455,88.2968941,1,3.0,0,0,1,0,0,0,0,0.0,0,0,0,2.0,1,0,3.0,0,0,1,0,41.0,27,166.0,0.4545
0.0,535.0,3.0,6,3.0,88.0,487.0,43.0,47.0,1.0,3.0,1080.0,22.501139,88.406038,1,3.0,0,0,1,0,0,0,0,2.0,0,1,0,2.0,1,0,3.0,0,0,1,0,188.0,27,197.0,0.56
0.0,637.0,4.0,5,13.0,216.0,695.0,45.0,35.0,1.0,1.0,2355.0,22.6006912,88.4694535,1,3.0,0,0,1,0,0,0,0,0.0,0,0,0,2.0,1,0,1.0,1,0,0,0,185.0,28,242.0,1.77
0.0,638.0,3.0,5,13.0,216.0,418.0,45.0,38.0,1.0,1.0,1728.0,22.6215302206,88.4515519,1,6.0,0,0,0,0,0,1,0,0.0,0,0,0,2.0,1,0,1.0,1,0,0,0,183.0,28,91.0,1.3
0.0,1828.0,3.0,1,25.0,1071.0,555.0,42.0,12.0,1.0,4.0,1712.0,22.570171,88.447571,1,0.0,0,0,0,0,0,0,0,2.0,0,1,0,2.0,1,0,2.0,0,1,0,0,267.0,26,305.0,1.77
0.0,3629.0,3.0,1,33.0,440.0,513.0,42.0,15.0,1.0,3.0,1738.0,22.567405,88.517943,1,6.0,0,0,0,0,0,1,0,1.0,1,0,0,2.0,1,0,1.0,1,0,0,0,263.0,28,242.0,1.2
0.0,4104.0,3.0,6,10.0,1664.0,542.0,42.0,15.0,1.0,5.0,1343.0,22.638311,88.465164,1,2.0,0,1,0,0,0,0,0,0.0,0,0,0,2.0,1,0,1.0,1,0,0,0,223.0,28,284.0,0.65
0.0,2246.0,1.0,6,1.0,863.0,22.0,43.0,49.0,0.0,3.0,1000.0,22.594875,88.397349,1,0.0,0,0,0,0,0,0,0,0.0,0,0,0,2.0,1,0,2.0,0,1,0,0,43.0,26,133.0,0.1875
0.0,1228.0,2.0,1,25.0,565.0,268.0,43.0,48.0,1.0,17.0,1080.0,22.5840276,88.4154683,1,3.0,0,0,1,0,0,0,0,0.0,0,0,0,2.0,1,0,2.0,0,1,0,0,84.0,26,305.0,0.77
0.0,1190.0,3.0,1,25.0,565.0,555.0,43.0,48.0,1.0,18.0,1510.0,22.5840276,88.4154683,1,7.0,0,0,0,0,0,0,0,0.0,0,0,0,2.0,1,0,2.0,0,1,0,0,84.0,26,305.0,0.96
0.0,1589.0,2.0,1,25.0,565.0,268.0,43.0,48.0,1.0,18.0,1090.0,22.5840276,88.4154683,1,2.0,0,1,0,0,0,0,0,0.0,0,0,0,2.0,1,0,2.0,0,1,0,0,84.0,26,305.0,0.78
0.0,3235.0,3.0,1,25.0,566.0,513.0,42.0,15.0,1.0,24.0,1510.0,22.571168,88.448828,1,6.0,0,0,0,0,0,1,0,0.0,0,0,0,2.0,1,0,1.0,1,0,0,0,259.0,28,242.0,0.99
0.0,2651.0,2.0,1,25.0,566.0,223.0,42.0,15.0,1.0,15.0,1090.0,22.5713772,88.4500631,1,3.0,0,0,1,0,0,0,0,0.0,0,0,0,2.0,1,0,1.0,1,0,0,0,259.0,28,242.0,0.75
0.0,3204.0,2.0,1,15.0,1609.0,172.0,42.0,9.0,2.0,2.0,907.0,22.4385016,88.2976205,1,3.0,0,0,1,0,0,0,0,0.0,0,0,0,2.0,1,0,3.0,0,0,1,0,119.0,27,166.0,0.51
0.0,1457.0,3.0,1,15.0,1609.0,462.0,42.0,9.0,3.0,13.0,1128.0,22.4439029807,88.2978736068,1,3.0,0,0,1,0,0,0,0,0.0,0,0,0,2.0,1,0,3.0,0,0,1,0,119.0,27,166.0,0.64
0.0,3175.0,2.0,6,24.0,986.0,142.0,42.0,15.0,1.0,11.0,1152.0,22.4525606,88.3953337,1,5.0,0,0,0,0,1,0,0,0.0,0,0,0,2.0,1,0,3.0,0,0,1,0,123.0,27,116.0,1.05
0.0,2183.0,3.0,6,24.0,986.0,435.0,42.0,15.0,1.0,14.0,1622.0,22.452311,88.39475,1,5.0,0,0,0,0,1,0,0,0.0,0,0,0,2.0,1,0,3.0,0,0,1,0,123.0,27,116.0,1.5
0.0,2559.0,3.0,6,24.0,986.0,435.0,42.0,15.0,1.0,20.0,1585.0,22.452311,88.39475,1,5.0,0,0,0,0,1,0,0,0.0,0,0,0,2.0,1,0,3.0,0,0,1,0,123.0,27,116.0,1.6
0.0,2182.0,3.0,6,24.0,986.0,435.0,42.0,15.0,1.0,11.0,1357.0,22.452311,88.39475,1,5.0,0,0,0,0,1,0,0,0.0,0,0,0,2.0,1,0,3.0,0,0,1,0,123.0,27,116.0,1.3
0.0,1008.0,2.0,3,7.0,1082.0,298.0,42.0,48.0,1.0,0.0,900.0,22.553159,88.392711,1,0.0,0,0,0,0,0,0,0,2.0,0,1,0,2.0,1,0,1.0,1,0,0,0,171.0,28,351.0,0.8
0.0,1992.0,3.0,1,4.0,320.0,497.0,43.0,44.0,1.0,4.0,948.0,22.5858815474783,88.4374107693111,1,6.0,0,0,0,0,0,1,0,2.0,0,1,0,2.0,1,0,1.0,1,0,0,0,45.0,28,214.0,0.435
0.0,307.0,2.0,6,4.0,320.0,269.0,43.0,49.0,1.0,4.0,788.0,22.593327,88.43192,1,6.0,0,0,0,0,0,1,0,0.0,0,0,0,2.0,1,0,1.0,1,0,0,0,75.0,28,306.0,0.315
0.0,4187.0,3.0,6,7.0,320.0,476.0,43.0,49.0,1.0,4.0,1263.0,22.597569,88.433155,1,3.0,0,0,1,0,0,0,0,0.0,0,0,0,2.0,1,0,2.0,0,1,0,0,75.0,26,181.0,0.5305
0.0,2417.0,3.0,1,4.0,932.0,462.0,42.0,1.0,2.0,2.0,888.0,22.411118,88.249644,1,7.0,0,0,0,0,0,0,0,1.0,1,0,0,2.0,1,0,3.0,0,0,1,0,41.0,27,166.0,0.2176
0.0,2716.0,2.0,6,5.0,1179.0,277.0,43.0,41.0,1.0,4.0,980.0,22.752391,88.346966,1,3.0,0,0,1,0,0,0,0,0.0,0,0,0,2.0,1,0,4.0,0,0,0,1,202.0,29,321.0,0.2548
0.0,3816.0,1.0,6,4.0,1587.0,48.0,43.0,27.0,1.0,3.0,600.0,22.748882,88.338154,1,6.0,0,0,0,0,0,1,0,0.0,0,0,0,2.0,1,0,4.0,0,0,0,1,169.0,29,321.0,0.15
0.0,1595.0,3.0,6,24.0,58.0,559.0,42.0,3.0,1.0,10.0,1040.0,22.737306,88.351315,1,3.0,0,0,1,0,0,0,0,2.0,0,1,0,2.0,1,0,4.0,0,0,0,1,54.0,29,321.0,0.7
0.0,3222.0,3.0,1,4.0,254.0,499.0,43.0,43.0,2.0,3.0,1600.0,22.486904,88.410255,1,8.0,0,0,0,0,0,0,1,0.0,0,0,0,2.0,1,0,3.0,0,0,1,0,189.0,27,219.0,0.65
0.0,1841.0,3.0,1,4.0,286.0,499.0,43.0,43.0,1.0,2.0,2000.0,22.486904,88.410255,1,8.0,0,0,0,0,0,0,1,0.0,0,0,0,2.0,1,0,3.0,0,0,1,0,189.0,27,219.0,0.85
0.0,4085.0,2.0,1,4.0,1649.0,222.0,43.0,50.0,0.0,3.0,690.0,22.483791,88.392876,1,2.0,0,1,0,0,0,0,0,0.0,0,0,0,2.0,1,0,3.0,0,0,1,0,91.0,27,240.0,0.32
0.0,1397.0,3.0,1,4.0,949.0,383.0,43.0,46.0,1.0,2.0,1295.0,22.47069,88.36166,1,1.0,1,0,0,0,0,0,0,0.0,0,0,0,2.0,1,0,3.0,0,0,1,0,89.0,27,45.0,0.95
0.0,1507.0,2.0,1,4.0,1649.0,218.0,43.0,34.0,1.0,3.0,700.0,22.4783595,88.4122244,1,3.0,0,0,1,0,0,0,0,0.0,0,0,0,2.0,1,0,3.0,0,0,1,0,77.0,27,236.0,0.32
0.0,625.0,4.0,1,25.0,1372.0,695.0,43.0,35.0,2.0,25.0,3866.0,22.6006912,88.4694535,1,3.0,0,0,1,0,0,0,0,2.0,0,1,0,2.0,1,0,1.0,1,0,0,0,185.0,28,242.0,3.5
0.0,4222.0,2.672021502414428,0,4.0,519.0,794.0,30.0,18.0,1.2297135143990388,3.753961788353753,1439.0,22.4616267,88.30616450000002,1,8.0,0,0,0,0,0,0,1,3.0,0,0,1,3.0,0,1,3.0,0,0,1,0,213.0,27,355.0,0.05
0.0,4223.0,2.672021502414428,0,3.0,348.0,783.0,47.0,12.0,1.2297135143990388,3.753961788353753,1440.0,22.4439029807,88.2978736068,1,0.0,0,0,0,0,0,0,0,3.0,0,0,1,3.0,0,1,3.0,0,0,1,0,41.0,27,166.0,0.046
0.0,4223.0,2.672021502414428,0,3.0,349.0,783.0,47.0,12.0,1.2297135143990388,3.753961788353753,720.0,22.4439029807,88.2978736068,1,3.0,0,0,1,0,0,0,0,3.0,0,0,1,3.0,0,1,3.0,0,0,1,0,41.0,27,166.0,0.0279999999999999
0.0,4223.0,2.672021502414428,0,3.0,343.0,783.0,47.0,13.0,1.2297135143990388,3.753961788353753,1439.0,22.45383,88.249572,1,1.0,1,0,0,0,0,0,0,3.0,0,0,1,3.0,0,1,3.0,0,0,1,0,56.0,27,166.0,0.05
0.0,4223.0,2.672021502414428,0,3.0,343.0,783.0,47.0,13.0,1.2297135143990388,3.753961788353753,2159.0,22.45383,88.249572,1,1.0,1,0,0,0,0,0,0,3.0,0,0,1,3.0,0,1,3.0,0,0,1,0,56.0,27,166.0,0.075
0.0,4223.0,2.672021502414428,0,3.0,343.0,794.0,47.0,18.0,1.2297135143990388,3.753961788353753,719.0,22.4606071,88.3129969,1,1.0,1,0,0,0,0,0,0,3.0,0,0,1,3.0,0,1,3.0,0,0,1,0,206.0,27,355.0,0.025
0.0,4224.0,2.672021502414428,0,3.0,859.0,783.0,26.0,1.0,1.2297135143990388,3.753961788353753,727.0,22.439326,88.257031,1,3.0,0,0,1,0,0,0,0,3.0,0,0,1,3.0,0,1,3.0,0,0,1,0,41.0,27,166.0,0.03
0.0,4222.0,2.672021502414428,0,4.0,519.0,794.0,43.0,18.0,1.2297135143990388,3.753961788353753,719.0,22.4616267,88.30616450000002,1,3.0,0,0,1,0,0,0,0,3.0,0,0,1,3.0,0,1,3.0,0,0,1,0,213.0,27,355.0,0.025
0.0,4224.0,2.672021502414428,0,3.0,859.0,794.0,46.0,18.0,1.2297135143990388,3.753961788353753,1439.0,22.4606071,88.3129969,1,3.0,0,0,1,0,0,0,0,3.0,0,0,1,3.0,0,1,3.0,0,0,1,0,206.0,27,355.0,0.03
0.0,626.0,2.672021502414428,0,3.0,349.0,794.0,26.0,18.0,1.2297135143990388,3.753961788353753,1800.0,22.4606071,88.3129969,1,1.0,1,0,0,0,0,0,0,3.0,0,0,1,3.0,0,1,3.0,0,0,1,0,206.0,27,355.0,0.055
0.0,648.0,2.672021502414428,0,3.0,349.0,780.0,26.0,47.0,1.2297135143990388,3.753961788353753,727.0,22.4869926,88.3131558,1,1.0,1,0,0,0,0,0,0,3.0,0,0,1,3.0,0,1,3.0,0,0,1,0,287.0,27,56.0,0.025
0.0,430.0,2.672021502414428,0,3.0,349.0,794.0,26.0,18.0,1.2297135143990388,3.753961788353753,1440.0,22.4606071,88.3129969,1,3.0,0,0,1,0,0,0,0,3.0,0,0,1,3.0,0,1,3.0,0,0,1,0,206.0,27,355.0,0.05
0.0,4224.0,2.672021502414428,0,3.0,349.0,783.0,26.0,12.0,1.2297135143990388,3.753961788353753,2160.0,22.4439029807,88.2978736068,1,1.0,1,0,0,0,0,0,0,3.0,0,0,1,3.0,0,1,3.0,0,0,1,0,41.0,27,166.0,0.06
0.0,4224.0,2.672021502414428,0,3.0,349.0,783.0,26.0,12.0,1.2297135143990388,3.753961788353753,721.0,22.4439029807,88.2978736068,1,1.0,1,0,0,0,0,0,0,3.0,0,0,1,3.0,0,1,3.0,0,0,1,0,41.0,27,166.0,0.019
0.0,2238.0,2.672021502414428,0,3.0,349.0,794.0,26.0,18.0,1.2297135143990388,3.753961788353753,1440.0,22.4606071,88.3129969,1,3.0,0,0,1,0,0,0,0,3.0,0,0,1,3.0,0,1,3.0,0,0,1,0,206.0,27,355.0,0.032
0.0,2502.0,2.672021502414428,0,4.0,349.0,783.0,26.0,12.0,1.2297135143990388,3.753961788353753,719.0,22.4439029807,88.2978736068,1,1.0,1,0,0,0,0,0,0,3.0,0,0,1,3.0,0,1,3.0,0,0,1,0,41.0,27,166.0,0.025
0.0,4224.0,2.672021502414428,0,4.0,349.0,783.0,43.0,12.0,1.2297135143990388,3.753961788353753,722.0,22.4439029807,88.2978736068,1,3.0,0,0,1,0,0,0,0,3.0,0,0,1,3.0,0,1,3.0,0,0,1,0,41.0,27,166.0,0.018
0.0,2176.0,2.672021502414428,0,5.0,349.0,794.0,16.0,18.0,1.2297135143990388,3.753961788353753,720.0,22.4606071,88.3129969,1,1.0,1,0,0,0,0,0,0,3.0,0,0,1,3.0,0,1,3.0,0,0,1,0,206.0,27,355.0,0.018
0.0,2176.0,2.672021502414428,0,3.0,349.0,780.0,48.0,47.0,1.2297135143990388,3.753961788353753,1440.0,22.4869926,88.3131558,1,0.0,0,0,0,0,0,0,0,3.0,0,0,1,3.0,0,1,3.0,0,0,1,0,287.0,27,56.0,0.04
0.0,2238.0,2.672021502414428,0,5.0,349.0,795.0,43.0,18.0,1.2297135143990388,3.753961788353753,720.0,22.46376,88.30718,1,0.0,0,0,0,0,0,0,0,3.0,0,0,1,3.0,0,1,3.0,0,0,1,0,213.0,27,357.0,0.019
0.0,2238.0,2.672021502414428,0,5.0,1046.0,795.0,43.0,18.0,1.2297135143990388,3.753961788353753,1440.0,22.46376,88.30718,1,0.0,0,0,0,0,0,0,0,3.0,0,0,1,3.0,0,1,3.0,0,0,1,0,213.0,27,357.0,0.032
0.0,2238.0,2.672021502414428,0,5.0,1046.0,794.0,43.0,18.0,1.2297135143990388,3.753961788353753,1800.0,22.4606071,88.3129969,1,0.0,0,0,0,0,0,0,0,3.0,0,0,1,3.0,0,1,3.0,0,0,1,0,206.0,27,355.0,0.04
0.0,2238.0,2.672021502414428,0,5.0,1046.0,782.0,43.0,15.0,1.2297135143990388,3.753961788353753,720.0,22.45214,88.30464,1,0.0,0,0,0,0,0,0,0,3.0,0,0,1,3.0,0,1,3.0,0,0,1,0,213.0,27,107.0,0.016
0.0,2238.0,2.672021502414428,0,5.0,1046.0,782.0,43.0,15.0,1.2297135143990388,3.753961788353753,1440.0,22.45214,88.30464,1,0.0,0,0,0,0,0,0,0,3.0,0,0,1,3.0,0,1,3.0,0,0,1,0,213.0,27,107.0,0.032
0.0,4224.0,2.672021502414428,0,3.0,859.0,783.0,26.0,1.0,1.2297135143990388,3.753961788353753,1447.0,22.439326,88.257031,1,1.0,1,0,0,0,0,0,0,3.0,0,0,1,3.0,0,1,3.0,0,0,1,0,41.0,27,166.0,0.05
0.0,1576.0,3.0,2,10.0,1084.0,542.0,43.0,29.0,1.0,4.0,1220.0,22.632527,88.464186,1,6.0,0,0,0,0,0,1,0,0.0,0,0,0,2.0,1,0,1.0,1,0,0,0,208.0,28,284.0,0.7
0.0,2796.0,3.0,1,9.0,1461.0,569.0,43.0,21.0,1.0,4.0,1463.0,22.4473303,88.3919562,1,1.0,1,0,0,0,0,0,0,0.0,0,0,0,2.0,1,0,3.0,0,0,1,0,172.0,27,336.0,0.55
0.0,3564.0,2.0,1,9.0,1461.0,288.0,43.0,21.0,1.0,4.0,839.0,22.4473303,88.3919562,1,1.0,1,0,0,0,0,0,0,0.0,0,0,0,2.0,1,0,3.0,0,0,1,0,172.0,27,336.0,0.35
0.0,5.0,3.0,1,8.0,504.0,569.0,42.0,10.0,1.0,8.0,1129.0,22.44087,88.424652,1,1.0,1,0,0,0,0,0,0,0.0,0,0,0,2.0,1,0,3.0,0,0,1,0,213.0,27,336.0,0.55
0.0,1136.0,2.0,1,9.0,504.0,288.0,42.0,10.0,1.0,4.0,874.0,22.44087,88.424652,1,1.0,1,0,0,0,0,0,0,0.0,0,0,0,2.0,1,0,3.0,0,0,1,0,213.0,27,336.0,0.35
0.0,870.0,3.0,1,15.0,1470.0,441.0,42.0,3.0,1.0,4.0,1264.0,22.407335,88.413744,1,1.0,1,0,0,0,0,0,0,0.0,0,0,0,2.0,1,0,3.0,0,0,1,0,41.0,27,126.0,0.65
0.0,910.0,2.0,5,18.0,1040.0,179.0,45.0,26.0,4.0,18.0,1071.0,22.449487,88.395542,1,1.0,1,0,0,0,0,0,0,0.0,0,0,0,2.0,1,0,3.0,0,0,1,0,74.0,27,176.0,0.39
0.0,2839.0,2.0,5,18.0,1040.0,142.0,45.0,3.0,1.0,18.0,1043.0,22.406595,88.413719,1,1.0,1,0,0,0,0,0,0,0.0,0,0,0,2.0,1,0,3.0,0,0,1,0,41.0,27,116.0,0.42
0.0,210.0,2.672021502414428,0,4.0,1731.0,774.0,21.0,28.0,1.2297135143990388,3.753961788353753,2160.0,22.60134,88.471506,1,5.0,0,0,0,0,1,0,0,3.0,0,0,1,3.0,0,1,1.0,1,0,0,0,185.0,28,3.0,1.7
0.0,3479.0,2.0,6,4.0,288.0,134.0,43.0,13.0,1.0,3.0,810.0,22.4454076,88.3084155,1,1.0,1,0,0,0,0,0,0,0.0,0,0,0,2.0,1,0,3.0,0,0,1,0,213.0,27,107.0,0.2592
0.0,671.0,1.0,6,4.0,288.0,16.0,43.0,15.0,1.0,1.0,575.0,22.4467342,88.307908,1,1.0,1,0,0,0,0,0,0,0.0,0,0,0,2.0,1,0,3.0,0,0,1,0,213.0,27,107.0,0.184
0.0,3030.0,2.0,6,4.0,288.0,134.0,43.0,15.0,1.0,3.0,769.0,22.4467147,88.3078883,1,1.0,1,0,0,0,0,0,0,0.0,0,0,0,2.0,1,0,3.0,0,0,1,0,213.0,27,107.0,0.2460999999999999
0.0,3007.0,1.0,6,4.0,288.0,16.0,43.0,15.0,1.0,2.0,447.0,22.4468309,88.3078244,1,1.0,1,0,0,0,0,0,0,0.0,0,0,0,2.0,1,0,3.0,0,0,1,0,213.0,27,107.0,0.143
0.0,2582.0,2.0,6,4.0,288.0,172.0,43.0,15.0,1.0,3.0,816.0,22.4480953,88.3095035,1,1.0,1,0,0,0,0,0,0,0.0,0,0,0,2.0,1,0,3.0,0,0,1,0,213.0,27,166.0,0.2611
0.0,2581.0,2.0,6,4.0,287.0,172.0,43.0,15.0,1.0,3.0,810.0,22.4463532,88.3076921,1,1.0,1,0,0,0,0,0,0,0.0,0,0,0,2.0,1,0,3.0,0,0,1,0,213.0,27,166.0,0.2592
0.0,1709.0,2.0,6,4.0,287.0,172.0,43.0,15.0,1.0,2.0,769.0,22.4463432,88.3076875,1,1.0,1,0,0,0,0,0,0,0.0,0,0,0,2.0,1,0,3.0,0,0,1,0,213.0,27,166.0,0.2460999999999999
0.0,3006.0,1.0,6,4.0,287.0,25.0,43.0,15.0,1.0,1.0,575.0,22.4464253,88.3077375,1,1.0,1,0,0,0,0,0,0,0.0,0,0,0,2.0,1,0,3.0,0,0,1,0,213.0,27,166.0,0.184
0.0,203.0,2.672021502414428,0,4.0,1731.0,776.0,36.0,11.0,1.2297135143990388,3.753961788353753,2160.0,22.569,88.510296,1,6.0,0,0,0,0,0,1,0,3.0,0,0,1,3.0,0,1,1.0,1,0,0,0,10.0,28,6.0,1.06
0.0,2809.0,3.0,2,15.0,995.0,581.0,43.0,15.0,2.0,12.0,1242.0,22.449604,88.303894,1,3.0,0,0,1,0,0,0,0,0.0,0,0,0,2.0,1,0,3.0,0,0,1,0,213.0,27,355.0,0.55
0.0,3171.0,2.0,1,4.0,949.0,287.0,43.0,49.0,1.0,1.0,773.0,22.622824,88.41234,1,1.0,1,0,0,0,0,0,0,3.0,0,0,1,2.0,1,0,2.0,0,1,0,0,182.0,26,335.0,0.28
0.0,519.0,2.0,1,4.0,1350.0,218.0,43.0,30.0,1.0,2.0,712.0,22.48304,88.41451,1,4.0,0,0,0,1,0,0,0,0.0,0,0,0,2.0,1,0,3.0,0,0,1,0,189.0,27,236.0,0.2848
0.0,4019.0,3.0,5,4.0,1094.0,568.0,45.0,25.0,1.0,2.0,1121.0,22.69924,88.38115,1,1.0,1,0,0,0,0,0,0,0.0,0,0,0,2.0,1,0,2.0,0,1,0,0,200.0,26,335.0,0.3954999999999999
0.0,4020.0,3.0,5,4.0,1094.0,568.0,45.0,25.0,1.0,3.0,1200.0,22.69924,88.38115,1,1.0,1,0,0,0,0,0,0,0.0,0,0,0,2.0,1,0,2.0,0,1,0,0,200.0,26,335.0,0.422
0.0,3055.0,2.0,5,4.0,811.0,287.0,45.0,25.0,1.0,2.0,700.0,22.69924,88.38115,1,1.0,1,0,0,0,0,0,0,3.0,0,0,1,2.0,1,0,2.0,0,1,0,0,200.0,26,335.0,0.218
0.0,4017.0,3.0,5,4.0,812.0,568.0,45.0,25.0,1.0,2.0,1165.0,22.69924,88.38115,1,8.0,0,0,0,0,0,0,1,0.0,0,0,0,2.0,1,0,2.0,0,1,0,0,200.0,26,335.0,0.3495
0.0,2467.0,2.0,6,4.0,1327.0,287.0,43.0,24.0,1.0,0.0,840.0,22.712194,88.369896,1,6.0,0,0,0,0,0,1,0,3.0,0,0,1,2.0,1,0,2.0,0,1,0,0,200.0,26,335.0,0.2772
0.0,1701.0,2.0,6,5.0,1316.0,287.0,43.0,23.0,1.0,0.0,699.0,22.7103,88.36885,1,5.0,0,0,0,0,1,0,0,3.0,0,0,1,2.0,1,0,2.0,0,1,0,0,200.0,26,335.0,0.2097
0.0,2722.0,3.0,5,4.0,1094.0,568.0,45.0,25.0,1.0,2.0,1105.0,22.69924,88.38115,1,1.0,1,0,0,0,0,0,0,0.0,0,0,0,2.0,1,0,2.0,0,1,0,0,200.0,26,335.0,0.3902
0.0,2721.0,2.0,1,4.0,1021.0,287.0,42.0,25.0,1.0,4.0,771.0,22.69924,88.38115,1,4.0,0,0,0,1,0,0,0,3.0,0,0,1,2.0,1,0,2.0,0,1,0,0,200.0,26,335.0,0.28
0.0,3575.0,3.0,2,14.0,556.0,356.0,43.0,28.0,2.0,12.0,1680.0,22.60134,88.471506,1,3.0,0,0,1,0,0,0,0,1.0,1,0,0,2.0,1,0,1.0,1,0,0,0,185.0,28,3.0,1.05
0.0,1564.0,3.0,2,18.0,840.0,533.0,43.0,50.0,1.0,2.0,2150.0,22.501976,88.3522082,1,3.0,0,0,1,0,0,0,0,0.0,0,0,0,2.0,1,0,3.0,0,0,1,0,95.0,27,271.0,2.25
0.0,4028.0,3.0,1,12.0,795.0,583.0,42.0,15.0,1.0,4.0,1263.0,22.4934847,88.3410989,1,3.0,0,0,1,0,0,0,0,1.0,1,0,0,2.0,1,0,3.0,0,0,1,0,104.0,27,359.0,1.18
0.0,1852.0,3.0,1,3.0,949.0,376.0,43.0,40.0,1.0,3.0,1000.0,22.485516,88.301751,1,3.0,0,0,1,0,0,0,0,1.0,1,0,0,2.0,1,0,3.0,0,0,1,0,287.0,27,38.0,0.35
0.0,3156.0,2.0,1,2.0,949.0,100.0,43.0,50.0,1.0,2.0,730.0,22.4869923,88.3174658,1,4.0,0,0,0,1,0,0,0,0.0,0,0,0,2.0,1,0,3.0,0,0,1,0,287.0,27,56.0,0.3
0.0,743.0,2.0,2,4.0,949.0,267.0,43.0,49.0,1.0,4.0,960.0,22.4810557,88.3211095,1,3.0,0,0,1,0,0,0,0,1.0,1,0,0,2.0,1,0,3.0,0,0,1,0,287.0,27,303.0,0.44
0.0,3065.0,2.0,1,4.0,949.0,101.0,43.0,49.0,2.0,2.0,750.0,22.4929722,88.3228672,1,1.0,1,0,0,0,0,0,0,0.0,0,0,0,2.0,1,0,3.0,0,0,1,0,287.0,27,57.0,0.315
0.0,3169.0,2.0,2,4.0,949.0,265.0,43.0,50.0,1.0,2.0,700.0,22.5061949,88.3275306,1,6.0,0,0,0,0,0,1,0,1.0,1,0,0,2.0,1,0,3.0,0,0,1,0,164.0,27,300.0,0.32
0.0,1708.0,2.0,1,3.0,195.0,100.0,43.0,42.0,1.0,3.0,730.0,22.48654,88.305214,1,3.0,0,0,1,0,0,0,0,1.0,1,0,0,2.0,1,0,3.0,0,0,1,0,287.0,27,56.0,0.26
0.0,72.0,3.0,2,3.0,1195.0,611.0,43.0,49.0,1.0,3.0,1100.0,22.499008,88.32347,1,6.0,0,0,0,0,0,1,0,1.0,1,0,0,1.0,0,0,3.0,0,0,1,0,287.0,27,55.0,0.4
0.0,3895.0,2.0,1,3.0,195.0,99.0,43.0,49.0,1.0,1.0,750.0,22.499,88.32342,1,3.0,0,0,1,0,0,0,0,0.0,0,0,0,2.0,1,0,3.0,0,0,1,0,287.0,27,55.0,0.3
0.0,700.0,2.0,1,3.0,885.0,101.0,43.0,49.0,1.0,1.0,900.0,22.496628,88.31884,1,3.0,0,0,1,0,0,0,0,0.0,0,0,0,2.0,1,0,3.0,0,0,1,0,287.0,27,57.0,0.415
0.0,3214.0,3.0,2,4.0,195.0,392.0,43.0,49.0,1.0,1.0,1330.0,22.496286,88.320145,1,6.0,0,0,0,0,0,1,0,0.0,0,0,0,2.0,1,0,3.0,0,0,1,0,287.0,27,57.0,0.595
0.0,609.0,2.0,2,3.0,195.0,101.0,43.0,49.0,1.0,1.0,868.0,22.496286,88.320145,1,3.0,0,0,1,0,0,0,0,0.0,0,0,0,2.0,1,0,3.0,0,0,1,0,287.0,27,57.0,0.39
0.0,2584.0,3.0,6,14.0,400.0,462.0,42.0,15.0,1.0,8.0,1130.0,22.4439029807,88.2978736068,1,6.0,0,0,0,0,0,1,0,0.0,0,0,0,2.0,1,0,3.0,0,0,1,0,109.0,27,166.0,0.62
0.0,3130.0,2.0,2,13.0,358.0,272.0,43.0,8.0,1.0,10.0,980.0,22.482899,88.282686,1,1.0,1,0,0,0,0,0,0,1.0,1,0,0,2.0,1,0,3.0,0,0,1,0,38.0,27,312.0,0.5
0.0,794.0,3.0,1,5.0,195.0,394.0,43.0,50.0,2.0,5.0,1200.0,22.5034489,88.3189776,1,3.0,0,0,1,0,0,0,0,0.0,0,0,0,2.0,1,0,3.0,0,0,1,0,286.0,27,59.0,0.7
0.0,3081.0,2.0,5,20.0,1069.0,223.0,44.0,7.0,1.0,8.0,1000.0,22.570637,88.4617767,1,5.0,0,0,0,0,1,0,0,0.0,0,0,0,2.0,1,0,1.0,1,0,0,0,146.0,28,242.0,0.98
0.0,3402.0,4.0,1,17.0,778.0,699.0,42.0,12.0,2.0,2.0,1947.0,22.614686,88.390668,1,6.0,0,0,0,0,0,1,0,0.0,0,0,0,2.0,1,0,2.0,0,1,0,0,132.0,26,258.0,1.32
0.0,2153.0,2.0,1,10.0,949.0,252.0,43.0,30.0,1.0,3.0,1180.0,22.453125,88.39512,1,8.0,0,0,0,0,0,0,1,0.0,0,0,0,2.0,1,0,1.0,1,0,0,0,74.0,28,284.0,0.63
0.0,1574.0,2.0,1,10.0,949.0,252.0,43.0,30.0,1.0,2.0,1080.0,22.453125,88.39512,1,8.0,0,0,0,0,0,0,1,0.0,0,0,0,2.0,1,0,1.0,1,0,0,0,74.0,28,284.0,0.62
0.0,946.0,2.0,2,17.0,369.0,65.0,43.0,11.0,2.0,2.0,1257.0,22.569,88.510296,1,5.0,0,0,0,0,1,0,0,0.0,0,0,0,2.0,1,0,1.0,1,0,0,0,10.0,28,6.0,0.72
0.0,2220.0,3.0,6,13.0,1398.0,542.0,42.0,15.0,1.0,13.0,1290.0,22.6006912,88.4694535,1,3.0,0,0,1,0,0,0,0,3.0,0,0,1,2.0,1,0,1.0,1,0,0,0,255.0,28,284.0,1.1
0.0,2218.0,3.0,1,5.0,949.0,448.0,43.0,47.0,2.0,3.0,1280.0,22.635289,88.413785,1,1.0,1,0,0,0,0,0,0,2.0,0,1,0,2.0,1,0,2.0,0,1,0,0,180.0,26,138.0,0.63
0.0,2810.0,2.0,2,16.0,203.0,223.0,43.0,35.0,1.0,4.0,795.0,22.6006912,88.4694535,1,3.0,0,0,1,0,0,0,0,3.0,0,0,1,2.0,1,0,1.0,1,0,0,0,185.0,28,242.0,0.44
0.0,4116.0,4.0,1,4.0,1705.0,705.0,42.0,6.0,2.0,3.0,2450.0,22.6006912,88.4694535,1,3.0,0,0,1,0,0,0,0,0.0,0,0,0,2.0,1,0,1.0,1,0,0,0,20.0,28,284.0,1.1
0.0,657.0,2.0,1,15.0,1609.0,172.0,42.0,9.0,2.0,12.0,550.0,22.440158,88.294329,1,3.0,0,0,1,0,0,0,0,0.0,0,0,0,2.0,1,0,3.0,0,0,1,0,119.0,27,166.0,0.55
0.0,656.0,2.0,1,15.0,1609.0,172.0,42.0,9.0,2.0,9.0,550.0,22.440158,88.294329,1,3.0,0,0,1,0,0,0,0,0.0,0,0,0,2.0,1,0,3.0,0,0,1,0,119.0,27,166.0,0.54
0.0,2035.0,3.0,1,15.0,1609.0,462.0,42.0,9.0,3.0,6.0,1128.0,22.440158,88.294329,1,4.0,0,0,0,1,0,0,0,0.0,0,0,0,2.0,1,0,3.0,0,0,1,0,119.0,27,166.0,0.65
0.0,655.0,2.0,1,15.0,1609.0,172.0,42.0,9.0,2.0,4.0,550.0,22.440158,88.294329,1,0.0,0,0,0,0,0,0,0,0.0,0,0,0,2.0,1,0,3.0,0,0,1,0,119.0,27,166.0,0.52
0.0,664.0,3.0,1,15.0,1609.0,462.0,42.0,9.0,3.0,3.0,1128.0,22.440158,88.294329,1,4.0,0,0,0,1,0,0,0,0.0,0,0,0,2.0,1,0,3.0,0,0,1,0,119.0,27,166.0,0.67
0.0,658.0,3.0,1,15.0,1609.0,462.0,42.0,9.0,3.0,3.0,1128.0,22.440158,88.294329,1,5.0,0,0,0,0,1,0,0,0.0,0,0,0,2.0,1,0,3.0,0,0,1,0,119.0,27,166.0,0.645
0.0,3497.0,2.0,1,4.0,965.0,173.0,43.0,42.0,1.0,1.0,800.0,22.6147302,88.4384196,1,8.0,0,0,0,0,0,0,1,0.0,0,0,0,2.0,1,0,2.0,0,1,0,0,3.0,26,167.0,0.228
0.0,2157.0,2.0,1,5.0,965.0,173.0,43.0,40.0,1.0,1.0,769.0,22.6147685,88.4392448,1,4.0,0,0,0,1,0,0,0,0.0,0,0,0,2.0,1,0,2.0,0,1,0,0,3.0,26,167.0,0.23
0.0,3078.0,2.0,1,6.0,965.0,173.0,43.0,49.0,1.0,4.0,809.0,22.6098927,88.4354466,1,3.0,0,0,1,0,0,0,0,0.0,0,0,0,2.0,1,0,2.0,0,1,0,0,3.0,26,167.0,0.27
0.0,3953.0,3.0,1,6.0,965.0,463.0,43.0,40.0,1.0,3.0,1128.0,22.6158561,88.4393282,1,6.0,0,0,0,0,0,1,0,0.0,0,0,0,2.0,1,0,2.0,0,1,0,0,7.0,26,167.0,0.3214
0.0,3053.0,2.0,1,17.0,778.0,234.0,42.0,12.0,1.0,14.0,920.0,22.614686,88.390668,1,1.0,1,0,0,0,0,0,0,2.0,0,1,0,2.0,1,0,2.0,0,1,0,0,132.0,26,258.0,0.79
0.0,473.0,3.0,2,15.0,148.0,377.0,43.0,49.0,1.0,5.0,1843.0,22.533,88.359,1,3.0,0,0,1,0,0,0,0,1.0,1,0,0,2.0,1,0,3.0,0,0,1,0,290.0,27,39.0,2.1
0.0,827.0,3.0,1,4.0,1196.0,514.0,43.0,41.0,1.0,1.0,1250.0,22.581047,88.462231,0,3.0,0,0,1,0,0,0,0,0.0,0,0,0,2.0,1,0,1.0,1,0,0,0,86.0,28,243.0,0.7
0.0,3576.0,3.0,1,21.0,1600.0,356.0,43.0,28.0,1.0,18.0,1555.0,22.60134,88.471506,1,3.0,0,0,1,0,0,0,0,3.0,0,0,1,2.0,1,0,1.0,1,0,0,0,185.0,28,3.0,1.3
0.0,2916.0,2.0,1,21.0,1600.0,62.0,43.0,22.0,1.0,4.0,945.0,22.582101,88.493805,1,6.0,0,0,0,0,0,1,0,3.0,0,0,1,2.0,1,0,1.0,1,0,0,0,196.0,28,3.0,0.76
0.0,879.0,3.0,1,29.0,1599.0,513.0,42.0,15.0,2.0,10.0,1930.0,22.5811785,88.4961337,1,6.0,0,0,0,0,0,1,0,0.0,0,0,0,2.0,1,0,1.0,1,0,0,0,251.0,28,242.0,2.2
0.0,2917.0,3.0,1,21.0,1600.0,356.0,43.0,28.0,2.0,14.0,1555.0,22.60134,88.471506,1,7.0,0,0,0,0,0,0,0,0.0,0,0,0,2.0,1,0,1.0,1,0,0,0,185.0,28,3.0,0.95
0.0,2914.0,2.0,1,29.0,1599.0,223.0,42.0,15.0,2.0,21.0,1255.0,22.6006912,88.4694535,1,3.0,0,0,1,0,0,0,0,0.0,0,0,0,2.0,1,0,1.0,1,0,0,0,251.0,28,242.0,1.2
0.0,2631.0,2.0,1,4.0,949.0,61.0,43.0,33.0,1.0,1.0,1290.0,22.572655,88.46942,1,5.0,0,0,0,0,1,0,0,3.0,0,0,1,2.0,1,0,1.0,1,0,0,0,85.0,28,2.0,0.6
0.0,1804.0,3.0,1,4.0,1481.0,516.0,43.0,39.0,1.0,4.0,1600.0,22.578154,88.460627,1,3.0,0,0,1,0,0,0,0,0.0,0,0,0,2.0,1,0,1.0,1,0,0,0,85.0,28,245.0,0.85
0.0,3565.0,2.0,1,6.0,1146.0,297.0,43.0,38.0,2.0,2.0,1069.0,22.627678,88.457272,1,3.0,0,0,1,0,0,0,0,0.0,0,0,0,2.0,1,0,1.0,1,0,0,0,183.0,28,350.0,0.44
0.0,3123.0,2.0,1,6.0,131.0,78.0,43.0,26.0,1.0,3.0,931.0,22.637897,88.456113,1,3.0,0,0,1,0,0,0,0,0.0,0,0,0,2.0,1,0,1.0,1,0,0,0,208.0,28,30.0,0.43
0.0,1415.0,4.0,1,19.0,355.0,652.0,42.0,15.0,1.0,3.0,1998.0,22.670682,88.376096,1,8.0,0,0,0,0,0,0,1,0.0,0,0,0,2.0,1,0,2.0,0,1,0,0,155.0,26,28.0,1.35
0.0,2885.0,2.0,5,8.0,1511.0,215.0,45.0,18.0,1.0,4.0,849.0,22.44792,88.40389,1,7.0,0,0,0,0,0,0,0,0.0,0,0,0,2.0,1,0,3.0,0,0,1,0,201.0,27,231.0,0.2797
0.0,2294.0,3.0,1,12.0,1122.0,504.0,43.0,4.0,1.0,6.0,1360.0,22.438448,88.39496,1,3.0,0,0,1,0,0,0,0,0.0,0,0,0,2.0,1,0,3.0,0,0,1,0,36.0,27,231.0,0.7071999999999999
0.0,1147.0,3.0,1,4.0,1119.0,504.0,42.0,10.0,1.0,3.0,1094.0,22.43483,88.398326,1,2.0,0,1,0,0,0,0,0,0.0,0,0,0,2.0,1,0,3.0,0,0,1,0,243.0,27,231.0,0.4349
0.0,2286.0,3.0,1,11.0,1120.0,504.0,43.0,1.0,1.0,9.0,1370.0,22.431361,88.396724,1,8.0,0,0,0,0,0,0,1,0.0,0,0,0,2.0,1,0,3.0,0,0,1,0,292.0,27,231.0,0.55
0.0,1203.0,2.0,1,19.0,1121.0,215.0,42.0,7.0,1.0,15.0,1036.0,22.440427,88.401162,1,7.0,0,0,0,0,0,0,0,0.0,0,0,0,2.0,1,0,3.0,0,0,1,0,153.0,27,231.0,0.5175
0.0,1203.0,3.0,1,19.0,1121.0,504.0,42.0,7.0,2.0,13.0,1379.0,22.440427,88.401162,1,2.0,0,1,0,0,0,0,0,0.0,0,0,0,2.0,1,0,3.0,0,0,1,0,153.0,27,231.0,0.6888
0.0,1202.0,3.0,1,20.0,1121.0,504.0,42.0,7.0,1.0,7.0,1424.0,22.440427,88.401162,1,7.0,0,0,0,0,0,0,0,0.0,0,0,0,2.0,1,0,3.0,0,0,1,0,153.0,27,231.0,0.7574
0.0,2289.0,3.0,1,19.0,1121.0,504.0,42.0,7.0,1.0,9.0,1379.0,22.440427,88.401162,1,3.0,0,0,1,0,0,0,0,0.0,0,0,0,2.0,1,0,3.0,0,0,1,0,153.0,27,231.0,0.7589
0.0,2418.0,2.0,1,20.0,1121.0,215.0,42.0,7.0,1.0,6.0,1036.0,22.440427,88.401162,1,2.0,0,1,0,0,0,0,0,0.0,0,0,0,2.0,1,0,3.0,0,0,1,0,153.0,27,231.0,0.57
0.0,1203.0,3.0,1,19.0,1121.0,504.0,42.0,7.0,1.0,9.0,1424.0,22.440427,88.401162,1,1.0,1,0,0,0,0,0,0,0.0,0,0,0,2.0,1,0,3.0,0,0,1,0,153.0,27,231.0,0.7823
0.0,2290.0,2.0,1,19.0,1121.0,215.0,42.0,7.0,1.0,9.0,1036.0,22.440427,88.401162,1,3.0,0,0,1,0,0,0,0,0.0,0,0,0,2.0,1,0,3.0,0,0,1,0,153.0,27,231.0,0.5882000000000001
0.0,1886.0,4.0,1,13.0,443.0,679.0,42.0,15.0,2.0,8.0,2600.0,22.628988,88.41674,1,7.0,0,0,0,0,0,0,0,3.0,0,0,1,2.0,1,0,2.0,0,1,0,0,246.0,26,161.0,2.2
0.0,859.0,3.0,1,4.0,1187.0,385.0,42.0,2.0,1.0,4.0,919.0,22.7440141,88.4412464,1,4.0,0,0,0,1,0,0,0,0.0,0,0,0,2.0,1,0,2.0,0,1,0,0,216.0,26,48.0,0.275
0.0,2421.0,3.0,1,4.0,1187.0,385.0,42.0,2.0,1.0,1.0,1220.0,22.7438859,88.4413768,1,7.0,0,0,0,0,0,0,0,0.0,0,0,0,2.0,1,0,2.0,0,1,0,0,216.0,26,48.0,0.3535
0.0,767.0,2.0,1,4.0,1187.0,93.0,42.0,2.0,1.0,3.0,791.0,22.743425,88.441185,1,8.0,0,0,0,0,0,0,1,0.0,0,0,0,2.0,1,0,2.0,0,1,0,0,216.0,26,48.0,0.24
0.0,766.0,2.0,1,4.0,1187.0,93.0,42.0,2.0,1.0,0.0,584.0,22.743425,88.441185,1,5.0,0,0,0,0,1,0,0,0.0,0,0,0,2.0,1,0,2.0,0,1,0,0,216.0,26,48.0,0.1639999999999999
0.0,3186.0,2.0,1,4.0,1187.0,93.0,42.0,2.0,1.0,2.0,613.0,22.74373,88.44092,1,5.0,0,0,0,0,1,0,0,0.0,0,0,0,2.0,1,0,2.0,0,1,0,0,216.0,26,48.0,0.1845
0.0,3187.0,2.0,1,4.0,1187.0,93.0,42.0,2.0,1.0,0.0,585.0,22.7437751,88.4414892,1,7.0,0,0,0,0,0,0,0,0.0,0,0,0,2.0,1,0,2.0,0,1,0,0,216.0,26,48.0,0.165
0.0,586.0,2.0,1,4.0,1187.0,93.0,42.0,2.0,1.0,0.0,585.0,22.7436607,88.4411849,1,7.0,0,0,0,0,0,0,0,0.0,0,0,0,2.0,1,0,2.0,0,1,0,0,216.0,26,48.0,0.175
0.0,768.0,2.0,1,4.0,1187.0,93.0,42.0,2.0,1.0,2.0,614.0,22.744282,88.44155,1,3.0,0,0,1,0,0,0,0,0.0,0,0,0,2.0,1,0,2.0,0,1,0,0,216.0,26,48.0,0.187
0.0,1403.0,2.0,1,4.0,1187.0,93.0,42.0,9.0,1.0,1.0,615.0,22.6968663,88.4127157,1,3.0,0,0,1,0,0,0,0,0.0,0,0,0,2.0,1,0,2.0,0,1,0,0,200.0,26,48.0,0.185
0.0,3467.0,2.0,1,4.0,1187.0,93.0,42.0,2.0,1.0,2.0,614.0,22.7436633,88.4411438,1,6.0,0,0,0,0,0,1,0,0.0,0,0,0,2.0,1,0,2.0,0,1,0,0,216.0,26,48.0,0.185
0.0,3924.0,3.0,1,4.0,1187.0,385.0,42.0,2.0,1.0,2.0,919.0,22.743883,88.44137,1,8.0,0,0,0,0,0,0,1,0.0,0,0,0,2.0,1,0,2.0,0,1,0,0,216.0,26,48.0,0.27
0.0,1830.0,3.0,1,4.0,1187.0,385.0,42.0,2.0,1.0,1.0,1220.0,22.744282,88.44155,1,1.0,1,0,0,0,0,0,0,0.0,0,0,0,2.0,1,0,2.0,0,1,0,0,216.0,26,48.0,0.355
0.0,1404.0,3.0,1,4.0,1187.0,385.0,42.0,9.0,1.0,2.0,924.0,22.6968663,88.4127157,1,8.0,0,0,0,0,0,0,1,0.0,0,0,0,2.0,1,0,2.0,0,1,0,0,200.0,26,48.0,0.275
0.0,1405.0,3.0,1,4.0,1187.0,385.0,42.0,2.0,1.0,4.0,919.0,22.744282,88.44155,1,1.0,1,0,0,0,0,0,0,0.0,0,0,0,2.0,1,0,2.0,0,1,0,0,216.0,26,48.0,0.285
0.0,2532.0,3.0,1,4.0,1187.0,385.0,42.0,9.0,1.0,0.0,1171.0,22.6968663,88.4127157,1,6.0,0,0,0,0,0,1,0,0.0,0,0,0,2.0,1,0,2.0,0,1,0,0,200.0,26,48.0,0.325
0.0,962.0,2.0,1,12.0,1616.0,223.0,42.0,39.0,1.0,5.0,1060.0,22.592746,88.467191,1,5.0,0,0,0,0,1,0,0,0.0,0,0,0,2.0,1,0,1.0,1,0,0,0,86.0,28,242.0,0.8
0.0,962.0,3.0,1,12.0,1616.0,513.0,42.0,39.0,1.0,3.0,1132.0,22.591642,88.46859,1,7.0,0,0,0,0,0,0,0,0.0,0,0,0,2.0,1,0,1.0,1,0,0,0,86.0,28,242.0,0.797
0.0,425.0,3.0,1,12.0,1616.0,513.0,42.0,39.0,1.0,2.0,1132.0,22.592746,88.467191,1,7.0,0,0,0,0,0,0,0,0.0,0,0,0,2.0,1,0,1.0,1,0,0,0,86.0,28,242.0,0.7936
0.0,962.0,3.0,1,12.0,1616.0,513.0,42.0,39.0,1.0,1.0,1838.0,22.592941,88.467186,1,6.0,0,0,0,0,0,1,0,0.0,0,0,0,2.0,1,0,1.0,1,0,0,0,86.0,28,242.0,1.64
0.0,2814.0,2.0,1,3.0,1642.0,305.0,43.0,50.0,1.0,3.0,925.0,22.5,88.35,1,1.0,1,0,0,0,0,0,0,0.0,0,0,0,2.0,1,0,3.0,0,0,1,0,95.0,27,359.0,0.35
0.0,4193.0,2.0,6,15.0,610.0,172.0,43.0,12.0,1.0,10.0,813.0,22.4439029807,88.2978736068,1,3.0,0,0,1,0,0,0,0,3.0,0,0,1,2.0,1,0,3.0,0,0,1,0,41.0,27,166.0,0.54
0.0,2941.0,3.0,5,23.0,610.0,462.0,45.0,12.0,2.0,20.0,1311.0,22.4439029807,88.2978736068,1,3.0,0,0,1,0,0,0,0,0.0,0,0,0,2.0,1,0,3.0,0,0,1,0,41.0,27,166.0,0.8
0.0,4191.0,3.0,5,7.0,1642.0,583.0,45.0,50.0,1.0,4.0,1390.0,22.5,88.35,1,3.0,0,0,1,0,0,0,0,0.0,0,0,0,2.0,1,0,3.0,0,0,1,0,95.0,27,359.0,1.16
0.0,4191.0,2.0,5,18.0,1642.0,305.0,45.0,50.0,1.0,17.0,791.0,22.5,88.35,1,3.0,0,0,1,0,0,0,0,0.0,0,0,0,2.0,1,0,3.0,0,0,1,0,95.0,27,359.0,0.75
0.0,2831.0,2.0,5,18.0,1642.0,305.0,45.0,50.0,1.0,9.0,639.0,22.5,88.35,1,3.0,0,0,1,0,0,0,0,0.0,0,0,0,2.0,1,0,3.0,0,0,1,0,95.0,27,359.0,0.64
0.0,2831.0,3.0,5,20.0,1642.0,583.0,45.0,50.0,1.0,14.0,1061.0,22.5,88.35,1,3.0,0,0,1,0,0,0,0,0.0,0,0,0,2.0,1,0,3.0,0,0,1,0,95.0,27,359.0,1.1
0.0,2831.0,3.0,5,20.0,1642.0,583.0,45.0,50.0,2.0,11.0,1018.0,22.5,88.35,1,3.0,0,0,1,0,0,0,0,0.0,0,0,0,2.0,1,0,3.0,0,0,1,0,95.0,27,359.0,0.9
0.0,2831.0,4.0,5,20.0,1642.0,720.0,45.0,50.0,1.0,14.0,1359.0,22.5,88.35,1,3.0,0,0,1,0,0,0,0,0.0,0,0,0,2.0,1,0,3.0,0,0,1,0,95.0,27,359.0,1.44
0.0,4192.0,4.0,5,16.0,1642.0,720.0,45.0,50.0,1.0,4.0,1497.0,22.5,88.35,1,3.0,0,0,1,0,0,0,0,0.0,0,0,0,2.0,1,0,3.0,0,0,1,0,95.0,27,359.0,1.4
0.0,4191.0,3.0,5,16.0,1642.0,583.0,45.0,50.0,1.0,5.0,1254.0,22.5,88.35,1,3.0,0,0,1,0,0,0,0,0.0,0,0,0,2.0,1,0,3.0,0,0,1,0,95.0,27,359.0,1.0
0.0,4191.0,2.0,5,16.0,1642.0,305.0,45.0,50.0,1.0,6.0,890.0,22.5,88.35,1,3.0,0,0,1,0,0,0,0,0.0,0,0,0,2.0,1,0,3.0,0,0,1,0,95.0,27,359.0,0.78
0.0,4191.0,3.0,5,7.0,1642.0,583.0,45.0,50.0,2.0,3.0,1535.0,22.5,88.35,1,3.0,0,0,1,0,0,0,0,0.0,0,0,0,2.0,1,0,3.0,0,0,1,0,95.0,27,359.0,1.18
0.0,4191.0,2.0,5,5.0,1642.0,305.0,45.0,50.0,1.0,5.0,930.0,22.5,88.35,1,3.0,0,0,1,0,0,0,0,0.0,0,0,0,2.0,1,0,3.0,0,0,1,0,95.0,27,359.0,0.83
0.0,2826.0,4.0,5,18.0,1642.0,720.0,45.0,50.0,1.0,6.0,1411.0,22.5,88.35,1,3.0,0,0,1,0,0,0,0,0.0,0,0,0,2.0,1,0,3.0,0,0,1,0,95.0,27,359.0,2.03
0.0,2826.0,4.0,5,18.0,1642.0,720.0,45.0,50.0,2.0,15.0,1643.0,22.5,88.35,1,3.0,0,0,1,0,0,0,0,0.0,0,0,0,2.0,1,0,3.0,0,0,1,0,95.0,27,359.0,2.37
0.0,2826.0,3.0,5,18.0,1642.0,583.0,45.0,50.0,1.0,9.0,949.0,22.5,88.35,1,3.0,0,0,1,0,0,0,0,0.0,0,0,0,2.0,1,0,3.0,0,0,1,0,95.0,27,359.0,1.42
0.0,2826.0,3.0,5,18.0,1642.0,583.0,45.0,50.0,2.0,10.0,1202.0,22.5,88.35,1,3.0,0,0,1,0,0,0,0,0.0,0,0,0,2.0,1,0,3.0,0,0,1,0,95.0,27,359.0,1.77
0.0,2827.0,2.0,5,19.0,610.0,172.0,45.0,12.0,1.0,17.0,880.0,22.4439029807,88.2978736068,1,3.0,0,0,1,0,0,0,0,0.0,0,0,0,2.0,1,0,3.0,0,0,1,0,41.0,27,166.0,0.48
0.0,2829.0,3.0,5,12.0,610.0,462.0,45.0,12.0,1.0,9.0,1380.0,22.4439029807,88.2978736068,1,3.0,0,0,1,0,0,0,0,0.0,0,0,0,2.0,1,0,3.0,0,0,1,0,41.0,27,166.0,0.76
0.0,2832.0,3.0,5,12.0,610.0,462.0,45.0,12.0,2.0,11.0,1234.0,22.4439029807,88.2978736068,1,3.0,0,0,1,0,0,0,0,0.0,0,0,0,2.0,1,0,3.0,0,0,1,0,41.0,27,166.0,0.6
0.0,2829.0,3.0,5,12.0,610.0,462.0,45.0,12.0,2.0,3.0,1140.0,22.4439029807,88.2978736068,1,3.0,0,0,1,0,0,0,0,0.0,0,0,0,2.0,1,0,3.0,0,0,1,0,41.0,27,166.0,0.55
0.0,2830.0,2.0,5,12.0,610.0,172.0,45.0,12.0,3.0,7.0,954.0,22.4439029807,88.2978736068,1,3.0,0,0,1,0,0,0,0,0.0,0,0,0,2.0,1,0,3.0,0,0,1,0,41.0,27,166.0,0.5
0.0,2829.0,2.0,5,12.0,610.0,172.0,45.0,12.0,2.0,8.0,925.0,22.4439029807,88.2978736068,1,3.0,0,0,1,0,0,0,0,0.0,0,0,0,2.0,1,0,3.0,0,0,1,0,41.0,27,166.0,0.43
0.0,2941.0,3.0,5,23.0,610.0,462.0,45.0,12.0,1.0,12.0,1266.0,22.4439029807,88.2978736068,1,3.0,0,0,1,0,0,0,0,0.0,0,0,0,2.0,1,0,3.0,0,0,1,0,41.0,27,166.0,0.75
0.0,2941.0,3.0,5,23.0,610.0,462.0,45.0,12.0,2.0,20.0,1358.0,22.4439029807,88.2978736068,1,3.0,0,0,1,0,0,0,0,0.0,0,0,0,2.0,1,0,3.0,0,0,1,0,41.0,27,166.0,0.83
0.0,2941.0,3.0,5,23.0,610.0,462.0,45.0,12.0,1.0,13.0,1058.0,22.4439029807,88.2978736068,1,3.0,0,0,1,0,0,0,0,0.0,0,0,0,2.0,1,0,3.0,0,0,1,0,41.0,27,166.0,0.63
0.0,2941.0,2.0,5,23.0,610.0,172.0,45.0,12.0,2.0,22.0,952.0,22.4439029807,88.2978736068,1,3.0,0,0,1,0,0,0,0,0.0,0,0,0,2.0,1,0,3.0,0,0,1,0,41.0,27,166.0,0.56
0.0,2941.0,1.0,5,23.0,610.0,25.0,45.0,12.0,1.0,12.0,837.0,22.4439029807,88.2978736068,1,3.0,0,0,1,0,0,0,0,0.0,0,0,0,2.0,1,0,3.0,0,0,1,0,41.0,27,166.0,0.47
0.0,2828.0,3.0,6,15.0,610.0,462.0,43.0,12.0,3.0,15.0,644.0,22.4439029807,88.2978736068,1,3.0,0,0,1,0,0,0,0,0.0,0,0,0,2.0,1,0,3.0,0,0,1,0,41.0,27,166.0,0.7
0.0,2828.0,3.0,6,15.0,610.0,462.0,43.0,12.0,1.0,8.0,646.0,22.4439029807,88.2978736068,1,3.0,0,0,1,0,0,0,0,0.0,0,0,0,2.0,1,0,3.0,0,0,1,0,41.0,27,166.0,0.68
0.0,2828.0,2.0,6,15.0,611.0,172.0,43.0,12.0,1.0,11.0,520.0,22.4439029807,88.2978736068,1,3.0,0,0,1,0,0,0,0,0.0,0,0,0,2.0,1,0,3.0,0,0,1,0,41.0,27,166.0,0.5
0.0,2828.0,2.0,6,15.0,610.0,172.0,43.0,12.0,2.0,6.0,550.0,22.4439029807,88.2978736068,1,3.0,0,0,1,0,0,0,0,0.0,0,0,0,2.0,1,0,3.0,0,0,1,0,41.0,27,166.0,0.55
0.0,2827.0,3.0,5,19.0,610.0,462.0,45.0,12.0,1.0,13.0,1250.0,22.4439029807,88.2978736068,1,3.0,0,0,1,0,0,0,0,0.0,0,0,0,2.0,1,0,3.0,0,0,1,0,41.0,27,166.0,0.69
0.0,2827.0,3.0,5,19.0,610.0,462.0,45.0,12.0,1.0,7.0,1460.0,22.4439029807,88.2978736068,1,3.0,0,0,1,0,0,0,0,0.0,0,0,0,2.0,1,0,3.0,0,0,1,0,41.0,27,166.0,0.78
0.0,2827.0,3.0,5,19.0,610.0,462.0,45.0,12.0,1.0,11.0,1130.0,22.4439029807,88.2978736068,1,3.0,0,0,1,0,0,0,0,0.0,0,0,0,2.0,1,0,3.0,0,0,1,0,41.0,27,166.0,0.65
0.0,2827.0,2.0,5,19.0,610.0,172.0,45.0,12.0,1.0,8.0,960.0,22.4439029807,88.2978736068,1,3.0,0,0,1,0,0,0,0,0.0,0,0,0,2.0,1,0,3.0,0,0,1,0,41.0,27,166.0,0.52
0.0,2831.0,4.0,5,20.0,1642.0,720.0,45.0,50.0,2.0,11.0,1354.0,22.5,88.35,1,3.0,0,0,1,0,0,0,0,0.0,0,0,0,2.0,1,0,3.0,0,0,1,0,95.0,27,359.0,1.4
0.0,2831.0,3.0,5,20.0,1642.0,583.0,45.0,50.0,2.0,17.0,1050.0,22.5,88.35,1,3.0,0,0,1,0,0,0,0,0.0,0,0,0,2.0,1,0,3.0,0,0,1,0,95.0,27,359.0,1.0
0.0,2831.0,3.0,5,20.0,1642.0,583.0,45.0,50.0,2.0,16.0,935.0,22.5,88.35,1,3.0,0,0,1,0,0,0,0,0.0,0,0,0,2.0,1,0,3.0,0,0,1,0,95.0,27,359.0,0.88
0.0,2831.0,2.0,5,18.0,1642.0,305.0,45.0,50.0,2.0,8.0,659.0,22.5,88.35,1,3.0,0,0,1,0,0,0,0,0.0,0,0,0,2.0,1,0,3.0,0,0,1,0,95.0,27,359.0,0.7
0.0,4192.0,4.0,5,16.0,1642.0,720.0,45.0,50.0,2.0,10.0,1570.0,22.5,88.35,1,3.0,0,0,1,0,0,0,0,0.0,0,0,0,2.0,1,0,3.0,0,0,1,0,95.0,27,359.0,1.55
0.0,4191.0,3.0,5,18.0,1642.0,583.0,45.0,50.0,1.0,10.0,1339.0,22.5,88.35,1,3.0,0,0,1,0,0,0,0,0.0,0,0,0,2.0,1,0,3.0,0,0,1,0,95.0,27,359.0,1.1
0.0,4191.0,3.0,5,18.0,1642.0,583.0,45.0,50.0,1.0,12.0,1012.0,22.5,88.35,1,3.0,0,0,1,0,0,0,0,0.0,0,0,0,2.0,1,0,3.0,0,0,1,0,95.0,27,359.0,1.0
0.0,4191.0,2.0,5,16.0,1642.0,305.0,45.0,50.0,1.0,11.0,986.0,22.5,88.35,1,3.0,0,0,1,0,0,0,0,0.0,0,0,0,2.0,1,0,3.0,0,0,1,0,95.0,27,359.0,0.8
0.0,4191.0,4.0,5,7.0,1643.0,720.0,45.0,50.0,2.0,5.0,1970.0,22.5,88.35,1,3.0,0,0,1,0,0,0,0,0.0,0,0,0,2.0,1,0,3.0,0,0,1,0,95.0,27,359.0,1.67
0.0,4191.0,3.0,5,7.0,1640.0,583.0,45.0,50.0,2.0,6.0,1435.0,22.5,88.35,1,3.0,0,0,1,0,0,0,0,0.0,0,0,0,2.0,1,0,3.0,0,0,1,0,95.0,27,359.0,1.24
0.0,4191.0,3.0,5,7.0,1642.0,583.0,45.0,50.0,1.0,5.0,1325.0,22.5,88.35,1,3.0,0,0,1,0,0,0,0,0.0,0,0,0,2.0,1,0,3.0,0,0,1,0,95.0,27,359.0,1.14
0.0,1301.0,3.0,5,11.0,887.0,486.0,45.0,26.0,1.0,7.0,1300.0,22.694737,88.452862,1,5.0,0,0,0,0,1,0,0,0.0,0,0,0,2.0,1,0,2.0,0,1,0,0,200.0,26,195.0,0.6
0.0,2024.0,3.0,5,11.0,888.0,486.0,45.0,26.0,1.0,1.0,1400.0,22.694737,88.452862,1,4.0,0,0,0,1,0,0,0,0.0,0,0,0,2.0,1,0,2.0,0,1,0,0,200.0,26,195.0,0.67
0.0,2207.0,2.0,5,13.0,76.0,223.0,44.0,25.0,1.0,3.0,996.0,22.586873,88.48828,1,1.0,1,0,0,0,0,0,0,0.0,0,0,0,2.0,1,0,1.0,1,0,0,0,87.0,28,242.0,1.01
0.0,2209.0,3.0,5,13.0,76.0,513.0,44.0,25.0,1.0,11.0,1457.0,22.586873,88.48828,1,3.0,0,0,1,0,0,0,0,0.0,0,0,0,2.0,1,0,1.0,1,0,0,0,87.0,28,242.0,1.42
0.0,2209.0,3.0,5,13.0,76.0,513.0,44.0,25.0,1.0,10.0,1476.0,22.586873,88.48828,1,5.0,0,0,0,0,1,0,0,0.0,0,0,0,2.0,1,0,1.0,1,0,0,0,87.0,28,242.0,1.42
0.0,2208.0,2.0,5,13.0,76.0,223.0,44.0,25.0,1.0,2.0,996.0,22.586873,88.48828,1,1.0,1,0,0,0,0,0,0,0.0,0,0,0,2.0,1,0,1.0,1,0,0,0,87.0,28,242.0,1.01
0.0,2207.0,2.0,5,13.0,76.0,223.0,44.0,25.0,1.0,3.0,996.0,22.586873,88.48828,1,1.0,1,0,0,0,0,0,0,0.0,0,0,0,2.0,1,0,1.0,1,0,0,0,87.0,28,242.0,1.02
0.0,2209.0,3.0,5,13.0,76.0,356.0,45.0,28.0,1.0,10.0,1476.0,22.60134,88.471506,1,3.0,0,0,1,0,0,0,0,0.0,0,0,0,2.0,1,0,1.0,1,0,0,0,185.0,28,3.0,1.42
0.0,2209.0,3.0,5,13.0,76.0,513.0,44.0,25.0,1.0,10.0,1476.0,22.586873,88.48828,1,3.0,0,0,1,0,0,0,0,0.0,0,0,0,2.0,1,0,1.0,1,0,0,0,87.0,28,242.0,1.42
0.0,1213.0,3.0,5,13.0,76.0,513.0,44.0,25.0,1.0,8.0,1476.0,22.586873,88.48828,1,3.0,0,0,1,0,0,0,0,0.0,0,0,0,2.0,1,0,1.0,1,0,0,0,87.0,28,242.0,1.34
0.0,4077.0,3.0,5,13.0,76.0,513.0,44.0,25.0,1.0,9.0,1476.0,22.586873,88.48828,1,3.0,0,0,1,0,0,0,0,0.0,0,0,0,2.0,1,0,1.0,1,0,0,0,87.0,28,242.0,1.36
0.0,4077.0,3.0,5,13.0,76.0,513.0,44.0,25.0,1.0,11.0,1476.0,22.586873,88.48828,1,3.0,0,0,1,0,0,0,0,0.0,0,0,0,2.0,1,0,1.0,1,0,0,0,87.0,28,242.0,1.35
0.0,4077.0,3.0,5,13.0,76.0,513.0,44.0,25.0,1.0,9.0,1476.0,22.586873,88.48828,1,3.0,0,0,1,0,0,0,0,0.0,0,0,0,2.0,1,0,1.0,1,0,0,0,87.0,28,242.0,1.41
0.0,4037.0,4.0,1,23.0,102.0,695.0,42.0,15.0,3.0,9.0,3029.0,22.581199,88.461896,1,2.0,0,1,0,0,0,0,0,0.0,0,0,0,2.0,1,0,1.0,1,0,0,0,145.0,28,242.0,4.25
0.0,4218.0,2.0,1,15.0,1108.0,172.0,42.0,15.0,1.0,9.0,843.0,22.447584,88.299034,1,4.0,0,0,0,1,0,0,0,0.0,0,0,0,2.0,1,0,3.0,0,0,1,0,67.0,27,166.0,0.53
0.0,4217.0,2.0,1,15.0,1108.0,172.0,42.0,15.0,1.0,13.0,843.0,22.447584,88.299034,1,4.0,0,0,0,1,0,0,0,0.0,0,0,0,2.0,1,0,3.0,0,0,1,0,67.0,27,166.0,0.535
0.0,4219.0,2.0,1,15.0,1108.0,172.0,42.0,15.0,1.0,10.0,813.0,22.447584,88.299034,1,3.0,0,0,1,0,0,0,0,0.0,0,0,0,2.0,1,0,3.0,0,0,1,0,67.0,27,166.0,0.52
0.0,4231.0,2.0,1,15.0,1108.0,172.0,42.0,15.0,1.0,2.0,765.0,22.447584,88.299034,1,6.0,0,0,0,0,0,1,0,0.0,0,0,0,2.0,1,0,3.0,0,0,1,0,67.0,27,166.0,0.53
0.0,997.0,2.0,1,15.0,1108.0,172.0,42.0,15.0,1.0,1.0,765.0,22.447584,88.299034,1,7.0,0,0,0,0,0,0,0,0.0,0,0,0,2.0,1,0,3.0,0,0,1,0,67.0,27,166.0,0.52
0.0,2059.0,2.0,1,15.0,1609.0,172.0,42.0,9.0,1.0,7.0,700.0,22.440158,88.294329,1,8.0,0,0,0,0,0,0,1,0.0,0,0,0,2.0,1,0,3.0,0,0,1,0,119.0,27,166.0,0.53
0.0,4221.0,2.0,1,15.0,1609.0,172.0,42.0,9.0,1.0,10.0,906.0,22.440158,88.294329,1,4.0,0,0,0,1,0,0,0,0.0,0,0,0,2.0,1,0,3.0,0,0,1,0,119.0,27,166.0,0.54
0.0,13.0,2.0,1,15.0,1609.0,172.0,42.0,9.0,1.0,1.0,526.0,22.440158,88.294329,1,5.0,0,0,0,0,1,0,0,0.0,0,0,0,2.0,1,0,3.0,0,0,1,0,119.0,27,166.0,0.53
0.0,2060.0,3.0,1,15.0,1609.0,462.0,42.0,9.0,1.0,5.0,983.0,22.440158,88.294329,1,7.0,0,0,0,0,0,0,0,0.0,0,0,0,2.0,1,0,3.0,0,0,1,0,119.0,27,166.0,0.66
0.0,2061.0,2.0,1,15.0,1609.0,172.0,42.0,9.0,1.0,12.0,550.0,22.440158,88.294329,1,3.0,0,0,1,0,0,0,0,0.0,0,0,0,2.0,1,0,3.0,0,0,1,0,119.0,27,166.0,0.54
0.0,2062.0,3.0,1,15.0,1609.0,462.0,42.0,9.0,1.0,11.0,983.0,22.440158,88.294329,1,1.0,1,0,0,0,0,0,0,0.0,0,0,0,2.0,1,0,3.0,0,0,1,0,119.0,27,166.0,0.65
0.0,4220.0,3.0,5,18.0,1244.0,369.0,45.0,49.0,1.0,9.0,774.0,22.612664,88.377414,1,6.0,0,0,0,0,0,1,0,0.0,0,0,0,2.0,1,0,2.0,0,1,0,0,71.0,26,28.0,0.66
0.0,3606.0,3.0,5,11.0,364.0,593.0,45.0,23.0,1.0,6.0,1400.0,22.697585,88.472875,1,6.0,0,0,0,0,0,1,0,0.0,0,0,0,2.0,1,0,2.0,0,1,0,0,213.0,26,371.0,0.67
0.0,4201.0,3.0,5,11.0,1450.0,486.0,45.0,10.0,1.0,1.0,1094.0,22.70124,88.47059,1,6.0,0,0,0,0,0,1,0,0.0,0,0,0,2.0,1,0,2.0,0,1,0,0,229.0,26,195.0,0.52
0.0,4201.0,3.0,5,11.0,1450.0,486.0,45.0,10.0,1.0,2.0,1136.0,22.70124,88.47059,1,6.0,0,0,0,0,0,1,0,0.0,0,0,0,2.0,1,0,2.0,0,1,0,0,229.0,26,195.0,0.59
0.0,3578.0,3.0,5,4.0,1438.0,372.0,45.0,48.0,1.0,2.0,1173.0,22.6104796840237,88.4291797773895,1,6.0,0,0,0,0,0,1,0,0.0,0,0,0,2.0,1,0,2.0,0,1,0,0,174.0,26,34.0,0.65
0.0,2370.0,3.0,5,11.0,359.0,486.0,45.0,18.0,1.0,5.0,1300.0,22.680012843035,88.461431938766,1,3.0,0,0,1,0,0,0,0,0.0,0,0,0,2.0,1,0,2.0,0,1,0,0,200.0,26,195.0,0.61
0.0,1443.0,4.0,5,31.0,1402.0,671.0,44.0,8.0,1.0,6.0,2560.0,22.558639,88.394022,1,3.0,0,0,1,0,0,0,0,0.0,0,0,0,2.0,1,0,1.0,1,0,0,0,118.0,28,116.0,2.6
0.0,3430.0,4.0,5,31.0,1402.0,671.0,44.0,8.0,2.0,6.0,2525.0,22.558639,88.394022,1,3.0,0,0,1,0,0,0,0,0.0,0,0,0,2.0,1,0,1.0,1,0,0,0,118.0,28,116.0,2.6
0.0,4071.0,3.0,5,4.0,1627.0,486.0,44.0,10.0,1.0,2.0,1365.0,22.67046,88.4542,1,6.0,0,0,0,0,0,1,0,0.0,0,0,0,2.0,1,0,2.0,0,1,0,0,105.0,26,195.0,0.48
0.0,2052.0,3.0,5,11.0,881.0,486.0,45.0,26.0,1.0,2.0,1300.0,22.694737,88.452862,1,1.0,1,0,0,0,0,0,0,0.0,0,0,0,2.0,1,0,2.0,0,1,0,0,200.0,26,195.0,0.585
0.0,634.0,2.0,5,11.0,887.0,193.0,45.0,26.0,1.0,2.0,1150.0,22.694737,88.452862,1,3.0,0,0,1,0,0,0,0,0.0,0,0,0,2.0,1,0,2.0,0,1,0,0,200.0,26,195.0,0.52
0.0,2906.0,3.0,1,4.0,1588.0,471.0,42.0,15.0,1.0,2.0,1101.0,22.443479,88.389803,1,6.0,0,0,0,0,0,1,0,0.0,0,0,0,2.0,1,0,3.0,0,0,1,0,150.0,27,176.0,0.501
0.0,2907.0,3.0,1,4.0,1588.0,471.0,42.0,15.0,1.0,4.0,1191.0,22.443479,88.389803,1,8.0,0,0,0,0,0,0,1,0.0,0,0,0,2.0,1,0,3.0,0,0,1,0,150.0,27,176.0,0.5418999999999999
0.0,2906.0,2.0,1,4.0,1588.0,179.0,42.0,15.0,1.0,1.0,937.0,22.443479,88.389803,1,3.0,0,0,1,0,0,0,0,0.0,0,0,0,2.0,1,0,3.0,0,0,1,0,150.0,27,176.0,0.4263
0.0,2906.0,2.0,1,4.0,1588.0,179.0,42.0,15.0,1.0,4.0,872.0,22.443479,88.389803,1,4.0,0,0,0,1,0,0,0,0.0,0,0,0,2.0,1,0,3.0,0,0,1,0,150.0,27,176.0,0.3968
0.0,2053.0,4.0,5,11.0,885.0,686.0,45.0,26.0,1.0,2.0,1700.0,22.694737,88.452862,1,6.0,0,0,0,0,0,1,0,0.0,0,0,0,2.0,1,0,2.0,0,1,0,0,200.0,26,195.0,0.765
0.0,3426.0,4.0,5,20.0,1069.0,695.0,44.0,7.0,2.0,12.0,1508.0,22.570637,88.4617767,1,4.0,0,0,0,1,0,0,0,0.0,0,0,0,2.0,1,0,1.0,1,0,0,0,146.0,28,242.0,1.85
0.0,1351.0,2.0,1,4.0,655.0,133.0,43.0,1.0,1.0,1.0,858.0,22.416368,88.40141,1,1.0,1,0,0,0,0,0,0,0.0,0,0,0,2.0,1,0,3.0,0,0,1,0,41.0,27,105.0,0.2402
0.0,2288.0,3.0,1,11.0,1120.0,504.0,43.0,1.0,1.0,10.0,1465.0,22.431361,88.396724,1,7.0,0,0,0,0,0,0,0,0.0,0,0,0,2.0,1,0,3.0,0,0,1,0,292.0,27,231.0,0.6593000000000001
0.0,1103.0,2.0,3,4.0,950.0,248.0,43.0,46.0,1.0,1.0,850.0,22.4960755,88.4066211,1,3.0,0,0,1,0,0,0,0,0.0,0,0,0,2.0,1,0,3.0,0,0,1,0,188.0,27,276.0,0.38
0.0,2442.0,4.0,6,5.0,1706.0,695.0,43.0,35.0,2.0,2.0,1833.0,22.6006912,88.4694535,1,3.0,0,0,1,0,0,0,0,0.0,0,0,0,2.0,1,0,1.0,1,0,0,0,185.0,28,242.0,1.08
0.0,2902.0,3.0,5,4.0,1574.0,441.0,45.0,50.0,1.0,4.0,1200.0,22.4658051,88.384625,1,4.0,0,0,0,1,0,0,0,0.0,0,0,0,2.0,1,0,3.0,0,0,1,0,80.0,27,126.0,0.65
0.0,2795.0,3.0,5,5.0,1458.0,441.0,45.0,49.0,1.0,2.0,1130.0,22.536025,88.35469,1,4.0,0,0,0,1,0,0,0,0.0,0,0,0,2.0,1,0,3.0,0,0,1,0,164.0,27,126.0,0.701
0.0,2793.0,2.0,5,5.0,1457.0,147.0,45.0,50.0,2.0,2.0,1045.0,22.4658051,88.384625,1,4.0,0,0,0,1,0,0,0,1.0,1,0,0,2.0,1,0,3.0,0,0,1,0,80.0,27,126.0,0.65
0.0,2440.0,4.0,6,5.0,1252.0,695.0,43.0,36.0,2.0,4.0,1833.0,22.632687,88.450763,1,4.0,0,0,0,1,0,0,0,0.0,0,0,0,2.0,1,0,1.0,1,0,0,0,183.0,28,242.0,1.1
0.0,2789.0,2.0,5,11.0,1442.0,252.0,45.0,33.0,1.0,5.0,950.0,22.6006912,88.4694535,1,3.0,0,0,1,0,0,0,0,0.0,0,0,0,2.0,1,0,1.0,1,0,0,0,185.0,28,284.0,0.35
0.0,935.0,3.0,6,4.0,322.0,383.0,43.0,46.0,1.0,2.0,1205.0,22.47069,88.36166,1,3.0,0,0,1,0,0,0,0,1.0,1,0,0,2.0,1,0,3.0,0,0,1,0,89.0,27,45.0,0.495
0.0,2444.0,2.0,5,5.0,1253.0,223.0,45.0,33.0,1.0,4.0,1227.0,22.6006912,88.4694535,1,3.0,0,0,1,0,0,0,0,0.0,0,0,0,2.0,1,0,1.0,1,0,0,0,185.0,28,242.0,0.63
0.0,2902.0,3.0,5,4.0,1575.0,441.0,45.0,50.0,1.0,1.0,1200.0,22.4658051,88.384625,1,3.0,0,0,1,0,0,0,0,0.0,0,0,0,2.0,1,0,3.0,0,0,1,0,80.0,27,126.0,0.65
0.0,2449.0,3.0,5,5.0,1254.0,355.0,45.0,39.0,1.0,4.0,1402.0,22.581047,88.462231,0,3.0,0,0,1,0,0,0,0,0.0,0,0,0,2.0,1,0,1.0,1,0,0,0,86.0,28,2.0,0.715
0.0,2441.0,3.0,6,5.0,1706.0,513.0,43.0,35.0,1.0,1.0,1486.0,22.6006912,88.4694535,1,4.0,0,0,0,1,0,0,0,0.0,0,0,0,2.0,1,0,1.0,1,0,0,0,185.0,28,242.0,0.82
0.0,2792.0,2.0,6,4.0,1456.0,147.0,43.0,47.0,1.0,4.0,880.0,22.465479,88.377785,1,2.0,0,1,0,0,0,0,0,1.0,1,0,0,2.0,1,0,3.0,0,0,1,0,80.0,27,126.0,0.55
0.0,3458.0,2.0,6,4.0,972.0,90.0,43.0,47.0,1.0,3.0,973.0,22.465479,88.377785,1,4.0,0,0,0,1,0,0,0,1.0,1,0,0,2.0,1,0,3.0,0,0,1,0,80.0,27,45.0,0.36
0.0,1904.0,3.0,6,3.0,949.0,383.0,43.0,47.0,1.0,3.0,1137.0,22.465479,88.377785,1,8.0,0,0,0,0,0,0,1,1.0,1,0,0,2.0,1,0,3.0,0,0,1,0,80.0,27,45.0,0.53
0.0,2446.0,2.0,6,5.0,1706.0,223.0,43.0,33.0,2.0,4.0,1230.0,22.566936,88.463106,1,7.0,0,0,0,0,0,0,0,0.0,0,0,0,2.0,1,0,1.0,1,0,0,0,85.0,28,242.0,0.73
0.0,595.0,1.0,1,2.0,949.0,38.0,43.0,41.0,1.0,0.0,460.0,22.4862447,88.4121355,1,4.0,0,0,0,1,0,0,0,0.0,0,0,0,2.0,1,0,3.0,0,0,1,0,189.0,27,236.0,0.16
0.0,2004.0,2.0,1,2.0,949.0,218.0,43.0,41.0,1.0,2.0,800.0,22.4863267,88.4120067,1,6.0,0,0,0,0,0,1,0,0.0,0,0,0,2.0,1,0,3.0,0,0,1,0,189.0,27,236.0,0.26
0.0,592.0,4.0,1,4.0,956.0,693.0,43.0,33.0,2.0,3.0,1600.0,22.479698,88.41402,1,4.0,0,0,0,1,0,0,0,0.0,0,0,0,2.0,1,0,3.0,0,0,1,0,77.0,27,236.0,0.6559999999999999
0.0,593.0,2.0,1,4.0,954.0,218.0,43.0,33.0,1.0,2.0,825.0,22.47969,88.4141,1,1.0,1,0,0,0,0,0,0,0.0,0,0,0,2.0,1,0,3.0,0,0,1,0,77.0,27,236.0,0.3383
0.0,594.0,3.0,1,4.0,954.0,507.0,43.0,33.0,1.0,2.0,1050.0,22.479458,88.4144,1,3.0,0,0,1,0,0,0,0,0.0,0,0,0,2.0,1,0,3.0,0,0,1,0,77.0,27,236.0,0.4305
0.0,591.0,2.0,1,3.0,954.0,218.0,43.0,43.0,1.0,1.0,818.0,22.48764,88.41109,1,3.0,0,0,1,0,0,0,0,0.0,0,0,0,2.0,1,0,3.0,0,0,1,0,189.0,27,236.0,0.3354
0.0,2613.0,3.0,2,3.0,949.0,499.0,43.0,38.0,0.0,1.0,1140.0,22.488554,88.41216,1,3.0,0,0,1,0,0,0,0,1.0,1,0,0,2.0,1,0,3.0,0,0,1,0,188.0,27,219.0,0.51
0.0,2002.0,3.0,1,4.0,670.0,507.0,43.0,38.0,2.0,3.0,2016.0,22.488554,88.41216,1,3.0,0,0,1,0,0,0,0,0.0,0,0,0,2.0,1,0,3.0,0,0,1,0,188.0,27,236.0,0.9072
0.0,1856.0,3.0,2,3.0,949.0,507.0,43.0,42.0,1.0,3.0,1106.0,22.4885468,88.4107519,1,3.0,0,0,1,0,0,0,0,0.0,0,0,0,2.0,1,0,3.0,0,0,1,0,189.0,27,236.0,0.37
0.0,2813.0,2.0,1,3.0,949.0,218.0,43.0,32.0,1.0,3.0,772.0,22.485575,88.41542,1,3.0,0,0,1,0,0,0,0,0.0,0,0,0,2.0,1,0,3.0,0,0,1,0,188.0,27,236.0,0.3165
0.0,1966.0,2.0,1,3.0,954.0,218.0,43.0,25.0,1.0,1.0,951.0,22.483892,88.41688,1,5.0,0,0,0,0,1,0,0,0.0,0,0,0,2.0,1,0,3.0,0,0,1,0,188.0,27,236.0,0.39
0.0,3261.0,3.0,1,3.0,954.0,507.0,43.0,30.0,1.0,3.0,1386.0,22.482533,88.4143,1,3.0,0,0,1,0,0,0,0,0.0,0,0,0,2.0,1,0,3.0,0,0,1,0,189.0,27,236.0,0.5821000000000001
0.0,1864.0,3.0,1,3.0,1317.0,507.0,43.0,30.0,1.0,1.0,1100.0,22.482533,88.4143,1,3.0,0,0,1,0,0,0,0,0.0,0,0,0,2.0,1,0,3.0,0,0,1,0,189.0,27,236.0,0.48
0.0,599.0,2.0,1,3.0,954.0,218.0,43.0,27.0,1.0,1.0,850.0,22.484217,88.41559,1,7.0,0,0,0,0,0,0,0,0.0,0,0,0,2.0,1,0,3.0,0,0,1,0,188.0,27,236.0,0.41
0.0,598.0,2.0,1,3.0,954.0,218.0,43.0,33.0,1.0,1.0,570.0,22.485945,88.41402,1,5.0,0,0,0,0,1,0,0,0.0,0,0,0,2.0,1,0,3.0,0,0,1,0,188.0,27,236.0,0.24
0.0,596.0,1.0,1,3.0,954.0,38.0,43.0,33.0,1.0,1.0,500.0,22.485945,88.41402,1,4.0,0,0,0,1,0,0,0,0.0,0,0,0,2.0,1,0,3.0,0,0,1,0,188.0,27,236.0,0.2
0.0,15.0,3.0,2,12.0,80.0,513.0,43.0,35.0,3.0,11.0,2800.0,22.6006912,88.4694535,1,4.0,0,0,0,1,0,0,0,2.0,0,1,0,2.0,1,0,1.0,1,0,0,0,185.0,28,242.0,2.2
0.0,1799.0,3.0,1,13.0,1398.0,542.0,42.0,15.0,1.0,5.0,1285.0,22.6324176,88.4704153,1,7.0,0,0,0,0,0,0,0,0.0,0,0,0,2.0,1,0,1.0,1,0,0,0,255.0,28,284.0,0.76
0.0,1518.0,2.0,2,13.0,1660.0,226.0,43.0,39.0,2.0,6.0,1195.0,22.6228254,88.4516582,1,8.0,0,0,0,0,0,0,1,0.0,0,0,0,2.0,1,0,1.0,1,0,0,0,183.0,28,248.0,0.85
0.0,2478.0,2.0,2,9.0,1371.0,229.0,43.0,31.0,1.0,7.0,770.0,22.616942,88.448736,1,2.0,0,1,0,0,0,0,0,0.0,0,0,0,2.0,1,0,1.0,1,0,0,0,8.0,28,252.0,0.55
0.0,690.0,2.0,2,13.0,80.0,223.0,43.0,35.0,3.0,6.0,1319.0,22.6006912,88.4694535,1,5.0,0,0,0,0,1,0,0,0.0,0,0,0,2.0,1,0,1.0,1,0,0,0,185.0,28,242.0,0.9
0.0,1126.0,3.0,5,6.0,441.0,381.0,45.0,12.0,2.0,3.0,1357.0,22.923422,88.382006,1,3.0,0,0,1,0,0,0,0,0.0,0,0,0,2.0,1,0,4.0,0,0,0,1,213.0,29,43.0,0.4057
0.0,2303.0,3.0,5,4.0,1419.0,499.0,45.0,49.0,2.0,2.0,1080.0,22.4927324733,88.403800425,1,8.0,0,0,0,0,0,0,1,0.0,0,0,0,2.0,1,0,3.0,0,0,1,0,188.0,27,219.0,0.465
0.0,2622.0,2.0,2,3.0,949.0,218.0,43.0,37.0,1.0,1.0,963.0,22.484142,88.41336,1,5.0,0,0,0,0,1,0,0,0.0,0,0,0,2.0,1,0,3.0,0,0,1,0,189.0,27,236.0,0.33
0.0,2334.0,2.672021502414428,0,3.0,26.0,783.0,46.0,12.0,1.2297135143990388,3.753961788353753,1080.0,22.4439029807,88.2978736068,1,3.0,0,0,1,0,0,0,0,3.0,0,0,1,3.0,0,1,3.0,0,0,1,0,41.0,27,166.0,0.075
0.0,458.0,2.672021502414428,0,4.0,1229.0,793.0,13.0,45.0,1.2297135143990388,3.753961788353753,1440.0,22.4788135,88.3090479,1,6.0,0,0,0,0,0,1,0,3.0,0,0,1,3.0,0,1,3.0,0,0,1,0,287.0,27,303.0,0.125
0.0,458.0,2.672021502414428,0,4.0,1229.0,783.0,10.0,12.0,1.2297135143990388,3.753961788353753,1080.0,22.4439029807,88.2978736068,1,1.0,1,0,0,0,0,0,0,3.0,0,0,1,3.0,0,1,3.0,0,0,1,0,41.0,27,166.0,0.09
0.0,457.0,2.672021502414428,0,4.0,607.0,793.0,2.0,45.0,1.2297135143990388,3.753961788353753,1800.0,22.4788135,88.3090479,1,3.0,0,0,1,0,0,0,0,3.0,0,0,1,3.0,0,1,3.0,0,0,1,0,287.0,27,303.0,0.072
0.0,454.0,2.672021502414428,0,4.0,1241.0,783.0,2.0,14.0,1.2297135143990388,3.753961788353753,1300.0,22.457216,88.298579,1,3.0,0,0,1,0,0,0,0,3.0,0,0,1,3.0,0,1,3.0,0,0,1,0,139.0,27,166.0,0.1083
0.0,437.0,2.672021502414428,0,4.0,609.0,783.0,2.0,12.0,1.2297135143990388,3.753961788353753,1080.0,22.4439029807,88.2978736068,1,3.0,0,0,1,0,0,0,0,3.0,0,0,1,3.0,0,1,3.0,0,0,1,0,41.0,27,166.0,0.0375
0.0,456.0,2.672021502414428,0,4.0,1241.0,783.0,12.0,14.0,1.2297135143990388,3.753961788353753,1400.0,22.457216,88.298579,1,6.0,0,0,0,0,0,1,0,3.0,0,0,1,3.0,0,1,3.0,0,0,1,0,139.0,27,166.0,0.1165
0.0,455.0,2.672021502414428,0,4.0,609.0,783.0,2.0,12.0,1.2297135143990388,3.753961788353753,1800.0,22.4439029807,88.2978736068,1,3.0,0,0,1,0,0,0,0,3.0,0,0,1,3.0,0,1,3.0,0,0,1,0,41.0,27,166.0,0.0625
0.0,443.0,2.672021502414428,0,4.0,1241.0,783.0,12.0,14.0,1.2297135143990388,3.753961788353753,1500.0,22.457216,88.298579,1,6.0,0,0,0,0,0,1,0,3.0,0,0,1,3.0,0,1,3.0,0,0,1,0,139.0,27,166.0,0.1041
0.0,455.0,2.672021502414428,0,4.0,1241.0,783.0,2.0,14.0,1.2297135143990388,3.753961788353753,1440.0,22.457216,88.298579,1,3.0,0,0,1,0,0,0,0,3.0,0,0,1,3.0,0,1,3.0,0,0,1,0,139.0,27,166.0,0.12
0.0,455.0,2.672021502414428,0,4.0,609.0,783.0,12.0,12.0,1.2297135143990388,3.753961788353753,1085.0,22.4439029807,88.2978736068,1,6.0,0,0,0,0,0,1,0,3.0,0,0,1,3.0,0,1,3.0,0,0,1,0,41.0,27,166.0,0.038
0.0,2503.0,3.0,2,22.0,1673.0,513.0,43.0,15.0,2.0,11.0,2182.0,22.6006912,88.4694535,1,1.0,1,0,0,0,0,0,0,0.0,0,0,0,2.0,1,0,1.0,1,0,0,0,133.0,28,242.0,1.45
0.0,932.0,3.0,5,4.0,949.0,355.0,45.0,41.0,2.0,1.0,1485.0,22.581047,88.462231,0,1.0,1,0,0,0,0,0,0,0.0,0,0,0,2.0,1,0,1.0,1,0,0,0,86.0,28,2.0,0.85
0.0,262.0,3.0,5,4.0,949.0,355.0,45.0,41.0,2.0,1.0,1251.0,22.581047,88.462231,0,8.0,0,0,0,0,0,0,1,0.0,0,0,0,2.0,1,0,1.0,1,0,0,0,86.0,28,2.0,0.7
0.0,2040.0,3.0,5,4.0,949.0,355.0,45.0,41.0,2.0,1.0,1249.0,22.581047,88.462231,0,5.0,0,0,0,0,1,0,0,0.0,0,0,0,2.0,1,0,1.0,1,0,0,0,86.0,28,2.0,0.68
0.0,313.0,1.0,2,5.0,684.0,7.0,43.0,13.0,1.0,4.0,411.0,22.735636,88.463418,1,6.0,0,0,0,0,0,1,0,0.0,0,0,0,2.0,1,0,2.0,0,1,0,0,213.0,26,48.0,0.09
0.0,220.0,3.0,2,4.0,949.0,355.0,43.0,39.0,2.0,2.0,1250.0,22.572504,88.46198,1,3.0,0,0,1,0,0,0,0,1.0,1,0,0,2.0,1,0,1.0,1,0,0,0,85.0,28,2.0,0.7
0.0,1513.0,3.0,1,4.0,949.0,355.0,43.0,34.0,2.0,2.0,1482.0,22.57104,88.46516,1,5.0,0,0,0,0,1,0,0,0.0,0,0,0,2.0,1,0,1.0,1,0,0,0,85.0,28,2.0,0.83
0.0,3974.0,3.0,2,8.0,949.0,355.0,43.0,34.0,3.0,4.0,1489.0,22.57104,88.46516,0,3.0,0,0,1,0,0,0,0,0.0,0,0,0,2.0,1,0,1.0,1,0,0,0,85.0,28,2.0,0.95
0.0,23.0,3.0,6,4.0,949.0,515.0,43.0,41.0,2.0,3.0,1649.0,22.584079,88.463023,1,8.0,0,0,0,0,0,0,1,0.0,0,0,0,2.0,1,0,1.0,1,0,0,0,86.0,28,244.0,1.1
0.0,24.0,3.0,6,4.0,949.0,514.0,43.0,41.0,2.0,3.0,1650.0,22.581047,88.462231,1,6.0,0,0,0,0,0,1,0,0.0,0,0,0,2.0,1,0,1.0,1,0,0,0,86.0,28,243.0,1.1
0.0,3757.0,4.0,6,25.0,566.0,695.0,42.0,15.0,1.0,9.0,1950.0,22.6006912,88.4694535,1,4.0,0,0,0,1,0,0,0,1.0,1,0,0,2.0,1,0,1.0,1,0,0,0,259.0,28,242.0,1.75
0.0,377.0,4.0,1,25.0,566.0,695.0,42.0,15.0,1.0,12.0,1950.0,22.571168,88.448828,1,4.0,0,0,0,1,0,0,0,0.0,0,0,0,2.0,1,0,1.0,1,0,0,0,259.0,28,242.0,1.45
0.0,412.0,3.0,6,22.0,779.0,555.0,42.0,15.0,1.0,3.0,1415.0,22.5683432,88.4472639,1,5.0,0,0,0,0,1,0,0,0.0,0,0,0,2.0,1,0,2.0,0,1,0,0,266.0,26,305.0,1.5
0.0,345.0,3.0,1,5.0,303.0,433.0,43.0,26.0,1.0,4.0,1460.0,22.664646,88.371516,1,6.0,0,0,0,0,0,1,0,0.0,0,0,0,2.0,1,0,2.0,0,1,0,0,70.0,26,114.0,0.78
0.0,927.0,2.672021502414428,0,4.0,949.0,787.0,16.0,33.0,1.2297135143990388,3.753961788353753,1612.0,22.6006912,88.4694535,1,0.0,0,0,0,0,0,0,0,3.0,0,0,1,3.0,0,1,1.0,1,0,0,0,185.0,28,242.0,1.65
0.0,1168.0,3.0,2,8.0,949.0,513.0,43.0,35.0,2.0,3.0,1480.0,22.6006912,88.4694535,0,0.0,0,0,0,0,0,0,0,0.0,0,0,0,2.0,1,0,1.0,1,0,0,0,185.0,28,242.0,0.9
0.0,260.0,3.0,2,8.0,949.0,514.0,43.0,41.0,3.0,4.0,1484.0,22.581047,88.462231,1,1.0,1,0,0,0,0,0,0,0.0,0,0,0,2.0,1,0,1.0,1,0,0,0,86.0,28,243.0,0.95
0.0,926.0,2.672021502414428,0,4.0,949.0,789.0,16.0,28.0,1.2297135143990388,3.753961788353753,1612.0,22.615992,88.47667,1,0.0,0,0,0,0,0,0,0,3.0,0,0,1,3.0,0,1,1.0,1,0,0,0,209.0,28,247.0,1.5
0.0,259.0,3.0,2,8.0,949.0,516.0,43.0,39.0,3.0,4.0,1485.0,22.578154,88.460627,0,3.0,0,0,1,0,0,0,0,0.0,0,0,0,2.0,1,0,1.0,1,0,0,0,85.0,28,245.0,0.95
0.0,3046.0,2.0,6,25.0,566.0,223.0,42.0,15.0,1.0,18.0,1090.0,22.6006912,88.4694535,1,4.0,0,0,0,1,0,0,0,0.0,0,0,0,2.0,1,0,1.0,1,0,0,0,259.0,28,242.0,0.78
0.0,2547.0,4.0,6,14.0,1472.0,652.0,42.0,11.0,1.0,5.0,1832.0,22.6680161,88.3757667,1,4.0,0,0,0,1,0,0,0,0.0,0,0,0,2.0,1,0,2.0,0,1,0,0,17.0,26,28.0,0.99
0.0,4010.0,3.0,6,10.0,1687.0,542.0,42.0,7.0,1.0,5.0,1260.0,22.6006912,88.4694535,1,5.0,0,0,0,0,1,0,0,0.0,0,0,0,2.0,1,0,1.0,1,0,0,0,146.0,28,284.0,0.91
0.0,2375.0,2.0,5,18.0,1615.0,105.0,44.0,5.0,2.0,9.0,920.0,22.563464,88.392105,1,3.0,0,0,1,0,0,0,0,0.0,0,0,0,2.0,1,0,1.0,1,0,0,0,131.0,28,61.0,0.85
0.0,2270.0,3.0,1,18.0,1060.0,513.0,42.0,15.0,1.0,9.0,1409.0,22.582182,88.487992,1,6.0,0,0,0,0,0,1,0,0.0,0,0,0,2.0,1,0,1.0,1,0,0,0,234.0,28,242.0,1.55
0.0,2863.0,3.0,5,24.0,986.0,435.0,44.0,15.0,1.0,14.0,1357.0,22.452311,88.39475,1,3.0,0,0,1,0,0,0,0,0.0,0,0,0,2.0,1,0,3.0,0,0,1,0,123.0,27,116.0,1.32
0.0,2047.0,3.0,5,4.0,1004.0,544.0,45.0,3.0,1.0,3.0,1052.0,22.40946,88.4113,1,8.0,0,0,0,0,0,0,1,0.0,0,0,0,2.0,1,0,3.0,0,0,1,0,41.0,27,288.0,0.3560999999999999
0.0,672.0,3.0,1,24.0,986.0,435.0,42.0,15.0,1.0,16.0,1623.0,22.452768,88.39572,1,4.0,0,0,0,1,0,0,0,0.0,0,0,0,2.0,1,0,3.0,0,0,1,0,123.0,27,116.0,1.51
0.0,646.0,3.0,1,7.0,1118.0,471.0,42.0,19.0,1.0,5.0,1530.0,22.445911,88.392828,1,2.0,0,1,0,0,0,0,0,0.0,0,0,0,2.0,1,0,3.0,0,0,1,0,172.0,27,176.0,0.72
0.0,2858.0,2.0,1,18.0,1663.0,142.0,42.0,8.0,1.0,8.0,865.0,22.470755,88.397107,1,3.0,0,0,1,0,0,0,0,0.0,0,0,0,2.0,1,0,3.0,0,0,1,0,118.0,27,116.0,0.85
0.0,2199.0,3.0,1,5.0,1713.0,504.0,42.0,3.0,1.0,3.0,1018.0,22.426191,88.407684,1,1.0,1,0,0,0,0,0,0,0.0,0,0,0,2.0,1,0,3.0,0,0,1,0,41.0,27,231.0,0.46
0.0,909.0,2.0,5,14.0,1444.0,142.0,45.0,42.0,2.0,10.0,1200.0,22.548114,88.4004968,1,3.0,0,0,1,0,0,0,0,0.0,0,0,0,2.0,1,0,3.0,0,0,1,0,193.0,27,116.0,0.72
0.0,1011.0,2.0,1,4.0,1053.0,142.0,43.0,36.0,1.0,3.0,844.0,22.45722,88.396324,1,5.0,0,0,0,0,1,0,0,0.0,0,0,0,2.0,1,0,3.0,0,0,1,0,80.0,27,116.0,0.472
0.0,4227.0,1.0,2,14.0,83.0,13.0,43.0,49.0,1.0,13.0,560.0,22.477388,88.400489,1,3.0,0,0,1,0,0,0,0,0.0,0,0,0,2.0,1,0,3.0,0,0,1,0,77.0,27,82.0,0.32
0.0,640.0,3.0,2,4.0,230.0,471.0,42.0,8.0,1.0,4.0,1268.0,22.451792,88.40426,1,3.0,0,0,1,0,0,0,0,0.0,0,0,0,2.0,1,0,3.0,0,0,1,0,55.0,27,176.0,0.64
0.0,2047.0,2.0,5,4.0,1004.0,255.0,45.0,3.0,1.0,2.0,900.0,22.40946,88.4113,1,3.0,0,0,1,0,0,0,0,0.0,0,0,0,2.0,1,0,3.0,0,0,1,0,41.0,27,288.0,0.2793
0.0,1947.0,2.0,1,17.0,820.0,142.0,43.0,3.0,1.0,17.0,1118.0,22.452847,88.394852,1,5.0,0,0,0,0,1,0,0,0.0,0,0,0,2.0,1,0,3.0,0,0,1,0,37.0,27,116.0,0.91
0.0,139.0,3.0,1,5.0,1581.0,428.0,43.0,50.0,1.0,2.0,1381.0,22.520534,88.363321,1,5.0,0,0,0,0,1,0,0,0.0,0,0,0,2.0,1,0,3.0,0,0,1,0,203.0,27,109.0,1.59
0.0,3785.0,2.0,6,3.0,870.0,220.0,43.0,50.0,1.0,2.0,1049.0,22.520718,88.378747,1,4.0,0,0,0,1,0,0,0,0.0,0,0,0,2.0,1,0,3.0,0,0,1,0,178.0,27,238.0,0.6894
0.0,2076.0,3.0,6,3.0,870.0,553.0,43.0,50.0,1.0,2.0,1305.0,22.512508,88.3836,1,3.0,0,0,1,0,0,0,0,0.0,0,0,0,2.0,1,0,3.0,0,0,1,0,197.0,27,299.0,0.843
0.0,965.0,2.0,2,4.0,417.0,218.0,43.0,49.0,1.0,4.0,994.0,22.479308,88.4047447,1,4.0,0,0,0,1,0,0,0,0.0,0,0,0,2.0,1,0,3.0,0,0,1,0,77.0,27,236.0,0.45
0.0,1369.0,2.0,3,4.0,930.0,90.0,43.0,46.0,1.0,0.0,750.0,22.47069,88.36166,1,4.0,0,0,0,1,0,0,0,0.0,0,0,0,2.0,1,0,3.0,0,0,1,0,89.0,27,45.0,0.32
0.0,1127.0,3.0,1,4.0,201.0,499.0,43.0,15.0,2.0,2.0,1256.0,22.497572,88.41491,1,2.0,0,1,0,0,0,0,0,0.0,0,0,0,2.0,1,0,3.0,0,0,1,0,245.0,27,219.0,0.72
0.0,1022.0,3.0,1,4.0,201.0,499.0,43.0,15.0,1.0,4.0,1256.0,22.4927324733,88.403800425,1,5.0,0,0,0,0,1,0,0,0.0,0,0,0,2.0,1,0,3.0,0,0,1,0,245.0,27,219.0,0.7536
0.0,1021.0,3.0,1,4.0,201.0,499.0,43.0,15.0,1.0,1.0,1256.0,22.499046,88.414764,1,7.0,0,0,0,0,0,0,0,0.0,0,0,0,2.0,1,0,3.0,0,0,1,0,245.0,27,219.0,0.7536
0.0,1128.0,3.0,1,4.0,201.0,499.0,43.0,15.0,1.0,3.0,1306.0,22.4989036,88.4162485,1,6.0,0,0,0,0,0,1,0,0.0,0,0,0,2.0,1,0,3.0,0,0,1,0,245.0,27,219.0,0.7836
0.0,2073.0,2.0,1,12.0,949.0,316.0,43.0,50.0,1.0,2.0,1072.0,22.499014,88.39904,1,4.0,0,0,0,1,0,0,0,0.0,0,0,0,2.0,1,0,3.0,0,0,1,0,188.0,27,388.0,0.8576
0.0,2074.0,3.0,1,12.0,949.0,435.0,43.0,50.0,1.0,2.0,1334.0,22.499014,88.39904,1,3.0,0,0,1,0,0,0,0,0.0,0,0,0,2.0,1,0,3.0,0,0,1,0,188.0,27,116.0,1.07
0.0,2072.0,2.0,1,12.0,949.0,333.0,43.0,50.0,2.0,2.0,1075.0,22.499014,88.39904,1,1.0,1,0,0,0,0,0,0,0.0,0,0,0,1.0,0,0,3.0,0,0,1,0,188.0,27,169.0,0.86
0.0,3259.0,3.0,1,12.0,949.0,465.0,43.0,50.0,1.0,2.0,1458.0,22.498764,88.39903,1,6.0,0,0,0,0,0,1,0,0.0,0,0,0,2.0,1,0,3.0,0,0,1,0,188.0,27,169.0,1.17
0.0,3179.0,2.0,1,3.0,1051.0,252.0,43.0,25.0,1.0,2.0,819.0,22.630564,88.49337,1,3.0,0,0,1,0,0,0,0,0.0,0,0,0,2.0,1,0,1.0,1,0,0,0,214.0,28,284.0,0.2416
0.0,3221.0,3.0,1,4.0,238.0,542.0,43.0,25.0,1.0,3.0,1150.0,22.630564,88.49337,1,5.0,0,0,0,0,1,0,0,0.0,0,0,0,2.0,1,0,1.0,1,0,0,0,214.0,28,284.0,0.3565
0.0,2997.0,1.0,1,4.0,237.0,45.0,43.0,10.0,1.0,2.0,560.0,22.654268,88.4549,1,4.0,0,0,0,1,0,0,0,0.0,0,0,0,2.0,1,0,1.0,1,0,0,0,117.0,28,284.0,0.1736
0.0,2706.0,2.0,2,4.0,1430.0,252.0,43.0,34.0,1.0,3.0,828.0,22.632563,88.44698,1,3.0,0,0,1,0,0,0,0,0.0,0,0,0,2.0,1,0,1.0,1,0,0,0,181.0,28,284.0,0.25
0.0,68.0,2.0,1,4.0,949.0,252.0,43.0,25.0,1.0,1.0,796.0,22.630564,88.49337,1,8.0,0,0,0,0,0,0,1,0.0,0,0,0,2.0,1,0,1.0,1,0,0,0,214.0,28,284.0,0.2786
0.0,1797.0,3.0,5,4.0,1377.0,542.0,45.0,17.0,2.0,3.0,1221.0,22.580548,88.498092,1,3.0,0,0,1,0,0,0,0,0.0,0,0,0,2.0,1,0,1.0,1,0,0,0,196.0,28,284.0,0.3907
0.0,1376.0,2.0,3,4.0,1008.0,240.0,43.0,50.0,1.0,3.0,1250.0,22.4699372,88.3871905,0,5.0,0,0,0,0,1,0,0,0.0,0,0,0,2.0,1,0,3.0,0,0,1,0,80.0,27,266.0,0.7
0.0,2963.0,3.0,3,5.0,930.0,481.0,43.0,50.0,1.0,1.0,1060.0,22.5052344,88.3596635,1,5.0,0,0,0,0,1,0,0,0.0,0,0,0,2.0,1,0,3.0,0,0,1,0,204.0,27,189.0,0.8
0.0,1375.0,2.0,3,4.0,1639.0,305.0,43.0,50.0,1.0,1.0,1575.0,22.4990582,88.3480201,1,1.0,1,0,0,0,0,0,0,1.0,1,0,0,2.0,1,0,3.0,0,0,1,0,95.0,27,359.0,1.05
0.0,2959.0,2.0,3,4.0,1214.0,171.0,43.0,50.0,1.0,1.0,1100.0,22.5070882,88.3628841,1,3.0,0,0,1,0,0,0,0,0.0,0,0,0,2.0,1,0,3.0,0,0,1,0,204.0,27,164.0,0.85
0.0,3879.0,2.0,1,4.0,93.0,252.0,43.0,25.0,1.0,4.0,1050.0,22.626505,88.49222,1,1.0,1,0,0,0,0,0,0,1.0,1,0,0,2.0,1,0,1.0,1,0,0,0,214.0,28,284.0,0.34
0.0,0.0,1.0,6,4.0,1502.0,26.0,43.0,50.0,1.0,1.0,370.0,22.4982976,88.394025,1,0.0,0,0,0,0,0,0,0,2.0,0,1,0,2.0,1,0,3.0,0,0,1,0,192.0,27,169.0,0.31
0.0,4205.0,3.0,1,4.0,201.0,499.0,43.0,15.0,2.0,2.0,1388.0,22.497366,88.414734,1,3.0,0,0,1,0,0,0,0,0.0,0,0,0,2.0,1,0,3.0,0,0,1,0,245.0,27,219.0,0.9
0.0,612.0,4.0,1,4.0,201.0,690.0,43.0,15.0,2.0,3.0,1794.0,22.49937,88.41354,1,5.0,0,0,0,0,1,0,0,0.0,0,0,0,2.0,1,0,3.0,0,0,1,0,245.0,27,219.0,1.08
0.0,4206.0,2.0,1,4.0,201.0,206.0,43.0,15.0,1.0,2.0,1054.0,22.498682,88.41592,1,4.0,0,0,0,1,0,0,0,0.0,0,0,0,2.0,1,0,3.0,0,0,1,0,245.0,27,219.0,0.65
0.0,608.0,3.0,2,4.0,201.0,499.0,43.0,15.0,1.0,3.0,1470.0,22.499414,88.41597,1,0.0,0,0,0,0,0,0,0,0.0,0,0,0,2.0,1,0,3.0,0,0,1,0,245.0,27,219.0,0.72
0.0,531.0,4.0,1,19.0,82.0,671.0,43.0,49.0,4.0,17.0,3161.0,22.477389,88.400481,1,2.0,0,1,0,0,0,0,0,2.0,0,1,0,2.0,1,0,3.0,0,0,1,0,77.0,27,116.0,3.15
0.0,3112.0,2.0,1,4.0,201.0,206.0,43.0,15.0,1.0,3.0,1015.0,22.4927324733,88.403800425,1,6.0,0,0,0,0,0,1,0,0.0,0,0,0,2.0,1,0,3.0,0,0,1,0,245.0,27,219.0,0.5525
0.0,2159.0,3.0,1,3.0,949.0,499.0,43.0,44.0,1.0,1.0,1296.0,22.50217,88.406204,1,5.0,0,0,0,0,1,0,0,0.0,0,0,0,2.0,1,0,3.0,0,0,1,0,188.0,27,219.0,0.7
0.0,917.0,1.0,1,4.0,412.0,19.0,42.0,15.0,1.0,2.0,459.0,22.485363,88.41605,1,3.0,0,0,1,0,0,0,0,0.0,0,0,0,2.0,1,0,3.0,0,0,1,0,237.0,27,116.0,0.265
0.0,966.0,2.0,3,4.0,418.0,235.0,43.0,15.0,1.0,1.0,970.0,22.479132,88.40441,1,5.0,0,0,0,0,1,0,0,0.0,0,0,0,2.0,1,0,3.0,0,0,1,0,262.0,27,259.0,0.55
0.0,972.0,1.0,2,5.0,430.0,54.0,43.0,31.0,1.0,2.0,569.0,22.465168,88.334203,1,7.0,0,0,0,0,0,0,0,0.0,0,0,0,2.0,1,0,3.0,0,0,1,0,190.0,27,359.0,0.21
0.0,963.0,3.0,1,4.0,411.0,439.0,43.0,15.0,1.0,2.0,1350.0,22.4600738,88.401571,1,6.0,0,0,0,0,0,1,0,0.0,0,0,0,2.0,1,0,3.0,0,0,1,0,126.0,27,122.0,0.68
0.0,2970.0,2.0,2,3.0,420.0,142.0,43.0,50.0,1.0,3.0,829.0,22.519156,88.399291,1,7.0,0,0,0,0,0,0,0,0.0,0,0,0,2.0,1,0,1.0,1,0,0,0,192.0,28,116.0,0.36
0.0,969.0,2.0,3,3.0,423.0,142.0,43.0,40.0,1.0,0.0,738.0,22.4832857,88.4114531,1,1.0,1,0,0,0,0,0,0,0.0,0,0,0,2.0,1,0,3.0,0,0,1,0,77.0,27,116.0,0.3
0.0,3215.0,3.0,1,16.0,203.0,513.0,43.0,26.0,2.0,12.0,1500.0,22.6173076,88.4808003,1,5.0,0,0,0,0,1,0,0,0.0,0,0,0,2.0,1,0,1.0,1,0,0,0,209.0,28,242.0,1.02
0.0,3815.0,1.0,1,3.0,202.0,42.0,43.0,26.0,1.0,2.0,440.0,22.6198347,88.4829218,1,2.0,0,1,0,0,0,0,0,0.0,0,0,0,2.0,1,0,1.0,1,0,0,0,209.0,28,242.0,0.18
0.0,613.0,2.0,1,12.0,202.0,223.0,43.0,26.0,3.0,8.0,1475.0,22.620252,88.4816915,1,7.0,0,0,0,0,0,0,0,0.0,0,0,0,2.0,1,0,1.0,1,0,0,0,209.0,28,242.0,0.73
0.0,814.0,3.0,5,4.0,632.0,513.0,45.0,35.0,2.0,2.0,1450.0,22.6006912,88.4694535,0,3.0,0,0,1,0,0,0,0,0.0,0,0,0,2.0,1,0,1.0,1,0,0,0,185.0,28,242.0,0.665
0.0,1352.0,3.0,5,4.0,663.0,513.0,45.0,35.0,1.0,3.0,1455.0,22.6006912,88.4694535,0,7.0,0,0,0,0,0,0,0,0.0,0,0,0,2.0,1,0,1.0,1,0,0,0,185.0,28,242.0,0.645
0.0,3203.0,2.0,1,4.0,1593.0,223.0,43.0,50.0,1.0,2.0,948.0,22.504595,88.358925,1,4.0,0,0,0,1,0,0,0,0.0,0,0,0,2.0,1,0,1.0,1,0,0,0,96.0,28,242.0,0.49
0.0,1677.0,2.0,1,4.0,1593.0,223.0,43.0,50.0,1.0,3.0,949.0,22.504595,88.358925,1,4.0,0,0,0,1,0,0,0,0.0,0,0,0,2.0,1,0,1.0,1,0,0,0,96.0,28,242.0,0.49
0.0,1540.0,2.0,1,4.0,1230.0,223.0,43.0,50.0,1.0,4.0,846.0,22.505905,88.36066,1,1.0,1,0,0,0,0,0,0,0.0,0,0,0,2.0,1,0,1.0,1,0,0,0,204.0,28,242.0,0.4
0.0,1809.0,3.0,1,4.0,1593.0,513.0,43.0,42.0,2.0,3.0,1249.0,22.569815,88.44486,0,4.0,0,0,0,1,0,0,0,0.0,0,0,0,2.0,1,0,1.0,1,0,0,0,47.0,28,242.0,0.71
0.0,1525.0,3.0,5,4.0,253.0,513.0,45.0,35.0,2.0,4.0,1450.0,22.6006912,88.4694535,0,5.0,0,0,0,0,1,0,0,0.0,0,0,0,2.0,1,0,1.0,1,0,0,0,185.0,28,242.0,0.61
0.0,3983.0,3.0,5,4.0,438.0,513.0,45.0,35.0,2.0,1.0,1251.0,22.6006912,88.4694535,0,6.0,0,0,0,0,0,1,0,0.0,0,0,0,2.0,1,0,1.0,1,0,0,0,185.0,28,242.0,0.58
0.0,2436.0,2.0,6,4.0,1232.0,223.0,43.0,35.0,1.0,4.0,845.0,22.6006912,88.4694535,1,1.0,1,0,0,0,0,0,0,0.0,0,0,0,2.0,1,0,1.0,1,0,0,0,185.0,28,242.0,0.4
0.0,975.0,3.0,5,4.0,438.0,513.0,45.0,35.0,2.0,1.0,1248.0,22.6006912,88.4694535,0,6.0,0,0,0,0,0,1,0,0.0,0,0,0,2.0,1,0,1.0,1,0,0,0,185.0,28,242.0,0.58
0.0,3986.0,3.0,5,12.0,589.0,513.0,45.0,35.0,2.0,8.0,1457.0,22.6006912,88.4694535,0,6.0,0,0,0,0,0,1,0,0.0,0,0,0,2.0,1,0,1.0,1,0,0,0,185.0,28,242.0,0.975
0.0,684.0,2.0,6,4.0,32.0,223.0,43.0,35.0,1.0,4.0,949.0,22.6006912,88.4694535,1,0.0,0,0,0,0,0,0,0,0.0,0,0,0,2.0,1,0,1.0,1,0,0,0,185.0,28,242.0,0.56
0.0,3625.0,3.0,5,4.0,253.0,513.0,45.0,35.0,2.0,4.0,1448.0,22.6006912,88.4694535,0,3.0,0,0,1,0,0,0,0,0.0,0,0,0,2.0,1,0,1.0,1,0,0,0,185.0,28,242.0,0.61
0.0,3982.0,3.0,6,4.0,279.0,513.0,43.0,35.0,2.0,2.0,1250.0,22.6006912,88.4694535,1,0.0,0,0,0,0,0,0,0,0.0,0,0,0,2.0,1,0,1.0,1,0,0,0,185.0,28,242.0,0.8
0.0,3340.0,3.0,5,4.0,866.0,513.0,45.0,33.0,2.0,4.0,1250.0,22.6006912,88.4694535,1,1.0,1,0,0,0,0,0,0,0.0,0,0,0,2.0,1,0,1.0,1,0,0,0,185.0,28,242.0,0.75
0.0,3627.0,3.0,5,4.0,437.0,513.0,45.0,35.0,2.0,4.0,1250.0,22.6006912,88.4694535,0,6.0,0,0,0,0,0,1,0,0.0,0,0,0,2.0,1,0,1.0,1,0,0,0,185.0,28,242.0,0.58
0.0,1780.0,3.0,5,12.0,588.0,513.0,45.0,33.0,2.0,4.0,1458.0,22.6006912,88.4694535,0,6.0,0,0,0,0,0,1,0,0.0,0,0,0,2.0,1,0,1.0,1,0,0,0,185.0,28,242.0,0.835
0.0,157.0,3.0,5,19.0,833.0,583.0,44.0,10.0,1.0,8.0,1450.0,22.5,88.35,1,1.0,1,0,0,0,0,0,0,0.0,0,0,0,2.0,1,0,3.0,0,0,1,0,116.0,27,359.0,1.3
0.0,180.0,3.0,5,17.0,793.0,583.0,44.0,8.0,1.0,15.0,1450.0,22.5,88.35,1,1.0,1,0,0,0,0,0,0,0.0,0,0,0,2.0,1,0,3.0,0,0,1,0,118.0,27,359.0,1.3
0.0,152.0,3.0,5,19.0,833.0,583.0,44.0,10.0,1.0,12.0,1400.0,22.5,88.35,1,1.0,1,0,0,0,0,0,0,0.0,0,0,0,2.0,1,0,3.0,0,0,1,0,116.0,27,359.0,1.32
0.0,62.0,2.0,5,17.0,793.0,305.0,44.0,8.0,1.0,16.0,950.0,22.5,88.35,1,3.0,0,0,1,0,0,0,0,0.0,0,0,0,2.0,1,0,3.0,0,0,1,0,118.0,27,359.0,0.82
0.0,142.0,3.0,6,12.0,1302.0,583.0,42.0,4.0,1.0,11.0,2032.0,22.483811,88.329373,1,1.0,1,0,0,0,0,0,0,0.0,0,0,0,2.0,1,0,3.0,0,0,1,0,268.0,27,359.0,1.3
0.0,144.0,3.0,6,12.0,1302.0,583.0,42.0,4.0,1.0,7.0,1719.0,22.483811,88.329373,1,3.0,0,0,1,0,0,0,0,0.0,0,0,0,2.0,1,0,3.0,0,0,1,0,268.0,27,359.0,1.16
0.0,201.0,3.0,5,35.0,743.0,583.0,44.0,15.0,1.0,8.0,1925.0,22.5,88.35,1,1.0,1,0,0,0,0,0,0,0.0,0,0,0,2.0,1,0,3.0,0,0,1,0,120.0,27,359.0,2.34
0.0,201.0,3.0,6,35.0,743.0,583.0,42.0,15.0,1.0,12.0,1925.0,22.5,88.35,1,1.0,1,0,0,0,0,0,0,0.0,0,0,0,2.0,1,0,3.0,0,0,1,0,120.0,27,359.0,2.25
0.0,149.0,3.0,2,15.0,1463.0,578.0,43.0,50.0,1.0,11.0,1050.0,22.4972,88.338401,1,3.0,0,0,1,0,0,0,0,0.0,0,0,0,2.0,1,0,3.0,0,0,1,0,82.0,27,352.0,0.75
0.0,200.0,3.0,6,35.0,743.0,583.0,42.0,15.0,1.0,12.0,1795.0,22.5,88.35,1,3.0,0,0,1,0,0,0,0,0.0,0,0,0,2.0,1,0,3.0,0,0,1,0,120.0,27,359.0,2.0
0.0,200.0,3.0,6,35.0,743.0,583.0,42.0,15.0,1.0,20.0,1801.0,22.5,88.35,1,3.0,0,0,1,0,0,0,0,0.0,0,0,0,2.0,1,0,3.0,0,0,1,0,120.0,27,359.0,2.0
0.0,41.0,2.0,6,12.0,1302.0,305.0,42.0,4.0,1.0,10.0,1317.0,22.5,88.35,1,1.0,1,0,0,0,0,0,0,0.0,0,0,0,2.0,1,0,3.0,0,0,1,0,268.0,27,359.0,0.82
0.0,201.0,3.0,6,35.0,743.0,583.0,42.0,15.0,1.0,20.0,1925.0,22.5,88.35,1,1.0,1,0,0,0,0,0,0,0.0,0,0,0,2.0,1,0,3.0,0,0,1,0,120.0,27,359.0,2.2
0.0,201.0,3.0,6,35.0,743.0,583.0,42.0,15.0,1.0,25.0,1925.0,22.5,88.35,1,3.0,0,0,1,0,0,0,0,0.0,0,0,0,2.0,1,0,3.0,0,0,1,0,120.0,27,359.0,2.1
0.0,155.0,3.0,5,17.0,793.0,583.0,44.0,8.0,1.0,4.0,1400.0,22.489445,88.337073,1,3.0,0,0,1,0,0,0,0,0.0,0,0,0,2.0,1,0,3.0,0,0,1,0,118.0,27,359.0,1.26
0.0,40.0,2.0,6,12.0,1302.0,305.0,42.0,4.0,1.0,9.0,1317.0,22.5,88.35,1,1.0,1,0,0,0,0,0,0,0.0,0,0,0,2.0,1,0,3.0,0,0,1,0,268.0,27,359.0,0.8
0.0,61.0,2.0,2,20.0,357.0,305.0,43.0,50.0,1.0,8.0,1187.0,22.5,88.35,1,1.0,1,0,0,0,0,0,0,0.0,0,0,0,2.0,1,0,3.0,0,0,1,0,95.0,27,359.0,0.85
0.0,201.0,3.0,6,35.0,743.0,583.0,42.0,15.0,1.0,8.0,1822.0,22.5,88.35,1,3.0,0,0,1,0,0,0,0,0.0,0,0,0,2.0,1,0,3.0,0,0,1,0,120.0,27,359.0,2.1
0.0,60.0,2.0,5,10.0,75.0,305.0,44.0,15.0,1.0,5.0,937.0,22.5,88.35,1,1.0,1,0,0,0,0,0,0,0.0,0,0,0,2.0,1,0,3.0,0,0,1,0,66.0,27,359.0,0.65
0.0,213.0,3.0,6,35.0,743.0,583.0,42.0,15.0,1.0,20.0,1925.0,22.5,88.35,1,1.0,1,0,0,0,0,0,0,0.0,0,0,0,2.0,1,0,3.0,0,0,1,0,120.0,27,359.0,2.15
0.0,64.0,2.0,5,10.0,75.0,305.0,44.0,15.0,1.0,1.0,937.0,22.5,88.35,1,1.0,1,0,0,0,0,0,0,0.0,0,0,0,2.0,1,0,3.0,0,0,1,0,66.0,27,359.0,0.7
0.0,153.0,3.0,1,20.0,357.0,583.0,43.0,50.0,1.0,15.0,1737.0,22.5,88.35,1,3.0,0,0,1,0,0,0,0,0.0,0,0,0,2.0,1,0,3.0,0,0,1,0,95.0,27,359.0,1.34
0.0,154.0,3.0,5,17.0,793.0,583.0,44.0,8.0,1.0,5.0,1400.0,22.489445,88.337073,1,1.0,1,0,0,0,0,0,0,0.0,0,0,0,2.0,1,0,3.0,0,0,1,0,118.0,27,359.0,1.25
0.0,154.0,3.0,5,17.0,793.0,583.0,44.0,8.0,1.0,12.0,1400.0,22.489445,88.337073,1,1.0,1,0,0,0,0,0,0,0.0,0,0,0,2.0,1,0,3.0,0,0,1,0,118.0,27,359.0,1.27
0.0,150.0,3.0,2,15.0,1463.0,578.0,43.0,50.0,1.0,9.0,1050.0,22.4972,88.338401,1,1.0,1,0,0,0,0,0,0,0.0,0,0,0,2.0,1,0,3.0,0,0,1,0,82.0,27,352.0,0.73
0.0,49.0,2.0,2,15.0,1463.0,299.0,43.0,50.0,1.0,12.0,920.0,22.4972,88.338401,1,3.0,0,0,1,0,0,0,0,0.0,0,0,0,2.0,1,0,3.0,0,0,1,0,82.0,27,352.0,0.6
0.0,63.0,2.0,5,17.0,793.0,305.0,44.0,8.0,1.0,14.0,1000.0,22.489445,88.337073,1,3.0,0,0,1,0,0,0,0,0.0,0,0,0,2.0,1,0,3.0,0,0,1,0,118.0,27,359.0,0.82
0.0,150.0,3.0,2,15.0,1463.0,578.0,43.0,50.0,1.0,6.0,1220.0,22.4972,88.338401,1,3.0,0,0,1,0,0,0,0,0.0,0,0,0,2.0,1,0,3.0,0,0,1,0,82.0,27,352.0,0.82
0.0,51.0,2.0,5,17.0,793.0,305.0,44.0,8.0,1.0,10.0,950.0,22.489445,88.337073,1,3.0,0,0,1,0,0,0,0,0.0,0,0,0,2.0,1,0,3.0,0,0,1,0,118.0,27,359.0,0.8
0.0,150.0,3.0,2,15.0,1463.0,578.0,43.0,50.0,1.0,10.0,1220.0,22.4972,88.338401,1,3.0,0,0,1,0,0,0,0,0.0,0,0,0,2.0,1,0,3.0,0,0,1,0,82.0,27,352.0,0.8
0.0,49.0,2.0,2,15.0,1463.0,299.0,43.0,50.0,1.0,8.0,920.0,22.4972,88.338401,1,3.0,0,0,1,0,0,0,0,0.0,0,0,0,2.0,1,0,3.0,0,0,1,0,82.0,27,352.0,0.62
0.0,153.0,3.0,1,20.0,357.0,583.0,43.0,50.0,1.0,8.0,1435.0,22.5,88.35,1,3.0,0,0,1,0,0,0,0,0.0,0,0,0,2.0,1,0,3.0,0,0,1,0,95.0,27,359.0,1.07
0.0,179.0,3.0,2,20.0,357.0,583.0,43.0,50.0,1.0,7.0,1435.0,22.5,88.35,1,1.0,1,0,0,0,0,0,0,0.0,0,0,0,2.0,1,0,3.0,0,0,1,0,95.0,27,359.0,1.04
0.0,61.0,2.0,2,20.0,357.0,305.0,43.0,50.0,1.0,12.0,1187.0,22.5,88.35,1,3.0,0,0,1,0,0,0,0,0.0,0,0,0,2.0,1,0,3.0,0,0,1,0,95.0,27,359.0,0.86
0.0,179.0,3.0,2,20.0,357.0,583.0,43.0,50.0,1.0,8.0,1435.0,22.5,88.35,1,1.0,1,0,0,0,0,0,0,0.0,0,0,0,2.0,1,0,3.0,0,0,1,0,95.0,27,359.0,1.0
0.0,82.0,3.0,6,17.0,793.0,583.0,42.0,8.0,1.0,14.0,1100.0,22.5,88.35,1,3.0,0,0,1,0,0,0,0,0.0,0,0,0,2.0,1,0,3.0,0,0,1,0,118.0,27,359.0,1.12
0.0,179.0,3.0,2,20.0,357.0,583.0,43.0,50.0,1.0,12.0,1737.0,22.5,88.35,1,1.0,1,0,0,0,0,0,0,0.0,0,0,0,2.0,1,0,3.0,0,0,1,0,95.0,27,359.0,1.3
0.0,179.0,3.0,2,20.0,357.0,583.0,43.0,50.0,1.0,15.0,1737.0,22.5,88.35,1,1.0,1,0,0,0,0,0,0,0.0,0,0,0,2.0,1,0,3.0,0,0,1,0,95.0,27,359.0,1.28
0.0,179.0,3.0,2,20.0,357.0,583.0,43.0,50.0,1.0,15.0,1737.0,22.5,88.35,1,3.0,0,0,1,0,0,0,0,0.0,0,0,0,2.0,1,0,3.0,0,0,1,0,95.0,27,359.0,1.32
0.0,81.0,3.0,6,17.0,793.0,583.0,42.0,8.0,1.0,5.0,1150.0,22.489445,88.337073,1,3.0,0,0,1,0,0,0,0,0.0,0,0,0,2.0,1,0,3.0,0,0,1,0,118.0,27,359.0,1.14
0.0,180.0,3.0,5,17.0,793.0,583.0,44.0,8.0,1.0,10.0,1450.0,22.5,88.35,1,1.0,1,0,0,0,0,0,0,0.0,0,0,0,2.0,1,0,3.0,0,0,1,0,118.0,27,359.0,1.28
0.0,61.0,2.0,2,20.0,357.0,305.0,43.0,50.0,1.0,14.0,1200.0,22.5,88.35,1,3.0,0,0,1,0,0,0,0,0.0,0,0,0,2.0,1,0,3.0,0,0,1,0,95.0,27,359.0,0.84
0.0,82.0,3.0,6,17.0,793.0,583.0,42.0,8.0,1.0,12.0,1100.0,22.5,88.35,1,1.0,1,0,0,0,0,0,0,0.0,0,0,0,2.0,1,0,3.0,0,0,1,0,118.0,27,359.0,1.1
0.0,82.0,3.0,6,17.0,793.0,583.0,42.0,8.0,1.0,9.0,1150.0,22.5,88.35,1,3.0,0,0,1,0,0,0,0,0.0,0,0,0,2.0,1,0,3.0,0,0,1,0,118.0,27,359.0,1.15
0.0,145.0,3.0,6,12.0,1302.0,583.0,42.0,4.0,1.0,10.0,1557.0,22.483811,88.329373,1,1.0,1,0,0,0,0,0,0,0.0,0,0,0,2.0,1,0,3.0,0,0,1,0,268.0,27,359.0,1.0
0.0,284.0,4.0,6,19.0,833.0,720.0,42.0,10.0,2.0,15.0,2000.0,22.5,88.35,1,3.0,0,0,1,0,0,0,0,0.0,0,0,0,2.0,1,0,3.0,0,0,1,0,116.0,27,359.0,1.7
0.0,156.0,3.0,5,19.0,833.0,583.0,44.0,10.0,1.0,14.0,1450.0,22.5,88.35,1,1.0,1,0,0,0,0,0,0,0.0,0,0,0,2.0,1,0,3.0,0,0,1,0,116.0,27,359.0,1.34
0.0,159.0,3.0,6,19.0,833.0,583.0,42.0,10.0,1.0,15.0,1450.0,22.5,88.35,1,3.0,0,0,1,0,0,0,0,0.0,0,0,0,2.0,1,0,3.0,0,0,1,0,116.0,27,359.0,1.35
0.0,62.0,2.0,5,17.0,793.0,305.0,44.0,8.0,1.0,10.0,950.0,22.5,88.35,1,1.0,1,0,0,0,0,0,0,0.0,0,0,0,2.0,1,0,3.0,0,0,1,0,118.0,27,359.0,0.78
0.0,61.0,2.0,2,20.0,357.0,305.0,43.0,50.0,1.0,11.0,1187.0,22.5,88.35,1,1.0,1,0,0,0,0,0,0,0.0,0,0,0,2.0,1,0,3.0,0,0,1,0,95.0,27,359.0,0.85
0.0,141.0,3.0,6,12.0,1302.0,583.0,42.0,4.0,1.0,11.0,2032.0,22.483811,88.329373,1,8.0,0,0,0,0,0,0,1,0.0,0,0,0,2.0,1,0,3.0,0,0,1,0,268.0,27,359.0,1.55
0.0,143.0,3.0,6,12.0,1302.0,583.0,42.0,4.0,1.0,6.0,1475.0,22.483811,88.329373,1,1.0,1,0,0,0,0,0,0,0.0,0,0,0,2.0,1,0,3.0,0,0,1,0,268.0,27,359.0,0.95
0.0,285.0,4.0,6,19.0,833.0,720.0,42.0,10.0,1.0,11.0,1800.0,22.5,88.35,1,3.0,0,0,1,0,0,0,0,0.0,0,0,0,2.0,1,0,3.0,0,0,1,0,116.0,27,359.0,1.75
0.0,140.0,3.0,6,12.0,1302.0,583.0,42.0,4.0,1.0,7.0,1719.0,22.483811,88.329373,1,1.0,1,0,0,0,0,0,0,0.0,0,0,0,2.0,1,0,3.0,0,0,1,0,268.0,27,359.0,1.15
0.0,158.0,4.0,6,19.0,833.0,720.0,42.0,10.0,1.0,9.0,2100.0,22.5,88.35,1,1.0,1,0,0,0,0,0,0,0.0,0,0,0,2.0,1,0,3.0,0,0,1,0,116.0,27,359.0,1.8
0.0,4169.0,2.672021502414428,0,3.0,1727.0,783.0,0.0,12.0,1.2297135143990388,3.753961788353753,1440.0,22.4439029807,88.2978736068,1,4.0,0,0,0,1,0,0,0,3.0,0,0,1,3.0,0,1,3.0,0,0,1,0,41.0,27,166.0,0.05
0.0,4142.0,2.672021502414428,0,3.0,1724.0,794.0,20.0,15.0,1.2297135143990388,3.753961788353753,720.0,22.4606071,88.3129969,1,5.0,0,0,0,0,1,0,0,3.0,0,0,1,3.0,0,1,3.0,0,0,1,0,274.0,27,355.0,0.0215
0.0,4170.0,2.672021502414428,0,5.0,1727.0,783.0,11.0,12.0,1.2297135143990388,3.753961788353753,2160.0,22.4439029807,88.2978736068,1,4.0,0,0,0,1,0,0,0,3.0,0,0,1,3.0,0,1,3.0,0,0,1,0,41.0,27,166.0,0.08
0.0,317.0,2.672021502414428,0,3.0,1725.0,783.0,46.0,12.0,1.2297135143990388,3.753961788353753,2160.0,22.4439029807,88.2978736068,1,3.0,0,0,1,0,0,0,0,3.0,0,0,1,3.0,0,1,3.0,0,0,1,0,41.0,27,166.0,0.053
0.0,938.0,2.672021502414428,0,3.0,1727.0,783.0,7.0,12.0,1.2297135143990388,3.753961788353753,2160.0,22.4439029807,88.2978736068,1,5.0,0,0,0,0,1,0,0,3.0,0,0,1,3.0,0,1,3.0,0,0,1,0,41.0,27,166.0,0.036
0.0,4141.0,2.672021502414428,0,5.0,1724.0,794.0,46.0,15.0,1.2297135143990388,3.753961788353753,1440.0,22.4606071,88.3129969,1,3.0,0,0,1,0,0,0,0,3.0,0,0,1,3.0,0,1,3.0,0,0,1,0,274.0,27,355.0,0.032
0.0,4169.0,2.672021502414428,0,3.0,1727.0,783.0,46.0,12.0,1.2297135143990388,3.753961788353753,720.0,22.4439029807,88.2978736068,1,4.0,0,0,0,1,0,0,0,3.0,0,0,1,3.0,0,1,3.0,0,0,1,0,41.0,27,166.0,0.0239
0.0,429.0,2.0,5,1.0,1727.0,352.0,45.0,12.0,1.0,3.118350312197616,1440.0,22.4439029807,88.2978736068,1,4.0,0,0,0,1,0,0,0,0.0,0,0,0,0.0,0,0,3.0,0,0,1,0,41.0,27,166.0,0.4
0.0,4142.0,2.672021502414428,0,3.0,1725.0,783.0,14.0,2.0,1.2297135143990388,3.753961788353753,720.0,22.437685,88.265507,1,6.0,0,0,0,0,0,1,0,3.0,0,0,1,3.0,0,1,3.0,0,0,1,0,41.0,27,166.0,0.0239
0.0,2223.0,2.672021502414428,0,3.0,1727.0,783.0,18.0,12.0,1.2297135143990388,3.753961788353753,1400.0,22.4439029807,88.2978736068,1,4.0,0,0,0,1,0,0,0,3.0,0,0,1,3.0,0,1,3.0,0,0,1,0,41.0,27,166.0,0.025
0.0,2195.0,2.672021502414428,0,3.0,750.0,787.0,40.0,10.0,1.2297135143990388,3.753961788353753,1440.0,22.6006912,88.4694535,1,1.0,1,0,0,0,0,0,0,3.0,0,0,1,3.0,0,1,1.0,1,0,0,0,117.0,28,242.0,0.24
0.0,1015.0,3.0,6,2.0,1725.0,636.0,43.0,12.0,1.0,3.6326304081644,2160.0,22.4439029807,88.2978736068,1,7.0,0,0,0,0,0,0,0,0.0,0,0,0,0.0,0,0,3.0,0,0,1,0,41.0,27,166.0,0.55
0.0,1983.0,2.672021502414428,0,3.0,1726.0,783.0,46.0,12.0,1.2297135143990388,3.753961788353753,850.0,22.4439029807,88.2978736068,1,4.0,0,0,0,1,0,0,0,3.0,0,0,1,3.0,0,1,3.0,0,0,1,0,41.0,27,166.0,0.018
0.0,2912.0,2.672021502414428,0,3.0,0.0,794.0,26.0,18.0,1.2297135143990388,3.753961788353753,720.0,22.4606071,88.3129969,1,3.0,0,0,1,0,0,0,0,3.0,0,0,1,3.0,0,1,3.0,0,0,1,0,206.0,27,355.0,0.013
0.0,2913.0,2.672021502414428,0,2.0,1727.0,783.0,46.0,12.0,1.2297135143990388,3.753961788353753,720.0,22.4439029807,88.2978736068,1,3.0,0,0,1,0,0,0,0,3.0,0,0,1,3.0,0,1,3.0,0,0,1,0,41.0,27,166.0,0.0225
0.0,938.0,2.672021502414428,0,6.0,1724.0,794.0,11.0,15.0,1.2297135143990388,3.753961788353753,2160.0,22.4606071,88.3129969,1,3.0,0,0,1,0,0,0,0,3.0,0,0,1,3.0,0,1,3.0,0,0,1,0,274.0,27,355.0,0.042
0.0,908.0,2.672021502414428,0,3.0,750.0,787.0,40.0,10.0,1.2297135143990388,3.753961788353753,1440.0,22.6006912,88.4694535,1,1.0,1,0,0,0,0,0,0,3.0,0,0,1,3.0,0,1,1.0,1,0,0,0,117.0,28,242.0,0.28
0.0,2194.0,2.672021502414428,0,3.0,750.0,787.0,22.0,10.0,1.2297135143990388,3.753961788353753,730.0,22.6006912,88.4694535,1,5.0,0,0,0,0,1,0,0,3.0,0,0,1,3.0,0,1,1.0,1,0,0,0,117.0,28,242.0,0.1215
0.0,1017.0,2.672021502414428,0,3.0,1724.0,794.0,18.0,15.0,1.2297135143990388,3.753961788353753,720.0,22.437512,88.265583,1,3.0,0,0,1,0,0,0,0,3.0,0,0,1,3.0,0,1,3.0,0,0,1,0,274.0,27,355.0,0.0135
0.0,938.0,2.672021502414428,0,3.0,997.0,783.0,38.0,12.0,1.2297135143990388,3.753961788353753,720.0,22.4439029807,88.2978736068,1,6.0,0,0,0,0,0,1,0,3.0,0,0,1,3.0,0,1,3.0,0,0,1,0,41.0,27,166.0,0.0179
0.0,2222.0,2.672021502414428,0,3.0,456.0,783.0,38.0,12.0,1.2297135143990388,3.753961788353753,721.0,22.4439029807,88.2978736068,1,6.0,0,0,0,0,0,1,0,3.0,0,0,1,3.0,0,1,3.0,0,0,1,0,41.0,27,166.0,0.0165
0.0,429.0,2.0,5,1.0,1727.0,352.0,45.0,12.0,1.0,3.118350312197616,750.0,22.4439029807,88.2978736068,1,4.0,0,0,0,1,0,0,0,0.0,0,0,0,0.0,0,0,3.0,0,0,1,0,41.0,27,166.0,0.36
0.0,4045.0,2.672021502414428,0,3.0,750.0,787.0,40.0,10.0,1.2297135143990388,3.753961788353753,720.0,22.6006912,88.4694535,1,7.0,0,0,0,0,0,0,0,3.0,0,0,1,3.0,0,1,1.0,1,0,0,0,117.0,28,242.0,0.132
0.0,4142.0,2.672021502414428,0,3.0,1727.0,783.0,37.0,12.0,1.2297135143990388,3.753961788353753,2160.0,22.4439029807,88.2978736068,1,6.0,0,0,0,0,0,1,0,3.0,0,0,1,3.0,0,1,3.0,0,0,1,0,41.0,27,166.0,0.0385
0.0,4142.0,2.672021502414428,0,3.0,1724.0,794.0,29.0,15.0,1.2297135143990388,3.753961788353753,720.0,22.4606071,88.3129969,1,7.0,0,0,0,0,0,0,0,3.0,0,0,1,3.0,0,1,3.0,0,0,1,0,274.0,27,355.0,0.0199
0.0,1490.0,2.0,2,4.0,1159.0,206.0,43.0,40.0,1.0,4.0,1100.0,22.489439,88.41044,1,7.0,0,0,0,0,0,0,0,0.0,0,0,0,2.0,1,0,3.0,0,0,1,0,188.0,27,219.0,0.48
0.0,2097.0,2.0,6,5.0,949.0,67.0,43.0,38.0,1.0,5.0,941.0,22.6439726,88.4252887,1,3.0,0,0,1,0,0,0,0,0.0,0,0,0,2.0,1,0,2.0,0,1,0,0,180.0,26,8.0,0.395
0.0,3157.0,2.0,1,5.0,949.0,141.0,43.0,30.0,1.0,5.0,792.0,22.6463036,88.419772,1,5.0,0,0,0,0,1,0,0,0.0,0,0,0,2.0,1,0,2.0,0,1,0,0,205.0,26,115.0,0.2851
0.0,2556.0,3.0,1,5.0,949.0,434.0,43.0,31.0,1.0,5.0,1079.0,22.6460901,88.4197676,1,3.0,0,0,1,0,0,0,0,0.0,0,0,0,2.0,1,0,2.0,0,1,0,0,180.0,26,115.0,0.3884
0.0,3480.0,2.0,1,4.0,949.0,137.0,43.0,48.0,1.0,2.0,1000.0,22.636815,88.412077,1,3.0,0,0,1,0,0,0,0,0.0,0,0,0,2.0,1,0,2.0,0,1,0,0,81.0,26,111.0,0.28
0.0,1164.0,2.672021502414428,0,4.0,538.0,775.0,41.0,28.0,1.2297135143990388,3.753961788353753,2152.0,22.615992,88.47667,1,1.0,1,0,0,0,0,0,0,3.0,0,0,1,3.0,0,1,1.0,1,0,0,0,209.0,28,4.0,1.6
0.0,1925.0,2.0,1,5.0,741.0,252.0,43.0,25.0,1.0,4.0,900.0,22.6242445,88.4901405,1,0.0,0,0,0,0,0,0,0,3.0,0,0,1,2.0,1,0,1.0,1,0,0,0,214.0,28,284.0,0.35
0.0,3290.0,3.0,1,19.0,1399.0,542.0,42.0,8.0,1.0,19.0,1377.0,22.6262093,88.4914652,1,0.0,0,0,0,0,0,0,0,3.0,0,0,1,2.0,1,0,1.0,1,0,0,0,118.0,28,284.0,0.76
0.0,1573.0,2.0,1,5.0,741.0,252.0,43.0,25.0,1.0,3.0,925.0,22.624473,88.490186,1,1.0,1,0,0,0,0,0,0,3.0,0,0,1,2.0,1,0,1.0,1,0,0,0,214.0,28,284.0,0.4
0.0,2098.0,2.0,2,2.0,949.0,67.0,43.0,29.0,1.0,1.0,1101.0,22.649853,88.43562,1,5.0,0,0,0,0,1,0,0,1.0,1,0,0,2.0,1,0,2.0,0,1,0,0,200.0,26,8.0,0.365
0.0,2096.0,2.0,2,2.0,949.0,67.0,43.0,29.0,1.0,1.0,1100.0,22.649961,88.4357221,1,7.0,0,0,0,0,0,0,0,1.0,1,0,0,2.0,1,0,2.0,0,1,0,0,200.0,26,8.0,0.36
0.0,1867.0,3.0,6,15.0,1470.0,441.0,42.0,3.0,2.0,8.0,1323.0,22.407335,88.413744,1,6.0,0,0,0,0,0,1,0,0.0,0,0,0,2.0,1,0,3.0,0,0,1,0,41.0,27,126.0,0.62
0.0,58.0,2.0,1,3.0,1099.0,218.0,43.0,32.0,1.0,2.0,774.0,22.482764,88.41372,1,4.0,0,0,0,1,0,0,0,0.0,0,0,0,2.0,1,0,3.0,0,0,1,0,189.0,27,236.0,0.31
0.0,3335.0,3.0,5,12.0,786.0,513.0,44.0,8.0,2.0,6.0,770.0,22.564633,88.510995,1,0.0,0,0,0,0,0,0,0,0.0,0,0,0,2.0,1,0,1.0,1,0,0,0,118.0,28,242.0,0.75
0.0,3470.0,2.0,5,4.0,790.0,97.0,44.0,9.0,1.0,2.0,502.0,22.364731,88.439948,1,0.0,0,0,0,0,0,0,0,3.0,0,0,1,2.0,1,0,3.0,0,0,1,0,230.0,27,52.0,0.3
0.0,65.0,2.0,1,3.0,1246.0,222.0,43.0,50.0,1.0,1.0,724.0,22.470923,88.395124,1,3.0,0,0,1,0,0,0,0,0.0,0,0,0,2.0,1,0,3.0,0,0,1,0,78.0,27,240.0,0.31
0.0,1161.0,2.672021502414428,0,4.0,539.0,791.0,32.0,41.0,1.2297135143990388,3.753961788353753,3226.0,22.584146,88.450439,1,8.0,0,0,0,0,0,0,1,3.0,0,0,1,3.0,0,1,1.0,1,0,0,0,49.0,28,250.0,3.45
0.0,832.0,3.0,6,4.0,949.0,360.0,43.0,25.0,1.0,2.0,1115.0,22.6496929,88.4250049,1,2.0,0,1,0,0,0,0,0,0.0,0,0,0,2.0,1,0,2.0,0,1,0,0,206.0,26,8.0,0.4014
0.0,2521.0,2.0,6,4.0,949.0,67.0,43.0,25.0,1.0,2.0,939.0,22.6500772,88.4241234,1,3.0,0,0,1,0,0,0,0,0.0,0,0,0,2.0,1,0,2.0,0,1,0,0,206.0,26,8.0,0.3427
0.0,1389.0,2.0,6,4.0,1028.0,67.0,43.0,25.0,1.0,2.0,893.0,22.6494977,88.4251025,1,4.0,0,0,0,1,0,0,0,0.0,0,0,0,2.0,1,0,2.0,0,1,0,0,206.0,26,8.0,0.3215
0.0,3062.0,2.0,6,5.0,949.0,67.0,43.0,38.0,1.0,5.0,904.0,22.6440402,88.4261128,1,4.0,0,0,0,1,0,0,0,0.0,0,0,0,2.0,1,0,2.0,0,1,0,0,180.0,26,8.0,0.325
0.0,3547.0,2.0,1,19.0,1399.0,252.0,42.0,8.0,1.0,16.0,980.0,22.6006912,88.4694535,1,8.0,0,0,0,0,0,0,1,0.0,0,0,0,2.0,1,0,1.0,1,0,0,0,118.0,28,284.0,0.65
0.0,264.0,3.0,1,4.0,1188.0,511.0,43.0,41.0,1.0,4.0,1250.0,22.473349,88.40504,1,3.0,0,0,1,0,0,0,0,3.0,0,0,1,2.0,1,0,3.0,0,0,1,0,77.0,27,240.0,0.65
0.0,125.0,2.0,1,2.0,699.0,222.0,43.0,34.0,1.0,1.0,670.0,22.478977,88.4126,1,3.0,0,0,1,0,0,0,0,0.0,0,0,0,2.0,1,0,3.0,0,0,1,0,77.0,27,240.0,0.2278
0.0,66.0,2.0,1,3.0,727.0,222.0,43.0,34.0,1.0,3.0,718.0,22.478977,88.4126,1,6.0,0,0,0,0,0,1,0,0.0,0,0,0,2.0,1,0,3.0,0,0,1,0,77.0,27,240.0,0.2872
0.0,2126.0,3.0,1,4.0,949.0,360.0,43.0,34.0,1.0,1.0,1090.0,22.6458793,88.425235,1,5.0,0,0,0,0,1,0,0,0.0,0,0,0,2.0,1,0,2.0,0,1,0,0,180.0,26,8.0,0.385
0.0,3060.0,2.0,1,4.0,949.0,67.0,43.0,37.0,1.0,2.0,880.0,22.6436528,88.4201378,1,4.0,0,0,0,1,0,0,0,0.0,0,0,0,2.0,1,0,2.0,0,1,0,0,180.0,26,8.0,0.308
0.0,2094.0,2.0,1,5.0,949.0,67.0,43.0,32.0,1.0,4.0,1013.0,22.6471095,88.4281504,1,4.0,0,0,0,1,0,0,0,0.0,0,0,0,2.0,1,0,2.0,0,1,0,0,181.0,26,8.0,0.37
0.0,1393.0,2.0,1,4.0,949.0,82.0,43.0,11.0,1.0,3.0,715.0,22.5696,88.509926,1,7.0,0,0,0,0,0,0,0,0.0,0,0,0,2.0,1,0,2.0,0,1,0,0,10.0,26,34.0,0.2145
0.0,833.0,3.0,1,4.0,949.0,372.0,43.0,11.0,1.0,3.0,1100.0,22.5696,88.509926,1,4.0,0,0,0,1,0,0,0,0.0,0,0,0,2.0,1,0,2.0,0,1,0,0,10.0,26,34.0,0.33
0.0,3155.0,2.0,1,4.0,949.0,82.0,43.0,11.0,1.0,4.0,700.0,22.5696,88.509926,1,3.0,0,0,1,0,0,0,0,0.0,0,0,0,2.0,1,0,2.0,0,1,0,0,10.0,26,34.0,0.21
0.0,2527.0,3.0,1,4.0,949.0,372.0,43.0,11.0,1.0,4.0,1300.0,22.5696,88.509926,1,8.0,0,0,0,0,0,0,1,0.0,0,0,0,2.0,1,0,2.0,0,1,0,0,10.0,26,34.0,0.39
0.0,117.0,2.0,1,2.0,581.0,148.0,43.0,41.0,0.0,0.0,922.0,22.4715107,88.4035335,1,3.0,0,0,1,0,0,0,0,0.0,0,0,0,2.0,1,0,3.0,0,0,1,0,78.0,27,128.0,0.375
0.0,4207.0,3.0,5,4.0,309.0,356.0,45.0,28.0,2.0,2.0,1300.0,22.60134,88.471506,0,0.0,0,0,0,0,0,0,0,0.0,0,0,0,2.0,1,0,1.0,1,0,0,0,185.0,28,3.0,0.565
0.0,721.0,2.0,6,2.0,688.0,67.0,43.0,25.0,1.0,2.0,805.0,22.6511869,88.4276739,1,4.0,0,0,0,1,0,0,0,0.0,0,0,0,2.0,1,0,2.0,0,1,0,0,206.0,26,8.0,0.2415
0.0,327.0,2.0,1,5.0,949.0,67.0,43.0,28.0,1.0,5.0,781.0,22.6508005,88.4326095,1,8.0,0,0,0,0,0,0,1,0.0,0,0,0,2.0,1,0,2.0,0,1,0,0,200.0,26,8.0,0.275
0.0,1433.0,2.0,6,4.0,949.0,137.0,43.0,32.0,1.0,1.0,747.0,22.6448377,88.4171234,1,1.0,1,0,0,0,0,0,0,0.0,0,0,0,2.0,1,0,2.0,0,1,0,0,180.0,26,111.0,0.2651
0.0,2501.0,2.0,1,19.0,1412.0,252.0,43.0,25.0,1.0,14.0,985.0,22.624382,88.48979,1,7.0,0,0,0,0,0,0,0,3.0,0,0,1,2.0,1,0,1.0,1,0,0,0,214.0,28,284.0,0.68
0.0,2131.0,2.0,2,4.0,949.0,141.0,43.0,23.0,1.0,1.0,1008.0,22.6509,88.41945,1,5.0,0,0,0,0,1,0,0,2.0,0,1,0,2.0,1,0,2.0,0,1,0,0,206.0,26,115.0,0.32
0.0,1160.0,2.672021502414428,0,4.0,543.0,776.0,23.0,11.0,1.2297135143990388,3.753961788353753,3226.0,22.569,88.510296,1,5.0,0,0,0,0,1,0,0,3.0,0,0,1,3.0,0,1,1.0,1,0,0,0,10.0,28,6.0,2.01
0.0,3018.0,2.0,3,16.0,24.0,305.0,43.0,50.0,1.0,7.0,1029.0,22.5,88.35,1,1.0,1,0,0,0,0,0,0,0.0,0,0,0,2.0,1,0,3.0,0,0,1,0,95.0,27,359.0,1.2
0.0,1723.0,2.0,2,3.0,950.0,110.0,43.0,49.0,1.0,2.0,832.0,22.48516,88.366378,1,3.0,0,0,1,0,0,0,0,0.0,0,0,0,2.0,1,0,3.0,0,0,1,0,190.0,27,69.0,0.52
0.0,3950.0,3.0,3,4.0,509.0,447.0,43.0,49.0,1.0,0.0,1100.0,22.491352,88.361898,1,4.0,0,0,0,1,0,0,0,0.0,0,0,0,2.0,1,0,3.0,0,0,1,0,89.0,27,136.0,0.75
0.0,1451.0,4.0,3,4.0,509.0,674.0,43.0,49.0,2.0,0.0,1250.0,22.491352,88.361898,1,1.0,1,0,0,0,0,0,0,0.0,0,0,0,2.0,1,0,3.0,0,0,1,0,89.0,27,136.0,0.8
0.0,2571.0,2.0,3,4.0,509.0,153.0,43.0,49.0,1.0,3.0,800.0,22.491352,88.361898,1,3.0,0,0,1,0,0,0,0,0.0,0,0,0,2.0,1,0,3.0,0,0,1,0,89.0,27,136.0,0.57
0.0,3232.0,3.0,3,4.0,509.0,447.0,43.0,50.0,1.0,1.0,1350.0,22.49368,88.36312,1,3.0,0,0,1,0,0,0,0,0.0,0,0,0,2.0,1,0,3.0,0,0,1,0,92.0,27,136.0,0.85
0.0,3146.0,2.0,6,4.0,822.0,64.0,43.0,32.0,1.0,3.0,990.0,22.626212,88.46577,1,5.0,0,0,0,0,1,0,0,0.0,0,0,0,2.0,1,0,1.0,1,0,0,0,208.0,28,5.0,0.48
0.0,3313.0,3.0,1,5.0,1054.0,557.0,43.0,49.0,1.0,2.0,1904.0,22.53258,88.353745,1,5.0,0,0,0,0,1,0,0,0.0,0,0,0,2.0,1,0,3.0,0,0,1,0,91.0,27,310.0,2.58
0.0,4014.0,3.0,1,7.0,1057.0,557.0,43.0,50.0,1.0,4.0,1958.0,22.522257,88.35185,1,1.0,1,0,0,0,0,0,0,0.0,0,0,0,2.0,1,0,3.0,0,0,1,0,90.0,27,310.0,2.31
0.0,4064.0,3.0,1,5.0,1054.0,424.0,43.0,50.0,1.0,1.0,1646.0,22.523802,88.3608,1,5.0,0,0,0,0,1,0,0,0.0,0,0,0,2.0,1,0,3.0,0,0,1,0,211.0,27,103.0,1.9
0.0,1522.0,3.0,6,23.0,102.0,513.0,42.0,15.0,2.0,14.0,1891.0,22.581199,88.461896,1,8.0,0,0,0,0,0,0,1,0.0,0,0,0,2.0,1,0,1.0,1,0,0,0,145.0,28,242.0,2.25
0.0,1727.0,2.0,1,4.0,950.0,183.0,43.0,50.0,1.0,2.0,940.0,22.5158935205,88.3850566337,1,3.0,0,0,1,0,0,0,0,0.0,0,0,0,2.0,1,0,3.0,0,0,1,0,197.0,27,180.0,0.5
0.0,1465.0,2.0,2,5.0,949.0,183.0,43.0,50.0,0.0,4.0,950.0,22.519318,88.39114,1,1.0,1,0,0,0,0,0,0,1.0,1,0,0,2.0,1,0,3.0,0,0,1,0,192.0,27,180.0,0.58
0.0,1934.0,3.0,5,4.0,771.0,518.0,45.0,28.0,1.0,3.0,1268.0,22.615992,88.47667,1,6.0,0,0,0,0,0,1,0,0.0,0,0,0,2.0,1,0,1.0,1,0,0,0,209.0,28,247.0,0.6
0.0,703.0,2.0,6,4.0,236.0,252.0,43.0,33.0,1.0,2.0,875.0,22.6006912,88.4694535,1,3.0,0,0,1,0,0,0,0,0.0,0,0,0,2.0,1,0,1.0,1,0,0,0,185.0,28,284.0,0.2625
0.0,3823.0,2.0,2,5.0,529.0,70.0,43.0,36.0,1.0,3.0,1040.0,22.51446,88.4093,1,3.0,0,0,1,0,0,0,0,2.0,0,1,0,2.0,1,0,3.0,0,0,1,0,188.0,27,15.0,0.72
0.0,161.0,3.0,1,4.0,127.0,481.0,43.0,50.0,1.0,3.0,1350.0,22.5050813878,88.3544763969,1,3.0,0,0,1,0,0,0,0,0.0,0,0,0,2.0,1,0,3.0,0,0,1,0,95.0,27,189.0,0.85
0.0,274.0,3.0,2,8.0,615.0,583.0,43.0,14.0,3.0,5.0,1583.0,22.493074,88.347088,1,6.0,0,0,0,0,0,1,0,1.0,1,0,0,2.0,1,0,3.0,0,0,1,0,125.0,27,359.0,1.35
0.0,574.0,3.0,3,10.0,479.0,532.0,43.0,50.0,1.0,9.0,2200.0,22.530623,88.381428,1,1.0,1,0,0,0,0,0,0,0.0,0,0,0,2.0,1,0,3.0,0,0,1,0,290.0,27,268.0,1.3
0.0,2815.0,2.0,2,5.0,564.0,252.0,43.0,35.0,1.0,5.0,860.0,22.6006912,88.4694535,1,1.0,1,0,0,0,0,0,0,0.0,0,0,0,2.0,1,0,1.0,1,0,0,0,185.0,28,284.0,0.31
0.0,3365.0,3.0,6,18.0,1060.0,513.0,42.0,15.0,1.0,2.0,1208.0,22.582182,88.487992,1,0.0,0,0,0,0,0,0,0,0.0,0,0,0,2.0,1,0,1.0,1,0,0,0,234.0,28,242.0,1.27
0.0,163.0,3.0,3,35.0,1466.0,534.0,43.0,50.0,1.0,20.0,1572.0,22.50217,88.386683,1,3.0,0,0,1,0,0,0,0,1.0,1,0,0,2.0,1,0,3.0,0,0,1,0,192.0,27,272.0,1.9
0.0,1378.0,4.0,5,4.0,1393.0,712.0,45.0,50.0,4.0,1.0,1465.0,22.601,88.374,1,6.0,0,0,0,0,0,1,0,0.0,0,0,0,2.0,1,0,2.0,0,1,0,0,71.0,26,326.0,1.05
0.0,4074.0,2.0,6,4.0,1634.0,125.0,43.0,49.0,1.0,4.0,999.0,22.473595,88.377602,1,5.0,0,0,0,0,1,0,0,0.0,0,0,0,2.0,1,0,3.0,0,0,1,0,80.0,27,94.0,0.3
0.0,513.0,3.0,2,5.0,51.0,542.0,43.0,35.0,2.0,5.0,1259.0,22.6006912,88.4694535,1,1.0,1,0,0,0,0,0,0,1.0,1,0,0,2.0,1,0,1.0,1,0,0,0,185.0,28,284.0,0.61
0.0,2259.0,3.0,2,4.0,579.0,375.0,43.0,49.0,1.0,1.0,1750.0,22.527677,88.347629,1,0.0,0,0,0,0,0,0,0,1.0,1,0,0,2.0,1,0,3.0,0,0,1,0,83.0,27,37.0,1.6
0.0,2232.0,3.0,6,4.0,557.0,454.0,43.0,50.0,2.0,3.0,1450.0,22.516429,88.362582,1,0.0,0,0,0,0,0,0,0,0.0,0,0,0,2.0,1,0,3.0,0,0,1,0,203.0,27,153.0,1.85
0.0,1615.0,3.0,3,4.0,851.0,606.0,43.0,25.0,1.0,1.0,1150.0,22.715388,88.378133,1,7.0,0,0,0,0,0,0,0,0.0,0,0,0,2.0,1,0,2.0,0,1,0,0,200.0,26,391.0,0.45
0.0,878.0,3.0,1,4.0,1568.0,423.0,43.0,20.0,2.0,3.0,1125.0,22.580566,88.498405,1,5.0,0,0,0,0,1,0,0,0.0,0,0,0,2.0,1,0,1.0,1,0,0,0,196.0,28,99.0,0.3375
0.0,3200.0,2.0,1,4.0,1561.0,128.0,43.0,20.0,1.0,3.0,816.0,22.580566,88.498405,1,5.0,0,0,0,0,1,0,0,0.0,0,0,0,2.0,1,0,1.0,1,0,0,0,196.0,28,98.0,0.2448
0.0,1699.0,2.0,1,5.0,1207.0,81.0,43.0,20.0,1.0,2.0,656.0,22.580566,88.498405,1,5.0,0,0,0,0,1,0,0,0.0,0,0,0,2.0,1,0,2.0,0,1,0,0,196.0,26,33.0,0.175
0.0,681.0,1.0,1,5.0,1207.0,5.0,43.0,20.0,1.0,0.0,451.0,22.580566,88.498405,1,7.0,0,0,0,0,0,0,0,0.0,0,0,0,2.0,1,0,2.0,0,1,0,0,196.0,26,33.0,0.11
0.0,3465.0,2.0,1,5.0,1207.0,81.0,43.0,20.0,1.0,1.0,742.0,22.580566,88.498405,1,7.0,0,0,0,0,0,0,0,0.0,0,0,0,2.0,1,0,2.0,0,1,0,0,196.0,26,33.0,0.2003
0.0,1682.0,2.0,1,4.0,261.0,81.0,43.0,20.0,1.0,4.0,821.0,22.580566,88.498405,1,5.0,0,0,0,0,1,0,0,0.0,0,0,0,2.0,1,0,2.0,0,1,0,0,196.0,26,33.0,0.2101
0.0,643.0,2.0,1,4.0,261.0,81.0,43.0,20.0,1.0,3.0,867.0,22.580566,88.498405,1,8.0,0,0,0,0,0,0,1,0.0,0,0,0,2.0,1,0,2.0,0,1,0,0,196.0,26,33.0,0.23
0.0,998.0,2.0,1,5.0,147.0,136.0,43.0,49.0,1.0,1.0,961.0,22.616524,88.39851,1,7.0,0,0,0,0,0,0,0,3.0,0,0,1,2.0,1,0,2.0,0,1,0,0,71.0,26,110.0,0.4036
0.0,3481.0,2.0,1,5.0,935.0,138.0,43.0,50.0,1.0,5.0,777.0,22.613989,88.39536,1,1.0,1,0,0,0,0,0,0,0.0,0,0,0,2.0,1,0,2.0,0,1,0,0,71.0,26,112.0,0.2991
0.0,729.0,2.0,5,4.0,885.0,122.0,45.0,11.0,1.0,2.0,871.0,22.855886,88.38,1,3.0,0,0,1,0,0,0,0,0.0,0,0,0,2.0,1,0,4.0,0,0,0,1,281.0,29,84.0,0.3136
0.0,2005.0,3.0,6,4.0,885.0,479.0,43.0,5.0,1.0,3.0,1300.0,22.6998045,88.3111348,1,4.0,0,0,0,1,0,0,0,0.0,0,0,0,2.0,1,0,4.0,0,0,0,1,213.0,29,186.0,0.325
0.0,2007.0,3.0,6,4.0,885.0,479.0,43.0,5.0,1.0,1.0,1081.0,22.6998045,88.3111348,1,6.0,0,0,0,0,0,1,0,0.0,0,0,0,2.0,1,0,4.0,0,0,0,1,213.0,29,186.0,0.3026999999999999
0.0,3856.0,2.0,6,4.0,885.0,186.0,43.0,5.0,1.0,2.0,851.0,22.6998045,88.3111348,1,6.0,0,0,0,0,0,1,0,0.0,0,0,0,2.0,1,0,4.0,0,0,0,1,213.0,29,186.0,0.1957
0.0,2439.0,3.0,6,4.0,1242.0,492.0,43.0,3.0,1.0,2.0,975.0,22.841217,88.339836,1,3.0,0,0,1,0,0,0,0,0.0,0,0,0,2.0,1,0,4.0,0,0,0,1,41.0,29,206.0,0.355
0.0,566.0,3.0,1,4.0,147.0,429.0,43.0,49.0,1.0,3.0,961.0,22.61631,88.40235,1,3.0,0,0,1,0,0,0,0,0.0,0,0,0,2.0,1,0,2.0,0,1,0,0,71.0,26,110.0,0.4036
0.0,2006.0,2.0,5,4.0,1.0,122.0,45.0,11.0,1.0,1.0,800.0,22.855886,88.38,1,6.0,0,0,0,0,0,1,0,0.0,0,0,0,2.0,1,0,4.0,0,0,0,1,281.0,29,84.0,0.27
0.0,1421.0,2.0,6,4.0,885.0,122.0,43.0,11.0,1.0,1.0,804.0,22.855886,88.38,1,7.0,0,0,0,0,0,0,0,0.0,0,0,0,2.0,1,0,4.0,0,0,0,1,281.0,29,84.0,0.2754
0.0,3932.0,3.0,5,4.0,885.0,411.0,45.0,11.0,1.0,2.0,1031.0,22.855886,88.38,1,3.0,0,0,1,0,0,0,0,0.0,0,0,0,2.0,1,0,4.0,0,0,0,1,281.0,29,84.0,0.3712
0.0,3270.0,3.0,1,14.0,1039.0,429.0,42.0,6.0,1.0,9.0,1268.0,22.61631,88.40235,1,6.0,0,0,0,0,0,1,0,1.0,1,0,0,2.0,1,0,2.0,0,1,0,0,257.0,26,110.0,1.1
0.0,3478.0,2.0,1,5.0,949.0,128.0,43.0,39.0,1.0,2.0,816.0,22.631418,88.441055,1,2.0,0,1,0,0,0,0,0,0.0,0,0,0,2.0,1,0,1.0,1,0,0,0,181.0,28,98.0,0.2448
0.0,3935.0,3.0,1,5.0,1576.0,422.0,43.0,39.0,2.0,2.0,1124.0,22.631418,88.441055,1,2.0,0,1,0,0,0,0,0,0.0,0,0,0,2.0,1,0,1.0,1,0,0,0,181.0,28,98.0,0.3372
0.0,2431.0,2.0,1,6.0,949.0,82.0,43.0,40.0,1.0,3.0,718.0,22.614952,88.43902,1,4.0,0,0,0,1,0,0,0,0.0,0,0,0,2.0,1,0,2.0,0,1,0,0,3.0,26,34.0,0.1937
0.0,1391.0,3.0,1,6.0,1206.0,371.0,43.0,41.0,1.0,2.0,1130.0,22.615217,88.43932,1,6.0,0,0,0,0,0,1,0,0.0,0,0,0,2.0,1,0,2.0,0,1,0,0,1.0,26,33.0,0.3049
0.0,39.0,2.0,1,5.0,949.0,82.0,43.0,48.0,1.0,1.0,867.0,22.607845,88.443,1,2.0,0,1,0,0,0,0,0,0.0,0,0,0,2.0,1,0,2.0,0,1,0,0,2.0,26,34.0,0.23
0.0,3847.0,2.0,3,5.0,649.0,174.0,43.0,48.0,1.0,0.0,640.0,22.6315862,88.4294838,1,5.0,0,0,0,0,1,0,0,0.0,0,0,0,2.0,1,0,2.0,0,1,0,0,180.0,26,168.0,0.15
0.0,3858.0,2.0,1,5.0,858.0,208.0,43.0,50.0,1.0,1.0,730.0,22.6174760274,88.4163038726,1,3.0,0,0,1,0,0,0,0,1.0,1,0,0,2.0,1,0,2.0,0,1,0,0,172.0,26,222.0,0.3
0.0,1437.0,2.0,1,5.0,573.0,136.0,43.0,49.0,1.0,4.0,980.0,22.61631,88.40235,1,6.0,0,0,0,0,0,1,0,0.0,0,0,0,2.0,1,0,2.0,0,1,0,0,71.0,26,110.0,0.55
0.0,194.0,3.0,2,35.0,1462.0,533.0,43.0,15.0,1.0,7.0,1954.0,22.499905,88.360697,1,1.0,1,0,0,0,0,0,0,2.0,0,1,0,2.0,1,0,3.0,0,0,1,0,247.0,27,271.0,2.75
0.0,133.0,3.0,1,25.0,1071.0,555.0,42.0,12.0,1.0,15.0,1421.0,22.570171,88.447571,1,1.0,1,0,0,0,0,0,0,0.0,0,0,0,2.0,1,0,2.0,0,1,0,0,267.0,26,305.0,1.6
0.0,190.0,3.0,1,25.0,1071.0,555.0,42.0,12.0,1.0,18.0,1712.0,22.570171,88.447571,1,1.0,1,0,0,0,0,0,0,0.0,0,0,0,2.0,1,0,2.0,0,1,0,0,267.0,26,305.0,2.0
0.0,272.0,3.0,1,12.0,1368.0,513.0,42.0,15.0,1.0,6.0,1378.0,22.589872923653,88.45280587272,1,3.0,0,0,1,0,0,0,0,0.0,0,0,0,2.0,1,0,1.0,1,0,0,0,135.0,28,242.0,1.1
0.0,197.0,3.0,2,10.0,1400.0,506.0,43.0,25.0,1.0,9.0,1710.0,22.6352532,88.4594179,1,5.0,0,0,0,0,1,0,0,0.0,0,0,0,2.0,1,0,1.0,1,0,0,0,208.0,28,235.0,1.15
0.0,199.0,3.0,5,32.0,902.0,494.0,45.0,49.0,1.0,5.0,1975.0,22.559608,88.363888,1,1.0,1,0,0,0,0,0,0,0.0,0,0,0,2.0,1,0,0.0,0,0,0,0,176.0,30,209.0,2.55
0.0,293.0,4.0,5,32.0,902.0,689.0,45.0,49.0,1.0,14.0,2578.0,22.559608,88.363888,1,1.0,1,0,0,0,0,0,0,0.0,0,0,0,2.0,1,0,0.0,0,0,0,0,176.0,30,209.0,3.1
0.0,134.0,3.0,5,32.0,902.0,494.0,45.0,49.0,1.0,12.0,2022.0,22.559608,88.363888,1,5.0,0,0,0,0,1,0,0,0.0,0,0,0,2.0,1,0,0.0,0,0,0,0,176.0,30,209.0,2.65
0.0,354.0,3.0,5,32.0,902.0,494.0,45.0,49.0,1.0,10.0,1512.0,22.559608,88.363888,1,1.0,1,0,0,0,0,0,0,0.0,0,0,0,2.0,1,0,0.0,0,0,0,0,176.0,30,209.0,1.95
0.0,292.0,4.0,5,24.0,1645.0,645.0,45.0,41.0,1.0,14.0,3184.0,22.581047,88.462231,1,5.0,0,0,0,0,1,0,0,0.0,0,0,0,2.0,1,0,1.0,1,0,0,0,86.0,28,2.0,3.45
0.0,212.0,3.0,5,29.0,1645.0,514.0,45.0,41.0,1.0,14.0,1888.0,22.581047,88.462231,1,5.0,0,0,0,0,1,0,0,0.0,0,0,0,2.0,1,0,1.0,1,0,0,0,86.0,28,243.0,1.98
0.0,164.0,3.0,5,29.0,1647.0,489.0,45.0,9.0,1.0,13.0,1707.0,22.51,88.23,1,5.0,0,0,0,0,1,0,0,0.0,0,0,0,2.0,1,0,3.0,0,0,1,0,213.0,27,199.0,1.01
0.0,211.0,3.0,5,29.0,1646.0,355.0,45.0,41.0,1.0,17.0,2637.0,22.581047,88.462231,1,5.0,0,0,0,0,1,0,0,0.0,0,0,0,2.0,1,0,1.0,1,0,0,0,86.0,28,2.0,2.99
0.0,178.0,3.0,5,29.0,1645.0,514.0,45.0,39.0,1.0,16.0,1841.0,22.581047,88.462231,1,5.0,0,0,0,0,1,0,0,0.0,0,0,0,2.0,1,0,1.0,1,0,0,0,86.0,28,243.0,2.46
0.0,420.0,3.0,5,32.0,902.0,494.0,45.0,49.0,1.0,3.0,1512.0,22.559608,88.363888,1,1.0,1,0,0,0,0,0,0,0.0,0,0,0,2.0,1,0,0.0,0,0,0,0,176.0,30,209.0,1.85
0.0,427.0,3.0,5,23.0,102.0,513.0,44.0,15.0,3.0,7.0,2623.0,22.581199,88.461896,1,1.0,1,0,0,0,0,0,0,0.0,0,0,0,2.0,1,0,1.0,1,0,0,0,145.0,28,242.0,2.95
0.0,380.0,4.0,6,23.0,102.0,695.0,42.0,15.0,2.0,17.0,3029.0,22.581199,88.461896,1,1.0,1,0,0,0,0,0,0,0.0,0,0,0,2.0,1,0,1.0,1,0,0,0,145.0,28,242.0,4.25
0.0,3116.0,2.0,3,4.0,4.0,219.0,43.0,48.0,1.0,2.0,1080.0,22.5117895,88.325228,1,1.0,1,0,0,0,0,0,0,2.0,0,1,0,2.0,1,0,3.0,0,0,1,0,286.0,27,237.0,0.85
0.0,3763.0,2.672021502414428,5,2.0,1401.0,772.0,45.0,35.0,1.2297135143990388,3.753961788353753,2723.0,22.6006912,88.4694535,1,1.0,1,0,0,0,0,0,0,0.0,0,0,0,0.0,0,0,1.0,1,0,0,0,185.0,28,242.0,2.6
0.0,3104.0,2.0,6,16.0,1620.0,252.0,42.0,15.0,2.0,11.0,947.0,22.5725338,88.5166672,1,3.0,0,0,1,0,0,0,0,0.0,0,0,0,2.0,1,0,1.0,1,0,0,0,250.0,28,284.0,0.7
0.0,3552.0,2.0,6,16.0,1620.0,252.0,42.0,15.0,2.0,15.0,947.0,22.5725338,88.5166672,1,3.0,0,0,1,0,0,0,0,0.0,0,0,0,2.0,1,0,1.0,1,0,0,0,250.0,28,284.0,0.74
0.0,3322.0,3.0,3,4.0,319.0,560.0,43.0,33.0,2.0,1.0,1550.0,22.558431,88.3036294,1,1.0,1,0,0,0,0,0,0,0.0,0,0,0,2.0,1,0,4.0,0,0,0,1,284.0,29,323.0,0.45
0.0,3971.0,3.0,2,5.0,950.0,508.0,43.0,50.0,1.0,2.0,2718.0,22.5131134,88.3293058,1,1.0,1,0,0,0,0,0,0,0.0,0,0,0,2.0,1,0,3.0,0,0,1,0,160.0,27,237.0,3.5
0.0,1851.0,3.0,3,6.0,950.0,362.0,43.0,48.0,1.0,4.0,2300.0,22.5187322,88.3261859,1,1.0,1,0,0,0,0,0,0,1.0,1,0,0,2.0,1,0,3.0,0,0,1,0,182.0,27,10.0,3.5
0.0,3687.0,9.0,3,2.0,882.0,768.0,43.0,50.0,4.0,2.0,2500.0,22.5011802,88.3339337,1,1.0,1,0,0,0,0,0,0,0.0,0,0,0,2.0,1,0,3.0,0,0,1,0,165.0,27,237.0,0.88
0.0,2836.0,3.0,6,15.0,1470.0,441.0,42.0,50.0,1.0,11.0,1295.0,22.4658051,88.384625,1,3.0,0,0,1,0,0,0,0,0.0,0,0,0,2.0,1,0,3.0,0,0,1,0,80.0,27,126.0,0.765
0.0,2978.0,3.0,5,30.0,1624.0,513.0,45.0,35.0,2.0,28.0,1490.0,22.6006912,88.4694535,1,3.0,0,0,1,0,0,0,0,0.0,0,0,0,2.0,1,0,1.0,1,0,0,0,185.0,28,242.0,0.96
0.0,2979.0,4.0,5,30.0,1624.0,695.0,45.0,35.0,4.0,26.0,1930.0,22.6006912,88.4694535,1,3.0,0,0,1,0,0,0,0,0.0,0,0,0,2.0,1,0,1.0,1,0,0,0,185.0,28,242.0,1.48
0.0,3527.0,2.0,5,30.0,1622.0,223.0,45.0,35.0,1.0,25.0,770.0,22.6006912,88.4694535,1,3.0,0,0,1,0,0,0,0,0.0,0,0,0,2.0,1,0,1.0,1,0,0,0,185.0,28,242.0,0.65
0.0,1509.0,4.0,2,5.0,950.0,694.0,43.0,49.0,1.0,2.0,3470.0,22.5164143,88.3251084,1,1.0,1,0,0,0,0,0,0,0.0,0,0,0,2.0,1,0,3.0,0,0,1,0,286.0,27,237.0,3.5
0.0,2625.0,4.0,2,4.0,950.0,694.0,43.0,49.0,1.0,3.0,2500.0,22.5141721,88.32456,1,1.0,1,0,0,0,0,0,0,0.0,0,0,0,2.0,1,0,3.0,0,0,1,0,286.0,27,237.0,2.9
0.0,3947.0,3.0,6,15.0,1470.0,441.0,42.0,50.0,1.0,12.0,1295.0,22.4658051,88.384625,1,3.0,0,0,1,0,0,0,0,2.0,0,1,0,2.0,1,0,3.0,0,0,1,0,80.0,27,126.0,0.8
0.0,3271.0,3.0,6,16.0,1040.0,435.0,43.0,42.0,1.0,12.0,1294.0,22.548114,88.4004968,1,1.0,1,0,0,0,0,0,0,1.0,1,0,0,2.0,1,0,3.0,0,0,1,0,193.0,27,116.0,0.8
0.0,1846.0,3.0,1,17.0,793.0,583.0,42.0,8.0,1.0,4.0,1335.0,22.4891331,88.3371599,1,1.0,1,0,0,0,0,0,0,0.0,0,0,0,2.0,1,0,3.0,0,0,1,0,118.0,27,359.0,1.5
0.0,782.0,2.0,6,15.0,1470.0,147.0,42.0,3.0,1.0,9.0,941.0,22.4076194,88.413883,1,3.0,0,0,1,0,0,0,0,0.0,0,0,0,2.0,1,0,3.0,0,0,1,0,41.0,27,126.0,0.45
0.0,2228.0,2.0,1,16.0,1040.0,142.0,43.0,3.0,1.0,8.0,976.0,22.4077809,88.4137378,1,3.0,0,0,1,0,0,0,0,0.0,0,0,0,2.0,1,0,3.0,0,0,1,0,41.0,27,116.0,0.45
0.0,3488.0,2.0,6,11.0,1470.0,147.0,42.0,3.0,1.0,6.0,972.0,22.4069836,88.4148814,1,3.0,0,0,1,0,0,0,0,0.0,0,0,0,2.0,1,0,3.0,0,0,1,0,41.0,27,126.0,0.45
0.0,3485.0,2.0,6,16.0,1040.0,142.0,43.0,3.0,1.0,6.0,976.0,22.4069507,88.4150007,1,3.0,0,0,1,0,0,0,0,0.0,0,0,0,2.0,1,0,3.0,0,0,1,0,41.0,27,116.0,0.455
0.0,3272.0,3.0,6,11.0,1040.0,435.0,43.0,3.0,1.0,10.0,1295.0,22.4064718,88.4139335,1,1.0,1,0,0,0,0,0,0,0.0,0,0,0,2.0,1,0,3.0,0,0,1,0,41.0,27,116.0,0.68
0.0,2227.0,3.0,1,16.0,1040.0,435.0,43.0,3.0,1.0,7.0,1285.0,22.4049251,88.4135917,1,3.0,0,0,1,0,0,0,0,0.0,0,0,0,2.0,1,0,3.0,0,0,1,0,41.0,27,116.0,0.75
0.0,2560.0,3.0,6,16.0,1040.0,435.0,43.0,3.0,1.0,15.0,1284.0,22.4060014,88.4136236,1,3.0,0,0,1,0,0,0,0,0.0,0,0,0,2.0,1,0,3.0,0,0,1,0,41.0,27,116.0,0.7
0.0,3685.0,5.0,1,5.0,955.0,744.0,43.0,48.0,2.0,4.0,3500.0,22.5124254,88.3264287,1,1.0,1,0,0,0,0,0,0,0.0,0,0,0,2.0,1,0,3.0,0,0,1,0,284.0,27,237.0,3.68
0.0,2142.0,3.0,1,5.0,950.0,508.0,43.0,48.0,1.0,2.0,1750.0,22.5121027,88.326238,1,1.0,1,0,0,0,0,0,0,0.0,0,0,0,2.0,1,0,3.0,0,0,1,0,286.0,27,237.0,1.85
0.0,1612.0,3.0,1,24.0,450.0,577.0,42.0,8.0,1.0,16.0,1310.0,22.5468146,88.3840868,1,1.0,1,0,0,0,0,0,0,0.0,0,0,0,2.0,1,0,1.0,1,0,0,0,232.0,28,351.0,1.6
0.0,1613.0,4.0,1,25.0,450.0,716.0,42.0,8.0,1.0,19.0,1882.0,22.548608,88.3833459,1,1.0,1,0,0,0,0,0,0,0.0,0,0,0,2.0,1,0,1.0,1,0,0,0,232.0,28,351.0,2.25
0.0,2143.0,3.0,2,5.0,950.0,508.0,43.0,50.0,1.0,3.0,1925.0,22.5085827,88.3366981,1,1.0,1,0,0,0,0,0,0,0.0,0,0,0,2.0,1,0,3.0,0,0,1,0,94.0,27,237.0,1.75
0.0,1889.0,4.0,1,10.0,950.0,649.0,43.0,49.0,1.0,7.0,3600.0,22.5167006,88.3288993,1,1.0,1,0,0,0,0,0,0,0.0,0,0,0,2.0,1,0,3.0,0,0,1,0,84.0,27,10.0,4.75
0.0,2154.0,4.0,1,5.0,949.0,715.0,43.0,50.0,2.0,5.0,2702.0,22.516352,88.346016,1,3.0,0,0,1,0,0,0,0,0.0,0,0,0,2.0,1,0,3.0,0,0,1,0,94.0,27,340.0,2.98
0.0,3423.0,4.0,1,11.0,949.0,649.0,43.0,50.0,2.0,10.0,3000.0,22.516352,88.346016,1,1.0,1,0,0,0,0,0,0,0.0,0,0,0,2.0,1,0,3.0,0,0,1,0,94.0,27,10.0,4.35
0.0,2118.0,5.0,2,10.0,949.0,744.0,43.0,50.0,4.0,9.0,3500.0,22.514294,88.32386,1,1.0,1,0,0,0,0,0,0,0.0,0,0,0,2.0,1,0,3.0,0,0,1,0,286.0,27,237.0,2.7
0.0,3291.0,3.0,6,19.0,1399.0,542.0,42.0,8.0,2.0,16.0,1444.0,22.625582,88.490761,1,1.0,1,0,0,0,0,0,0,0.0,0,0,0,2.0,1,0,1.0,1,0,0,0,118.0,28,284.0,0.8
0.0,3765.0,2.911902475059298,1,11.0,789.0,771.0,42.0,9.0,1.4090026008371477,11.0,840.0,22.69924,88.38115,1,2.0,0,1,0,0,0,0,0,1.0,1,0,0,2.0,1,0,2.0,0,1,0,0,269.0,26,335.0,0.48
0.0,3706.0,7.0,2,2.0,1049.0,766.0,43.0,25.0,3.0,8.214737989324037,1290.0,22.69924,88.38115,1,5.0,0,0,0,0,1,0,0,0.0,0,0,0,0.0,0,0,2.0,0,1,0,0,200.0,26,335.0,0.62
0.0,4057.0,3.0,2,5.0,774.0,565.0,43.0,44.0,2.0,3.0,1496.0,22.624691,88.387642,1,3.0,0,0,1,0,0,0,0,0.0,0,0,0,2.0,1,0,2.0,0,1,0,0,71.0,26,332.0,0.745
0.0,4082.0,4.0,1,19.0,355.0,652.0,42.0,15.0,1.0,13.0,2150.0,22.6704093,88.3748532,1,3.0,0,0,1,0,0,0,0,0.0,0,0,0,2.0,1,0,2.0,0,1,0,0,155.0,26,28.0,1.45
0.0,1024.0,3.0,1,5.0,489.0,478.0,43.0,27.0,1.0,4.0,1226.0,22.717516,88.3679875,1,3.0,0,0,1,0,0,0,0,2.0,0,1,0,2.0,1,0,2.0,0,1,0,0,206.0,26,185.0,0.35
0.0,4083.0,2.0,6,11.0,783.0,186.0,42.0,15.0,1.0,8.0,624.0,22.6915758,88.3553467,1,6.0,0,0,0,0,0,1,0,0.0,0,0,0,2.0,1,0,4.0,0,0,0,1,236.0,29,186.0,0.418
0.0,3689.0,3.0,1,5.0,717.0,389.0,43.0,24.0,1.0,1.0,1100.0,22.69821,88.462063,1,3.0,0,0,1,0,0,0,0,0.0,0,0,0,2.0,1,0,2.0,0,1,0,0,213.0,26,53.0,0.39
0.0,2465.0,3.0,5,20.0,614.0,455.0,44.0,15.0,2.0,6.0,908.0,22.572646,88.36389499999,1,3.0,0,0,1,0,0,0,0,0.0,0,0,0,2.0,1,0,4.0,0,0,0,1,233.0,29,155.0,0.562
0.0,2465.0,2.0,5,20.0,614.0,164.0,44.0,15.0,1.0,16.0,919.0,22.572646,88.36389499999,1,3.0,0,0,1,0,0,0,0,0.0,0,0,0,2.0,1,0,4.0,0,0,0,1,233.0,29,155.0,0.411
0.0,1149.0,2.0,3,4.0,1015.0,287.0,43.0,26.0,1.0,0.0,639.0,22.7001206,88.3726976,1,7.0,0,0,0,0,0,0,0,0.0,0,0,0,2.0,1,0,2.0,0,1,0,0,200.0,26,335.0,0.225
0.0,602.0,4.0,6,5.0,1483.0,714.0,43.0,25.0,2.0,3.0,1328.0,22.715388,88.378133,1,3.0,0,0,1,0,0,0,0,1.0,1,0,0,2.0,1,0,2.0,0,1,0,0,200.0,26,335.0,0.449
0.0,4081.0,3.0,6,7.0,1484.0,486.0,42.0,9.0,1.0,2.0,1072.0,22.6962301,88.4860849,1,6.0,0,0,0,0,0,1,0,0.0,0,0,0,2.0,1,0,2.0,0,1,0,0,231.0,26,195.0,0.46
0.0,639.0,2.0,2,5.0,927.0,287.0,43.0,24.0,2.0,4.0,935.0,22.6945427,88.3797743,1,4.0,0,0,0,1,0,0,0,0.0,0,0,0,2.0,1,0,2.0,0,1,0,0,200.0,26,335.0,0.235
0.0,1286.0,2.0,6,14.0,1406.0,185.0,42.0,8.0,1.0,9.0,825.0,22.735176,88.3886039,1,3.0,0,0,1,0,0,0,0,0.0,0,0,0,2.0,1,0,2.0,0,1,0,0,118.0,26,185.0,0.3
0.0,2326.0,2.0,6,12.0,647.0,264.0,43.0,17.0,1.0,8.0,826.0,22.725355,88.3384899,1,6.0,0,0,0,0,0,1,0,0.0,0,0,0,2.0,1,0,4.0,0,0,0,1,169.0,29,297.0,0.25
0.0,2324.0,3.0,6,12.0,647.0,551.0,43.0,17.0,1.0,12.0,1173.0,22.725355,88.3384899,1,3.0,0,0,1,0,0,0,0,0.0,0,0,0,2.0,1,0,4.0,0,0,0,1,169.0,29,297.0,0.305
0.0,2808.0,3.0,1,19.0,501.0,568.0,42.0,4.0,1.0,19.0,1101.0,22.70796,88.3792174,1,3.0,0,0,1,0,0,0,0,1.0,1,0,0,2.0,1,0,2.0,0,1,0,0,30.0,26,335.0,0.58
0.0,4084.0,3.0,6,24.0,58.0,559.0,42.0,3.0,1.0,24.0,1040.0,22.7370072,88.3548222,1,3.0,0,0,1,0,0,0,0,0.0,0,0,0,2.0,1,0,4.0,0,0,0,1,54.0,29,321.0,0.52
0.0,2327.0,2.0,6,5.0,1153.0,287.0,43.0,24.0,2.0,4.0,970.0,22.7071841,88.3713815,1,6.0,0,0,0,0,0,1,0,0.0,0,0,0,2.0,1,0,2.0,0,1,0,0,200.0,26,335.0,0.2813
0.0,3707.0,3.0,2,2.0,575.0,643.0,43.0,22.0,1.0,3.6326304081644,1980.0,22.7147547,88.3872869,1,5.0,0,0,0,0,1,0,0,1.0,1,0,0,0.0,0,0,2.0,0,1,0,0,200.0,26,335.0,0.675
0.0,2461.0,3.0,2,21.0,501.0,568.0,42.0,4.0,2.0,19.0,1359.0,22.7087104,88.3772065,1,7.0,0,0,0,0,0,0,0,1.0,1,0,0,2.0,1,0,2.0,0,1,0,0,30.0,26,335.0,0.65
0.0,2459.0,2.0,1,13.0,304.0,261.0,43.0,21.0,1.0,2.0,985.0,22.6634037,88.3753886,1,7.0,0,0,0,0,0,0,0,1.0,1,0,0,2.0,1,0,2.0,0,1,0,0,70.0,26,294.0,0.65
0.0,4079.0,3.0,5,12.0,1510.0,369.0,44.0,49.0,1.0,4.0,1231.0,22.612664,88.377414,1,3.0,0,0,1,0,0,0,0,0.0,0,0,0,2.0,1,0,2.0,0,1,0,0,71.0,26,28.0,0.78
0.0,994.0,2.0,1,21.0,983.0,76.0,42.0,49.0,1.0,12.0,1007.0,22.612664,88.377414,1,6.0,0,0,0,0,0,1,0,0.0,0,0,0,2.0,1,0,2.0,0,1,0,0,71.0,26,28.0,0.635
0.0,4150.0,3.0,6,14.0,1406.0,478.0,42.0,8.0,2.0,8.0,1286.0,22.71589,88.37007,1,3.0,0,0,1,0,0,0,0,1.0,1,0,0,2.0,1,0,2.0,0,1,0,0,118.0,26,185.0,0.52
0.0,4080.0,2.0,6,5.0,1150.0,287.0,43.0,24.0,1.0,4.0,615.0,22.6962547,88.3758787,1,6.0,0,0,0,0,0,1,0,0.0,0,0,0,2.0,1,0,2.0,0,1,0,0,200.0,26,335.0,0.1835
0.0,1148.0,2.0,2,5.0,1104.0,287.0,43.0,26.0,1.0,3.0,570.0,22.7056517,88.3720321,1,3.0,0,0,1,0,0,0,0,0.0,0,0,0,2.0,1,0,2.0,0,1,0,0,200.0,26,335.0,0.135
0.0,2610.0,2.0,1,10.0,137.0,193.0,43.0,27.0,1.0,10.0,1359.0,22.6923794,88.4639784,1,4.0,0,0,0,1,0,0,0,0.0,0,0,0,2.0,1,0,2.0,0,1,0,0,200.0,26,195.0,0.425
0.0,4114.0,2.0,1,5.0,334.0,155.0,43.0,19.0,1.0,3.0,857.0,22.6921639,88.3918365,1,3.0,0,0,1,0,0,0,0,0.0,0,0,0,2.0,1,0,2.0,0,1,0,0,200.0,26,141.0,0.235
0.0,2160.0,3.0,1,5.0,1723.0,568.0,43.0,21.0,2.0,2.0,1150.0,22.6984633,88.3870406,1,4.0,0,0,0,1,0,0,0,0.0,0,0,0,2.0,1,0,2.0,0,1,0,0,200.0,26,335.0,0.38
0.0,1361.0,3.0,5,4.0,1562.0,420.0,45.0,49.0,1.0,1.0,1076.0,22.5984841,88.3955409,1,4.0,0,0,0,1,0,0,0,0.0,0,0,0,2.0,1,0,2.0,0,1,0,0,43.0,26,95.0,0.435
0.0,2317.0,2.0,6,5.0,1155.0,287.0,43.0,26.0,1.0,4.0,914.0,22.7037885,88.3756486,1,4.0,0,0,0,1,0,0,0,0.0,0,0,0,2.0,1,0,2.0,0,1,0,0,200.0,26,335.0,0.2685
0.0,4080.0,1.0,6,5.0,1154.0,50.0,43.0,24.0,1.0,0.0,555.0,22.7071786,88.3712293,1,8.0,0,0,0,0,0,0,1,0.0,0,0,0,2.0,1,0,2.0,0,1,0,0,200.0,26,335.0,0.115
0.0,4080.0,2.0,6,5.0,1153.0,287.0,43.0,24.0,1.0,0.0,714.0,22.7071786,88.3712293,1,3.0,0,0,1,0,0,0,0,0.0,0,0,0,2.0,1,0,2.0,0,1,0,0,200.0,26,335.0,0.1675
0.0,1211.0,2.0,6,4.0,1181.0,287.0,43.0,24.0,1.0,4.0,850.0,22.7020231,88.3889843,1,3.0,0,0,1,0,0,0,0,0.0,0,0,0,2.0,1,0,2.0,0,1,0,0,200.0,26,335.0,0.221
0.0,2325.0,3.0,6,5.0,1181.0,568.0,43.0,24.0,1.0,2.0,1157.0,22.7018738,88.3892329,1,3.0,0,0,1,0,0,0,0,0.0,0,0,0,2.0,1,0,2.0,0,1,0,0,200.0,26,335.0,0.3124
0.0,3589.0,3.0,1,4.0,949.0,430.0,43.0,45.0,1.0,1.0,1239.0,22.641743,88.41776,1,5.0,0,0,0,0,1,0,0,3.0,0,0,1,2.0,1,0,2.0,0,1,0,0,180.0,26,111.0,0.4027
0.0,3732.0,2.0,5,5.0,1151.0,193.0,45.0,26.0,1.0,3.0,740.0,22.694737,88.452862,1,3.0,0,0,1,0,0,0,0,0.0,0,0,0,2.0,1,0,2.0,0,1,0,0,200.0,26,195.0,0.2516
0.0,4094.0,2.0,5,5.0,1149.0,287.0,45.0,40.0,1.0,3.0,760.0,22.4742084161621,88.3284168043032,1,3.0,0,0,1,0,0,0,0,0.0,0,0,0,2.0,1,0,3.0,0,0,1,0,89.0,27,335.0,0.1748
0.0,607.0,3.0,6,6.0,1150.0,568.0,43.0,25.0,2.0,4.0,1304.0,22.69924,88.38115,1,4.0,0,0,0,1,0,0,0,0.0,0,0,0,2.0,1,0,2.0,0,1,0,0,200.0,26,335.0,0.3853999999999999
0.0,4076.0,2.0,6,6.0,1150.0,287.0,43.0,25.0,1.0,4.0,870.0,22.69924,88.38115,1,3.0,0,0,1,0,0,0,0,0.0,0,0,0,2.0,1,0,2.0,0,1,0,0,200.0,26,335.0,0.2567
0.0,2713.0,3.0,1,25.0,1071.0,555.0,42.0,12.0,2.0,17.0,1421.0,22.570171,88.447571,1,1.0,1,0,0,0,0,0,0,1.0,1,0,0,2.0,1,0,2.0,0,1,0,0,267.0,26,305.0,1.8
0.0,1419.0,2.0,2,19.0,83.0,120.0,43.0,49.0,1.0,7.0,840.0,22.477388,88.400489,1,1.0,1,0,0,0,0,0,0,1.0,1,0,0,2.0,1,0,3.0,0,0,1,0,77.0,27,82.0,0.57
0.0,328.0,2.0,2,25.0,81.0,147.0,43.0,50.0,1.0,5.0,850.0,22.4658051,88.384625,1,1.0,1,0,0,0,0,0,0,0.0,0,0,0,2.0,1,0,3.0,0,0,1,0,80.0,27,126.0,0.42
0.0,3416.0,4.0,3,19.0,82.0,671.0,43.0,49.0,2.0,10.0,3443.0,22.477389,88.400481,1,3.0,0,0,1,0,0,0,0,1.0,1,0,0,2.0,1,0,3.0,0,0,1,0,77.0,27,116.0,2.65
0.0,1446.0,3.0,2,45.0,1692.0,435.0,42.0,15.0,0.0,16.0,1982.0,22.512772,88.410254,1,1.0,1,0,0,0,0,0,0,0.0,0,0,0,2.0,1,0,3.0,0,0,1,0,64.0,27,116.0,2.9
0.0,3963.0,3.0,2,17.0,162.0,499.0,43.0,49.0,2.0,9.0,1996.0,22.4927324733,88.403800425,1,1.0,1,0,0,0,0,0,0,0.0,0,0,0,2.0,1,0,3.0,0,0,1,0,188.0,27,219.0,1.8
0.0,2558.0,3.0,3,27.0,554.0,435.0,43.0,42.0,1.0,16.0,1328.0,22.548114,88.4004968,1,6.0,0,0,0,0,0,1,0,1.0,1,0,0,2.0,1,0,3.0,0,0,1,0,193.0,27,116.0,1.0
0.0,1172.0,3.0,3,27.0,554.0,435.0,43.0,42.0,1.0,14.0,1328.0,22.548114,88.4004968,1,6.0,0,0,0,0,0,1,0,0.0,0,0,0,2.0,1,0,3.0,0,0,1,0,193.0,27,116.0,0.95
0.0,1444.0,3.0,3,27.0,554.0,435.0,43.0,42.0,1.0,9.0,1328.0,22.548114,88.4004968,1,1.0,1,0,0,0,0,0,0,2.0,0,1,0,2.0,1,0,3.0,0,0,1,0,193.0,27,116.0,1.06
0.0,1450.0,3.0,3,19.0,1683.0,441.0,43.0,50.0,3.0,15.0,2404.0,22.4658051,88.384625,1,6.0,0,0,0,0,0,1,0,0.0,0,0,0,2.0,1,0,3.0,0,0,1,0,80.0,27,126.0,1.65
0.0,4118.0,3.0,3,19.0,1683.0,441.0,43.0,49.0,3.0,15.0,2404.0,22.4660129,88.3928446,1,3.0,0,0,1,0,0,0,0,1.0,1,0,0,2.0,1,0,3.0,0,0,1,0,80.0,27,126.0,1.79
0.0,52.0,2.0,2,19.0,83.0,120.0,43.0,49.0,2.0,7.0,1200.0,22.485966,88.396453,1,3.0,0,0,1,0,0,0,0,2.0,0,1,0,2.0,1,0,3.0,0,0,1,0,88.0,27,82.0,0.9
0.0,1865.0,3.0,3,13.0,1366.0,435.0,43.0,42.0,2.0,12.0,1620.0,22.548114,88.4004968,1,1.0,1,0,0,0,0,0,0,0.0,0,0,0,2.0,1,0,3.0,0,0,1,0,193.0,27,116.0,1.02
0.0,3512.0,2.0,1,4.0,949.0,206.0,43.0,50.0,1.0,3.0,1051.0,22.495947,88.39886,1,8.0,0,0,0,0,0,0,1,0.0,0,0,0,2.0,1,0,3.0,0,0,1,0,188.0,27,219.0,0.45
0.0,3938.0,3.0,3,27.0,554.0,435.0,43.0,42.0,1.0,12.0,1264.0,22.548114,88.4004968,1,6.0,0,0,0,0,0,1,0,1.0,1,0,0,2.0,1,0,3.0,0,0,1,0,193.0,27,116.0,0.94
0.0,1608.0,3.0,3,14.0,79.0,575.0,43.0,49.0,2.0,2.0,2100.0,22.49194,88.393071,1,4.0,0,0,0,1,0,0,0,0.0,0,0,0,2.0,1,0,3.0,0,0,1,0,188.0,27,348.0,1.75
0.0,2557.0,3.0,1,25.0,82.0,435.0,43.0,49.0,1.0,7.0,1739.0,22.478113,88.40038,1,4.0,0,0,0,1,0,0,0,0.0,0,0,0,2.0,1,0,3.0,0,0,1,0,77.0,27,116.0,1.3
0.0,1174.0,3.0,1,27.0,554.0,435.0,43.0,50.0,1.0,4.0,1267.0,22.503475,88.39936,1,8.0,0,0,0,0,0,0,1,3.0,0,0,1,2.0,1,0,3.0,0,0,1,0,188.0,27,116.0,0.92
0.0,1175.0,3.0,3,27.0,554.0,435.0,43.0,49.0,1.0,15.0,1264.0,22.484581,88.389555,1,1.0,1,0,0,0,0,0,0,1.0,1,0,0,2.0,1,0,3.0,0,0,1,0,91.0,27,116.0,0.98
0.0,3592.0,3.0,6,24.0,986.0,435.0,42.0,15.0,1.0,6.0,1720.0,22.4530924,88.396149,1,5.0,0,0,0,0,1,0,0,0.0,0,0,0,2.0,1,0,3.0,0,0,1,0,123.0,27,116.0,1.4
0.0,933.0,2.0,6,12.0,1368.0,223.0,42.0,15.0,2.0,5.0,1266.0,22.589872923653,88.45280587272,1,8.0,0,0,0,0,0,0,1,0.0,0,0,0,2.0,1,0,1.0,1,0,0,0,135.0,28,242.0,1.02
0.0,2816.0,3.0,5,16.0,1620.0,542.0,44.0,15.0,2.0,3.0,750.0,22.5539607,88.3710407,1,1.0,1,0,0,0,0,0,0,0.0,0,0,0,2.0,1,0,1.0,1,0,0,0,250.0,28,284.0,0.75
0.0,2071.0,3.0,1,11.0,1485.0,486.0,43.0,20.0,1.0,2.0,1070.0,22.682073,88.462757,1,8.0,0,0,0,0,0,0,1,0.0,0,0,0,2.0,1,0,2.0,0,1,0,0,200.0,26,195.0,0.62
0.0,2833.0,2.0,6,11.0,446.0,169.0,42.0,5.0,1.0,7.0,823.0,22.6818957,88.4605837,1,5.0,0,0,0,0,1,0,0,0.0,0,0,0,2.0,1,0,2.0,0,1,0,0,62.0,26,161.0,0.52
0.0,4190.0,2.0,2,20.0,501.0,287.0,42.0,4.0,1.0,3.0,995.0,22.708474,88.378311,1,5.0,0,0,0,0,1,0,0,3.0,0,0,1,2.0,1,0,2.0,0,1,0,0,30.0,26,335.0,0.57
0.0,3474.0,2.0,1,5.0,947.0,123.0,43.0,38.0,2.0,5.0,1120.0,22.628857,88.445724,1,1.0,1,0,0,0,0,0,0,0.0,0,0,0,2.0,1,0,1.0,1,0,0,0,181.0,28,86.0,0.45
0.0,1766.0,3.0,1,5.0,293.0,413.0,43.0,43.0,1.0,2.0,1221.0,22.62604,88.437882,1,1.0,1,0,0,0,0,0,0,2.0,0,1,0,2.0,1,0,1.0,1,0,0,0,180.0,28,86.0,0.82
0.0,3477.0,2.0,1,5.0,1487.0,128.0,43.0,36.0,1.0,2.0,1006.0,22.627717,88.44796,1,6.0,0,0,0,0,0,1,0,0.0,0,0,0,2.0,1,0,1.0,1,0,0,0,184.0,28,98.0,0.57
0.0,3211.0,3.0,1,6.0,154.0,542.0,43.0,39.0,1.0,1.0,1283.0,22.626605,88.443038,1,6.0,0,0,0,0,0,1,0,0.0,0,0,0,2.0,1,0,1.0,1,0,0,0,181.0,28,284.0,0.72
0.0,1662.0,2.0,1,5.0,949.0,123.0,43.0,36.0,1.0,1.0,700.0,22.621214,88.44267,1,7.0,0,0,0,0,0,0,0,0.0,0,0,0,2.0,1,0,1.0,1,0,0,0,184.0,28,86.0,0.255
0.0,3066.0,2.0,1,5.0,949.0,123.0,43.0,36.0,1.0,1.0,911.0,22.621214,88.44267,1,8.0,0,0,0,0,0,0,1,0.0,0,0,0,2.0,1,0,1.0,1,0,0,0,184.0,28,86.0,0.34
0.0,829.0,3.0,1,5.0,949.0,413.0,43.0,37.0,1.0,1.0,921.0,22.621826,88.44212,1,8.0,0,0,0,0,0,0,1,0.0,0,0,0,2.0,1,0,1.0,1,0,0,0,183.0,28,86.0,0.37
0.0,3151.0,2.0,1,5.0,945.0,123.0,43.0,36.0,1.0,5.0,918.0,22.630186,88.44514,1,5.0,0,0,0,0,1,0,0,0.0,0,0,0,2.0,1,0,1.0,1,0,0,0,181.0,28,86.0,0.3671999999999999
0.0,3837.0,2.0,1,5.0,949.0,123.0,43.0,36.0,1.0,5.0,930.0,22.630186,88.44514,1,7.0,0,0,0,0,0,0,0,0.0,0,0,0,2.0,1,0,1.0,1,0,0,0,181.0,28,86.0,0.372
0.0,4041.0,4.0,2,5.0,154.0,705.0,43.0,35.0,2.0,2.0,1850.0,22.6006912,88.4694535,1,3.0,0,0,1,0,0,0,0,0.0,0,0,0,2.0,1,0,1.0,1,0,0,0,185.0,28,284.0,1.0
0.0,1529.0,3.0,2,33.0,369.0,513.0,43.0,20.0,2.0,15.0,1522.0,22.579337,88.500056,1,2.0,0,1,0,0,0,0,0,0.0,0,0,0,2.0,1,0,1.0,1,0,0,0,196.0,28,242.0,0.96
0.0,3223.0,3.0,2,33.0,369.0,513.0,43.0,35.0,2.0,18.0,2113.0,22.6006912,88.4694535,1,1.0,1,0,0,0,0,0,0,2.0,0,1,0,2.0,1,0,1.0,1,0,0,0,185.0,28,242.0,1.3
0.0,1523.0,2.0,2,14.0,210.0,223.0,42.0,35.0,1.0,4.0,650.0,22.6006912,88.4694535,1,7.0,0,0,0,0,0,0,0,0.0,0,0,0,2.0,1,0,1.0,1,0,0,0,185.0,28,242.0,0.3
0.0,322.0,2.0,1,4.0,731.0,305.0,43.0,50.0,1.0,2.0,850.0,22.5,88.35,1,1.0,1,0,0,0,0,0,0,1.0,1,0,0,2.0,1,0,3.0,0,0,1,0,95.0,27,359.0,0.51
0.0,570.0,3.0,1,6.0,154.0,542.0,43.0,35.0,2.0,1.0,1487.0,22.6006912,88.4694535,1,2.0,0,1,0,0,0,0,0,0.0,0,0,0,2.0,1,0,1.0,1,0,0,0,185.0,28,284.0,0.7
0.0,2033.0,2.0,1,5.0,892.0,73.0,43.0,38.0,2.0,3.0,980.0,22.625281,88.443457,1,4.0,0,0,0,1,0,0,0,2.0,0,1,0,2.0,1,0,2.0,0,1,0,0,184.0,26,22.0,0.48
0.0,2472.0,1.0,1,4.0,1368.0,42.0,42.0,15.0,1.0,2.0,450.0,22.6006912,88.4694535,1,7.0,0,0,0,0,0,0,0,0.0,0,0,0,2.0,1,0,1.0,1,0,0,0,135.0,28,242.0,0.27
0.0,2477.0,2.0,1,12.0,1368.0,223.0,42.0,15.0,1.0,3.0,722.0,22.589872923653,88.45280587272,1,1.0,1,0,0,0,0,0,0,0.0,0,0,0,2.0,1,0,1.0,1,0,0,0,135.0,28,242.0,0.46
0.0,3522.0,2.0,2,12.0,1368.0,223.0,42.0,15.0,1.0,10.0,722.0,22.6006912,88.4694535,1,2.0,0,1,0,0,0,0,0,0.0,0,0,0,2.0,1,0,1.0,1,0,0,0,135.0,28,242.0,0.45
0.0,2473.0,2.0,1,12.0,1368.0,223.0,42.0,15.0,1.0,8.0,904.0,22.589872923653,88.45280587272,1,3.0,0,0,1,0,0,0,0,0.0,0,0,0,2.0,1,0,1.0,1,0,0,0,135.0,28,242.0,0.69
0.0,776.0,2.0,2,10.0,1369.0,223.0,43.0,42.0,1.0,6.0,900.0,22.583939,88.450916,1,3.0,0,0,1,0,0,0,0,0.0,0,0,0,2.0,1,0,1.0,1,0,0,0,85.0,28,242.0,0.6
0.0,2476.0,2.0,6,12.0,1368.0,223.0,42.0,15.0,1.0,4.0,722.0,22.5905504,88.4518076,1,4.0,0,0,0,1,0,0,0,0.0,0,0,0,2.0,1,0,1.0,1,0,0,0,135.0,28,242.0,0.45
0.0,3103.0,2.0,1,6.0,1614.0,223.0,43.0,35.0,1.0,4.0,958.0,22.6006912,88.4694535,1,0.0,0,0,0,0,0,0,0,0.0,0,0,0,2.0,1,0,1.0,1,0,0,0,185.0,28,242.0,0.5
0.0,623.0,3.0,1,14.0,210.0,513.0,42.0,35.0,1.0,5.0,1000.0,22.6006912,88.4694535,1,7.0,0,0,0,0,0,0,0,0.0,0,0,0,2.0,1,0,1.0,1,0,0,0,185.0,28,242.0,0.46
0.0,2229.0,2.672021502414428,0,5.0,1728.0,788.0,39.0,41.0,1.2297135143990388,3.753961788353753,2159.0,22.581047,88.462231,1,2.0,0,1,0,0,0,0,0,3.0,0,0,1,3.0,0,1,1.0,1,0,0,0,86.0,28,243.0,2.2
0.0,1014.0,2.672021502414428,0,5.0,1729.0,774.0,39.0,28.0,1.2297135143990388,3.753961788353753,3239.0,22.60134,88.471506,1,7.0,0,0,0,0,0,0,0,3.0,0,0,1,3.0,0,1,1.0,1,0,0,0,185.0,28,3.0,2.3
0.0,1426.0,2.0,1,4.0,949.0,123.0,43.0,41.0,1.0,2.0,850.0,22.58785,88.454834,1,6.0,0,0,0,0,0,1,0,0.0,0,0,0,2.0,1,0,1.0,1,0,0,0,86.0,28,86.0,0.5
0.0,2128.0,2.0,1,4.0,949.0,123.0,43.0,41.0,1.0,2.0,850.0,22.58785,88.454834,1,2.0,0,1,0,0,0,0,0,0.0,0,0,0,2.0,1,0,1.0,1,0,0,0,86.0,28,86.0,0.5
0.0,2087.0,2.0,1,4.0,949.0,223.0,43.0,31.0,1.0,4.0,950.0,22.63311,88.46553,1,2.0,0,1,0,0,0,0,0,0.0,0,0,0,2.0,1,0,1.0,1,0,0,0,208.0,28,242.0,0.55
0.0,1665.0,2.0,1,4.0,949.0,223.0,43.0,31.0,1.0,3.0,900.0,22.63311,88.46553,1,3.0,0,0,1,0,0,0,0,0.0,0,0,0,2.0,1,0,1.0,1,0,0,0,208.0,28,242.0,0.5
0.0,842.0,3.0,1,4.0,949.0,513.0,43.0,31.0,1.0,3.0,1100.0,22.63311,88.46553,1,3.0,0,0,1,0,0,0,0,0.0,0,0,0,2.0,1,0,1.0,1,0,0,0,208.0,28,242.0,0.65
0.0,321.0,2.0,1,3.0,269.0,79.0,43.0,47.0,1.0,1.0,850.0,22.48369,88.37969,1,1.0,1,0,0,0,0,0,0,1.0,1,0,0,2.0,1,0,3.0,0,0,1,0,194.0,27,31.0,0.35
0.0,2089.0,3.0,2,5.0,949.0,413.0,43.0,39.0,1.0,2.0,1410.0,22.6235821,88.4410411,1,6.0,0,0,0,0,0,1,0,0.0,0,0,0,2.0,1,0,1.0,1,0,0,0,183.0,28,86.0,0.65
0.0,3008.0,1.0,1,5.0,312.0,45.0,43.0,35.0,1.0,1.0,345.0,22.6006912,88.4694535,1,3.0,0,0,1,0,0,0,0,1.0,1,0,0,2.0,1,0,1.0,1,0,0,0,185.0,28,284.0,0.195
0.0,1678.0,2.0,6,29.0,1599.0,223.0,42.0,15.0,2.0,14.0,1001.0,22.5817194,88.4977243,1,1.0,1,0,0,0,0,0,0,0.0,0,0,0,2.0,1,0,1.0,1,0,0,0,251.0,28,242.0,1.05
0.0,3872.0,2.0,6,12.0,1368.0,223.0,42.0,15.0,1.0,10.0,722.0,22.6006912,88.4694535,1,3.0,0,0,1,0,0,0,0,0.0,0,0,0,2.0,1,0,1.0,1,0,0,0,135.0,28,242.0,0.55
0.0,3523.0,2.0,6,12.0,1368.0,223.0,42.0,15.0,1.0,10.0,904.0,22.6006912,88.4694535,1,7.0,0,0,0,0,0,0,0,0.0,0,0,0,2.0,1,0,1.0,1,0,0,0,135.0,28,242.0,0.69
0.0,3357.0,3.0,1,5.0,949.0,513.0,43.0,40.0,1.0,2.0,1275.0,22.609528,88.441345,1,6.0,0,0,0,0,0,1,0,0.0,0,0,0,2.0,1,0,1.0,1,0,0,0,4.0,28,242.0,0.68
0.0,2083.0,2.0,1,5.0,949.0,223.0,43.0,40.0,1.0,3.0,901.0,22.609528,88.441345,1,5.0,0,0,0,0,1,0,0,0.0,0,0,0,2.0,1,0,1.0,1,0,0,0,4.0,28,242.0,0.5
0.0,1666.0,2.0,1,5.0,949.0,223.0,43.0,40.0,1.0,4.0,900.0,22.609528,88.441345,1,1.0,1,0,0,0,0,0,0,0.0,0,0,0,2.0,1,0,1.0,1,0,0,0,4.0,28,242.0,0.53
0.0,843.0,3.0,1,5.0,949.0,513.0,43.0,40.0,1.0,4.0,1305.0,22.609528,88.441345,1,1.0,1,0,0,0,0,0,0,0.0,0,0,0,2.0,1,0,1.0,1,0,0,0,4.0,28,242.0,0.71
0.0,775.0,2.0,6,12.0,1368.0,223.0,42.0,15.0,1.0,7.0,904.0,22.6006912,88.4694535,1,4.0,0,0,0,1,0,0,0,0.0,0,0,0,2.0,1,0,1.0,1,0,0,0,135.0,28,242.0,0.7
0.0,2151.0,2.0,1,5.0,949.0,223.0,43.0,40.0,1.0,3.0,910.0,22.609528,88.441345,1,7.0,0,0,0,0,0,0,0,0.0,0,0,0,2.0,1,0,1.0,1,0,0,0,4.0,28,242.0,0.55
0.0,3355.0,3.0,1,5.0,949.0,513.0,43.0,40.0,1.0,3.0,1210.0,22.609528,88.441345,1,6.0,0,0,0,0,0,1,0,0.0,0,0,0,2.0,1,0,1.0,1,0,0,0,4.0,28,242.0,0.65
0.0,2658.0,3.0,1,5.0,949.0,513.0,43.0,40.0,1.0,4.0,1300.0,22.609528,88.441345,1,8.0,0,0,0,0,0,0,1,0.0,0,0,0,2.0,1,0,1.0,1,0,0,0,4.0,28,242.0,0.7
0.0,2152.0,3.0,1,5.0,949.0,513.0,43.0,40.0,1.0,3.0,1250.0,22.609528,88.441345,1,6.0,0,0,0,0,0,1,0,0.0,0,0,0,2.0,1,0,1.0,1,0,0,0,4.0,28,242.0,0.68
0.0,1769.0,3.0,1,33.0,369.0,513.0,43.0,35.0,2.0,12.0,2113.0,22.6006912,88.4694535,1,6.0,0,0,0,0,0,1,0,0.0,0,0,0,2.0,1,0,1.0,1,0,0,0,185.0,28,242.0,1.25
0.0,665.0,3.0,1,4.0,135.0,619.0,43.0,35.0,1.0,2.0,1330.0,22.6006912,88.4694535,1,6.0,0,0,0,0,0,1,0,0.0,0,0,0,1.0,0,0,1.0,1,0,0,0,185.0,28,242.0,0.5579999999999999
0.0,2642.0,2.0,2,21.0,369.0,223.0,43.0,35.0,1.0,3.0,1257.0,22.6006912,88.4694535,1,6.0,0,0,0,0,0,1,0,0.0,0,0,0,2.0,1,0,1.0,1,0,0,0,185.0,28,242.0,0.72
0.0,320.0,2.0,1,3.0,229.0,238.0,43.0,40.0,1.0,1.0,620.0,22.508131,88.300476,1,5.0,0,0,0,0,1,0,0,3.0,0,0,1,2.0,1,0,3.0,0,0,1,0,286.0,27,264.0,0.23
0.0,992.0,5.0,3,5.0,558.0,753.0,43.0,49.0,2.0,2.0,2700.0,22.536025,88.35469,1,3.0,0,0,1,0,0,0,0,2.0,0,1,0,2.0,1,0,3.0,0,0,1,0,164.0,27,380.0,3.8
0.0,238.0,3.0,6,4.0,1003.0,528.0,43.0,45.0,1.0,2.0,1203.0,22.5106194,88.305858,1,3.0,0,0,1,0,0,0,0,0.0,0,0,0,2.0,1,0,3.0,0,0,1,0,286.0,27,263.0,0.58
0.0,238.0,3.0,6,4.0,1003.0,529.0,43.0,38.0,1.0,2.0,1217.0,22.509326,88.301471,1,3.0,0,0,1,0,0,0,0,0.0,0,0,0,2.0,1,0,3.0,0,0,1,0,286.0,27,264.0,0.6
0.0,129.0,2.0,2,5.0,1436.0,99.0,42.0,40.0,1.0,3.0,1252.0,22.507655,88.29985,1,3.0,0,0,1,0,0,0,0,0.0,0,0,0,2.0,1,0,3.0,0,0,1,0,287.0,27,55.0,0.65
0.0,261.0,4.0,2,5.0,1436.0,657.0,42.0,40.0,2.0,3.0,1637.0,22.507655,88.29985,1,3.0,0,0,1,0,0,0,0,2.0,0,1,0,2.0,1,0,3.0,0,0,1,0,287.0,27,55.0,0.88
0.0,237.0,3.0,6,4.0,1003.0,529.0,43.0,38.0,1.0,3.0,1427.0,22.509326,88.301471,1,3.0,0,0,1,0,0,0,0,0.0,0,0,0,2.0,1,0,3.0,0,0,1,0,286.0,27,264.0,0.72
0.0,100.0,2.0,1,3.0,1003.0,238.0,43.0,50.0,1.0,1.0,727.0,22.510782,88.31135,1,2.0,0,1,0,0,0,0,0,0.0,0,0,0,2.0,1,0,3.0,0,0,1,0,286.0,27,264.0,0.24
0.0,241.0,3.0,1,3.0,1003.0,529.0,43.0,38.0,1.0,2.0,985.0,22.51232,88.30284,1,4.0,0,0,0,1,0,0,0,0.0,0,0,0,2.0,1,0,3.0,0,0,1,0,286.0,27,264.0,0.34
0.0,1735.0,2.0,1,3.0,1003.0,238.0,43.0,38.0,1.0,3.0,1057.0,22.51232,88.30284,1,8.0,0,0,0,0,0,0,1,0.0,0,0,0,2.0,1,0,3.0,0,0,1,0,286.0,27,264.0,0.5
0.0,236.0,3.0,1,3.0,1003.0,529.0,43.0,41.0,1.0,2.0,970.0,22.5048,88.30018,1,3.0,0,0,1,0,0,0,0,0.0,0,0,0,2.0,1,0,3.0,0,0,1,0,287.0,27,264.0,0.41
0.0,3530.0,2.0,1,4.0,1003.0,237.0,43.0,50.0,1.0,1.0,1057.0,22.50449,88.311775,1,8.0,0,0,0,0,0,0,1,0.0,0,0,0,2.0,1,0,3.0,0,0,1,0,286.0,27,263.0,0.36
0.0,102.0,2.0,1,4.0,1003.0,237.0,43.0,40.0,1.0,1.0,857.0,22.5081,88.30044,1,8.0,0,0,0,0,0,0,1,0.0,0,0,0,2.0,1,0,3.0,0,0,1,0,286.0,27,263.0,0.36
0.0,240.0,3.0,1,4.0,1003.0,529.0,43.0,40.0,1.0,2.0,1070.0,22.5081,88.30044,1,1.0,1,0,0,0,0,0,0,0.0,0,0,0,2.0,1,0,3.0,0,0,1,0,286.0,27,264.0,0.45
0.0,102.0,2.0,1,3.0,1003.0,238.0,43.0,40.0,1.0,2.0,790.0,22.506115,88.29973,1,5.0,0,0,0,0,1,0,0,0.0,0,0,0,2.0,1,0,3.0,0,0,1,0,287.0,27,264.0,0.33
0.0,101.0,2.0,1,3.0,1003.0,237.0,43.0,40.0,1.0,2.0,877.0,22.506115,88.29973,1,8.0,0,0,0,0,0,0,1,0.0,0,0,0,2.0,1,0,3.0,0,0,1,0,287.0,27,263.0,0.35
0.0,91.0,2.0,1,2.0,1003.0,238.0,43.0,40.0,1.0,2.0,737.0,22.506193,88.29975,1,5.0,0,0,0,0,1,0,0,0.0,0,0,0,2.0,1,0,3.0,0,0,1,0,287.0,27,264.0,0.245
0.0,102.0,2.0,1,3.0,1003.0,238.0,43.0,38.0,1.0,0.0,805.0,22.51101,88.30254,1,1.0,1,0,0,0,0,0,0,0.0,0,0,0,2.0,1,0,3.0,0,0,1,0,286.0,27,264.0,0.28
0.0,102.0,2.0,1,3.0,1003.0,237.0,43.0,41.0,1.0,3.0,767.0,22.5074,88.30306,1,3.0,0,0,1,0,0,0,0,0.0,0,0,0,2.0,1,0,3.0,0,0,1,0,286.0,27,263.0,0.34
0.0,1303.0,3.0,3,5.0,616.0,584.0,43.0,50.0,3.0,5.0,1630.0,22.5041988739826,88.3456132202107,1,4.0,0,0,0,1,0,0,0,0.0,0,0,0,2.0,1,0,3.0,0,0,1,0,94.0,27,360.0,1.45
0.0,2273.0,2.0,1,9.0,1065.0,174.0,43.0,15.0,1.0,5.0,1170.0,22.630329,88.435034,1,5.0,0,0,0,0,1,0,0,2.0,0,1,0,2.0,1,0,2.0,0,1,0,0,272.0,26,168.0,1.0
0.0,239.0,3.0,6,4.0,1003.0,529.0,43.0,38.0,1.0,2.0,1277.0,22.509326,88.301471,1,3.0,0,0,1,0,0,0,0,0.0,0,0,0,2.0,1,0,3.0,0,0,1,0,286.0,27,264.0,0.65
0.0,88.0,4.0,3,16.0,139.0,720.0,43.0,50.0,1.0,0.0,2600.0,22.5,88.35,0,3.0,0,0,1,0,0,0,0,0.0,0,0,0,2.0,1,0,3.0,0,0,1,0,95.0,27,359.0,1.85
0.0,2371.0,3.0,3,4.0,904.0,598.0,43.0,49.0,1.0,1.0,1300.0,22.536025,88.35469,1,6.0,0,0,0,0,0,1,0,1.0,1,0,0,2.0,1,0,3.0,0,0,1,0,164.0,27,379.0,1.26
0.0,755.0,2.0,1,4.0,1003.0,238.0,43.0,38.0,1.0,1.0,1150.0,22.509326,88.301471,1,3.0,0,0,1,0,0,0,0,0.0,0,0,0,2.0,1,0,3.0,0,0,1,0,286.0,27,264.0,0.48
0.0,289.0,4.0,5,31.0,100.0,681.0,45.0,14.0,2.0,16.0,2838.0,22.59077,88.39231,1,0.0,0,0,0,0,0,0,0,0.0,0,0,0,2.0,1,0,2.0,0,1,0,0,143.0,26,178.0,3.56
0.0,207.0,3.0,1,18.0,56.0,558.0,43.0,50.0,1.0,9.0,1580.0,22.61368,88.414278,1,8.0,0,0,0,0,0,0,1,0.0,0,0,0,2.0,1,0,2.0,0,1,0,0,172.0,26,313.0,1.15
0.0,1311.0,2.0,5,4.0,633.0,90.0,45.0,46.0,1.0,2.0,1125.0,22.47069,88.36166,1,3.0,0,0,1,0,0,0,0,1.0,1,0,0,2.0,1,0,3.0,0,0,1,0,89.0,27,45.0,0.465
0.0,936.0,2.0,6,4.0,321.0,90.0,43.0,46.0,1.0,2.0,946.0,22.47069,88.36166,1,4.0,0,0,0,1,0,0,0,1.0,1,0,0,2.0,1,0,3.0,0,0,1,0,89.0,27,45.0,0.38
0.0,3033.0,2.0,1,4.0,407.0,223.0,43.0,35.0,2.0,2.0,1020.0,22.6006912,88.4694535,1,1.0,1,0,0,0,0,0,0,0.0,0,0,0,2.0,1,0,1.0,1,0,0,0,185.0,28,242.0,0.58
0.0,961.0,2.0,1,4.0,408.0,223.0,43.0,40.0,1.0,1.0,1021.0,22.590801,88.46947,1,1.0,1,0,0,0,0,0,0,0.0,0,0,0,2.0,1,0,1.0,1,0,0,0,86.0,28,242.0,0.58
0.0,2643.0,2.0,1,4.0,408.0,223.0,43.0,40.0,1.0,2.0,920.0,22.590801,88.46947,1,4.0,0,0,0,1,0,0,0,0.0,0,0,0,2.0,1,0,1.0,1,0,0,0,86.0,28,242.0,0.53
0.0,3520.0,2.0,1,4.0,407.0,223.0,43.0,40.0,1.0,3.0,836.0,22.590921,88.46931,1,6.0,0,0,0,0,0,1,0,0.0,0,0,0,2.0,1,0,1.0,1,0,0,0,86.0,28,242.0,0.49
0.0,1650.0,2.0,1,4.0,408.0,223.0,43.0,40.0,1.0,3.0,891.0,22.590921,88.46931,1,7.0,0,0,0,0,0,0,0,0.0,0,0,0,2.0,1,0,1.0,1,0,0,0,86.0,28,242.0,0.52
0.0,958.0,4.0,6,5.0,1704.0,705.0,43.0,15.0,2.0,4.0,2331.0,22.6006912,88.4694535,1,3.0,0,0,1,0,0,0,0,0.0,0,0,0,2.0,1,0,1.0,1,0,0,0,24.0,28,284.0,0.89
0.0,565.0,3.0,5,6.0,1257.0,355.0,45.0,39.0,1.0,4.0,1461.0,22.581047,88.462231,1,3.0,0,0,1,0,0,0,0,0.0,0,0,0,2.0,1,0,1.0,1,0,0,0,86.0,28,2.0,0.78
0.0,1905.0,3.0,6,3.0,949.0,383.0,43.0,47.0,1.0,2.0,1150.0,22.465479,88.377785,1,7.0,0,0,0,0,0,0,0,1.0,1,0,0,2.0,1,0,3.0,0,0,1,0,80.0,27,45.0,0.54
0.0,3991.0,3.0,1,4.0,1285.0,513.0,43.0,26.0,1.0,4.0,1500.0,22.63229,88.45952,1,8.0,0,0,0,0,0,0,1,0.0,0,0,0,2.0,1,0,1.0,1,0,0,0,208.0,28,242.0,0.8
0.0,2454.0,2.0,1,4.0,1285.0,223.0,43.0,26.0,2.0,4.0,1080.0,22.63229,88.45952,1,4.0,0,0,0,1,0,0,0,0.0,0,0,0,2.0,1,0,1.0,1,0,0,0,208.0,28,242.0,0.55
0.0,3090.0,2.0,1,4.0,1285.0,223.0,43.0,26.0,2.0,4.0,1050.0,22.63229,88.45952,1,7.0,0,0,0,0,0,0,0,0.0,0,0,0,2.0,1,0,1.0,1,0,0,0,208.0,28,242.0,0.5
0.0,3089.0,2.0,1,4.0,1285.0,223.0,43.0,28.0,1.0,2.0,1050.0,22.630367,88.459885,1,8.0,0,0,0,0,0,0,1,0.0,0,0,0,2.0,1,0,1.0,1,0,0,0,208.0,28,242.0,0.5
0.0,2455.0,3.0,1,4.0,1285.0,513.0,43.0,28.0,1.0,4.0,1485.0,22.629938,88.460365,1,5.0,0,0,0,0,1,0,0,0.0,0,0,0,2.0,1,0,1.0,1,0,0,0,208.0,28,242.0,0.75
0.0,862.0,3.0,1,4.0,949.0,513.0,43.0,28.0,1.0,4.0,1487.0,22.629938,88.460365,1,7.0,0,0,0,0,0,0,0,0.0,0,0,0,2.0,1,0,1.0,1,0,0,0,208.0,28,242.0,0.75
0.0,1511.0,3.0,1,4.0,1284.0,513.0,43.0,28.0,1.0,1.0,1487.0,22.629938,88.460365,1,6.0,0,0,0,0,0,1,0,0.0,0,0,0,2.0,1,0,1.0,1,0,0,0,208.0,28,242.0,0.75
0.0,1796.0,3.0,1,4.0,1285.0,513.0,43.0,29.0,1.0,4.0,1250.0,22.630157,88.46013,1,2.0,0,1,0,0,0,0,0,0.0,0,0,0,2.0,1,0,1.0,1,0,0,0,208.0,28,242.0,0.65
0.0,3371.0,3.0,1,4.0,1285.0,513.0,43.0,28.0,1.0,3.0,1250.0,22.614555,88.47341,1,6.0,0,0,0,0,0,1,0,0.0,0,0,0,2.0,1,0,1.0,1,0,0,0,209.0,28,242.0,0.65
0.0,861.0,3.0,1,4.0,1285.0,513.0,43.0,28.0,1.0,1.0,1251.0,22.614855,88.473946,1,6.0,0,0,0,0,0,1,0,0.0,0,0,0,2.0,1,0,1.0,1,0,0,0,209.0,28,242.0,0.65
0.0,2568.0,3.0,5,4.0,1578.0,441.0,45.0,50.0,1.0,4.0,1170.0,22.4658051,88.384625,1,3.0,0,0,1,0,0,0,0,0.0,0,0,0,2.0,1,0,3.0,0,0,1,0,80.0,27,126.0,0.7
0.0,1277.0,2.0,3,6.0,356.0,282.0,43.0,6.0,1.0,5.0,916.0,22.83232,88.39675,1,6.0,0,0,0,0,0,1,0,0.0,0,0,0,2.0,1,0,2.0,0,1,0,0,281.0,26,328.0,0.5
0.0,1643.0,1.0,3,3.0,1088.0,8.0,43.0,26.0,1.0,2.0,601.0,22.76743,88.38835,1,4.0,0,0,0,1,0,0,0,0.0,0,0,0,2.0,1,0,2.0,0,1,0,0,217.0,26,51.0,0.125
0.0,3577.0,3.0,1,14.0,1533.0,358.0,43.0,11.0,1.0,2.0,710.0,22.569,88.510296,1,6.0,0,0,0,0,0,1,0,0.0,0,0,0,2.0,1,0,1.0,1,0,0,0,10.0,28,6.0,0.58
0.0,3908.0,3.0,1,5.0,310.0,355.0,43.0,41.0,1.0,1.0,1100.0,22.581047,88.462231,0,5.0,0,0,0,0,1,0,0,0.0,0,0,0,2.0,1,0,1.0,1,0,0,0,86.0,28,2.0,0.68
0.0,499.0,3.0,1,5.0,33.0,595.0,43.0,36.0,1.0,1.0,940.0,22.632687,88.450763,0,1.0,1,0,0,0,0,0,0,0.0,0,0,0,2.0,1,0,1.0,1,0,0,0,183.0,28,375.0,0.66
0.0,3350.0,3.0,1,4.0,949.0,476.0,43.0,49.0,1.0,4.0,1234.0,22.593868,88.43133,1,3.0,0,0,1,0,0,0,0,0.0,0,0,0,2.0,1,0,2.0,0,1,0,0,75.0,26,181.0,0.58
0.0,848.0,3.0,1,22.0,998.0,513.0,43.0,30.0,1.0,16.0,1500.0,22.57539,88.47979,1,3.0,0,0,1,0,0,0,0,2.0,0,1,0,2.0,1,0,1.0,1,0,0,0,86.0,28,242.0,1.75
0.0,1667.0,2.0,1,4.0,949.0,223.0,43.0,33.0,1.0,2.0,1050.0,22.457914,88.3707,1,3.0,0,0,1,0,0,0,0,0.0,0,0,0,2.0,1,0,1.0,1,0,0,0,78.0,28,242.0,0.51
0.0,738.0,2.0,1,4.0,949.0,61.0,43.0,33.0,1.0,1.0,1257.0,22.457914,88.3707,1,1.0,1,0,0,0,0,0,0,3.0,0,0,1,2.0,1,0,1.0,1,0,0,0,78.0,28,2.0,0.71
0.0,3864.0,2.0,1,4.0,949.0,61.0,43.0,33.0,1.0,3.0,1150.0,22.457914,88.3707,1,1.0,1,0,0,0,0,0,0,3.0,0,0,1,2.0,1,0,1.0,1,0,0,0,78.0,28,2.0,0.64
0.0,3267.0,3.0,1,4.0,949.0,513.0,43.0,33.0,1.0,1.0,1240.0,22.457914,88.3707,1,1.0,1,0,0,0,0,0,0,3.0,0,0,1,2.0,1,0,1.0,1,0,0,0,78.0,28,242.0,0.73
0.0,2630.0,2.0,1,3.0,949.0,61.0,43.0,33.0,1.0,1.0,1100.0,22.457914,88.3707,1,0.0,0,0,0,0,0,0,0,0.0,0,0,0,2.0,1,0,1.0,1,0,0,0,78.0,28,2.0,0.66
0.0,1282.0,2.0,2,4.0,1019.0,295.0,43.0,49.0,1.0,4.0,800.0,22.61662,88.405065,1,6.0,0,0,0,0,0,1,0,0.0,0,0,0,2.0,1,0,2.0,0,1,0,0,74.0,26,347.0,0.25
0.0,1760.0,3.0,2,13.0,80.0,513.0,43.0,35.0,3.0,11.0,2600.0,22.6006912,88.4694535,1,7.0,0,0,0,0,0,0,0,3.0,0,0,1,2.0,1,0,1.0,1,0,0,0,185.0,28,242.0,2.5
0.0,3330.0,3.0,2,10.0,568.0,370.0,43.0,14.0,2.0,1.0,1585.0,22.637897,88.456113,1,7.0,0,0,0,0,0,0,0,2.0,0,1,0,2.0,1,0,1.0,1,0,0,0,21.0,28,30.0,0.9
0.0,3354.0,3.0,1,4.0,949.0,513.0,43.0,39.0,1.0,3.0,1241.0,22.5844,88.46941,1,7.0,0,0,0,0,0,0,0,0.0,0,0,0,2.0,1,0,1.0,1,0,0,0,86.0,28,242.0,0.65
0.0,2029.0,2.0,1,4.0,1261.0,287.0,43.0,25.0,1.0,2.0,600.0,22.69924,88.38115,1,7.0,0,0,0,0,0,0,0,0.0,0,0,0,2.0,1,0,2.0,0,1,0,0,200.0,26,335.0,0.1375
0.0,2082.0,2.0,6,4.0,950.0,123.0,43.0,39.0,1.0,4.0,820.0,22.6235821,88.4410411,1,4.0,0,0,0,1,0,0,0,0.0,0,0,0,2.0,1,0,1.0,1,0,0,0,183.0,28,86.0,0.32
0.0,97.0,2.0,3,5.0,800.0,123.0,43.0,39.0,1.0,3.0,980.0,22.6235821,88.4410411,1,5.0,0,0,0,0,1,0,0,2.0,0,1,0,2.0,1,0,1.0,1,0,0,0,183.0,28,86.0,0.47
0.0,868.0,3.0,5,19.0,1399.0,542.0,44.0,8.0,2.0,9.0,1413.0,22.625582,88.490761,1,6.0,0,0,0,0,0,1,0,0.0,0,0,0,2.0,1,0,1.0,1,0,0,0,118.0,28,284.0,0.88
0.0,2629.0,2.0,1,4.0,949.0,61.0,43.0,44.0,1.0,3.0,1257.0,22.494986,88.40792,1,3.0,0,0,1,0,0,0,0,3.0,0,0,1,2.0,1,0,1.0,1,0,0,0,188.0,28,2.0,0.7
0.0,3977.0,3.0,1,5.0,949.0,355.0,43.0,37.0,1.0,1.0,1450.0,22.581863,88.47162,1,0.0,0,0,0,0,0,0,0,0.0,0,0,0,2.0,1,0,1.0,1,0,0,0,86.0,28,2.0,0.87
0.0,812.0,3.0,2,13.0,570.0,390.0,43.0,18.0,1.0,3.0,1445.0,22.4622978,88.3062939,1,3.0,0,0,1,0,0,0,0,2.0,0,1,0,2.0,1,0,3.0,0,0,1,0,213.0,27,55.0,0.92
0.0,1728.0,2.0,1,2.0,949.0,182.0,43.0,50.0,1.0,2.0,675.0,22.509327,88.397545,1,5.0,0,0,0,0,1,0,0,0.0,0,0,0,2.0,1,0,3.0,0,0,1,0,192.0,27,179.0,0.405
0.0,2591.0,2.0,1,2.0,949.0,182.0,43.0,50.0,1.0,2.0,650.0,22.509327,88.397545,1,8.0,0,0,0,0,0,0,1,0.0,0,0,0,2.0,1,0,3.0,0,0,1,0,192.0,27,179.0,0.39
0.0,2114.0,2.0,1,2.0,949.0,182.0,43.0,50.0,0.0,0.0,560.0,22.509327,88.397545,1,6.0,0,0,0,0,0,1,0,0.0,0,0,0,2.0,1,0,3.0,0,0,1,0,192.0,27,179.0,0.336
0.0,1791.0,3.0,6,18.0,1060.0,513.0,42.0,15.0,1.0,10.0,1196.0,22.582182,88.487992,1,4.0,0,0,0,1,0,0,0,0.0,0,0,0,2.0,1,0,1.0,1,0,0,0,234.0,28,242.0,1.2
0.0,2136.0,3.0,1,3.0,949.0,474.0,43.0,50.0,1.0,2.0,1140.0,22.508604,88.39828,1,5.0,0,0,0,0,1,0,0,0.0,0,0,0,2.0,1,0,3.0,0,0,1,0,192.0,27,179.0,0.7068000000000001
0.0,1724.0,2.0,1,4.0,949.0,142.0,43.0,50.0,1.0,2.0,895.0,22.508604,88.39828,1,2.0,0,1,0,0,0,0,0,0.0,0,0,0,2.0,1,0,3.0,0,0,1,0,192.0,27,116.0,0.495
0.0,1730.0,2.0,1,4.0,950.0,317.0,43.0,50.0,1.0,2.0,898.0,22.508604,88.39828,1,3.0,0,0,1,0,0,0,0,0.0,0,0,0,2.0,1,0,3.0,0,0,1,0,192.0,27,389.0,0.555
0.0,845.0,3.0,1,4.0,950.0,605.0,43.0,50.0,1.0,1.0,1250.0,22.506744,88.393845,1,3.0,0,0,1,0,0,0,0,0.0,0,0,0,2.0,1,0,3.0,0,0,1,0,192.0,27,389.0,0.76
0.0,2682.0,2.0,1,3.0,949.0,317.0,43.0,50.0,1.0,1.0,900.0,22.506765,88.39375,1,5.0,0,0,0,0,1,0,0,0.0,0,0,0,2.0,1,0,3.0,0,0,1,0,192.0,27,389.0,0.495
0.0,1725.0,2.0,1,4.0,950.0,142.0,43.0,50.0,1.0,3.0,900.0,22.5066824,88.3937473,1,3.0,0,0,1,0,0,0,0,0.0,0,0,0,2.0,1,0,3.0,0,0,1,0,192.0,27,116.0,0.555
0.0,1794.0,3.0,1,5.0,1141.0,542.0,42.0,38.0,2.0,1.0,1064.0,22.632044,88.454049,1,8.0,0,0,0,0,0,0,1,0.0,0,0,0,2.0,1,0,1.0,1,0,0,0,183.0,28,284.0,0.45
0.0,1671.0,2.0,1,5.0,1141.0,252.0,42.0,38.0,1.0,2.0,679.0,22.632044,88.454049,1,5.0,0,0,0,0,1,0,0,0.0,0,0,0,2.0,1,0,1.0,1,0,0,0,183.0,28,284.0,0.29
0.0,1223.0,3.0,1,3.0,1495.0,614.0,43.0,50.0,1.0,3.0,900.0,22.4658051,88.384625,1,1.0,1,0,0,0,0,0,0,0.0,0,0,0,1.0,0,0,3.0,0,0,1,0,80.0,27,126.0,0.285
0.0,1224.0,3.0,1,3.0,1395.0,610.0,43.0,46.0,1.0,1.0,1217.0,22.47069,88.36166,1,1.0,1,0,0,0,0,0,0,3.0,0,0,1,1.0,0,0,3.0,0,0,1,0,89.0,27,45.0,0.47
0.0,918.0,2.0,1,6.0,295.0,184.0,43.0,49.0,1.0,5.0,870.0,22.597569,88.433155,1,6.0,0,0,0,0,0,1,0,0.0,0,0,0,2.0,1,0,2.0,0,1,0,0,75.0,26,181.0,0.42
0.0,2175.0,2.0,1,21.0,983.0,76.0,42.0,49.0,1.0,10.0,1007.0,22.612664,88.377414,1,6.0,0,0,0,0,0,1,0,0.0,0,0,0,2.0,1,0,2.0,0,1,0,0,71.0,26,28.0,0.62
0.0,708.0,2.0,1,4.0,363.0,252.0,43.0,25.0,1.0,3.0,1080.0,22.625498,88.49064,1,1.0,1,0,0,0,0,0,0,0.0,0,0,0,2.0,1,0,1.0,1,0,0,0,214.0,28,284.0,0.41
0.0,2367.0,2.0,1,5.0,1141.0,252.0,42.0,38.0,1.0,4.0,754.0,22.632044,88.454049,1,1.0,1,0,0,0,0,0,0,0.0,0,0,0,2.0,1,0,1.0,1,0,0,0,183.0,28,284.0,0.28
0.0,3888.0,2.0,1,5.0,1142.0,252.0,43.0,35.0,1.0,4.0,607.0,22.6006912,88.4694535,1,8.0,0,0,0,0,0,0,1,2.0,0,1,0,2.0,1,0,1.0,1,0,0,0,185.0,28,284.0,0.28
0.0,761.0,2.0,1,5.0,1142.0,252.0,43.0,29.0,1.0,2.0,760.0,22.592888,88.480804,1,7.0,0,0,0,0,0,0,0,0.0,0,0,0,2.0,1,0,1.0,1,0,0,0,86.0,28,284.0,0.3
0.0,3226.0,3.0,1,33.0,440.0,513.0,42.0,15.0,1.0,12.0,1426.0,22.567405,88.517943,1,6.0,0,0,0,0,0,1,0,1.0,1,0,0,2.0,1,0,1.0,1,0,0,0,263.0,28,242.0,1.12
0.0,1417.0,2.0,6,21.0,983.0,76.0,42.0,24.0,1.0,10.0,1007.0,22.685536,88.375889,1,1.0,1,0,0,0,0,0,0,0.0,0,0,0,2.0,1,0,2.0,0,1,0,0,204.0,26,28.0,0.6
0.0,1247.0,2.0,2,3.0,1636.0,330.0,43.0,50.0,1.0,3.0,750.0,22.4658051,88.384625,1,1.0,1,0,0,0,0,0,0,1.0,1,0,0,1.0,0,0,3.0,0,0,1,0,80.0,27,126.0,0.2
0.0,1214.0,2.0,2,3.0,666.0,330.0,43.0,50.0,0.0,0.0,520.0,22.4658051,88.384625,1,8.0,0,0,0,0,0,0,1,0.0,0,0,0,1.0,0,0,3.0,0,0,1,0,80.0,27,126.0,0.115
0.0,649.0,2.0,5,11.0,867.0,193.0,45.0,26.0,1.0,1.0,900.0,22.694737,88.452862,1,6.0,0,0,0,0,0,1,0,0.0,0,0,0,2.0,1,0,2.0,0,1,0,0,200.0,26,195.0,0.435
0.0,1423.0,4.0,6,10.0,129.0,663.0,42.0,5.0,2.0,8.0,2187.0,22.6223821,88.4408435,1,4.0,0,0,0,1,0,0,0,0.0,0,0,0,2.0,1,0,1.0,1,0,0,0,22.0,28,86.0,2.1
0.0,2551.0,3.0,6,7.0,40.0,424.0,43.0,50.0,1.0,4.0,1958.0,22.522198,88.3533023,1,5.0,0,0,0,0,1,0,0,0.0,0,0,0,2.0,1,0,3.0,0,0,1,0,90.0,27,103.0,2.38
0.0,3415.0,4.0,6,7.0,40.0,666.0,43.0,50.0,1.0,1.0,2109.0,22.5180297,88.3500093,1,3.0,0,0,1,0,0,0,0,0.0,0,0,0,2.0,1,0,3.0,0,0,1,0,90.0,27,103.0,2.5
0.0,1221.0,2.0,1,3.0,677.0,339.0,43.0,37.0,1.0,1.0,780.0,22.483347,88.41258,1,6.0,0,0,0,0,0,1,0,0.0,0,0,0,1.0,0,0,3.0,0,0,1,0,88.0,27,236.0,0.295
0.0,1220.0,2.0,1,3.0,675.0,321.0,43.0,37.0,1.0,3.0,780.0,22.483347,88.41258,1,3.0,0,0,1,0,0,0,0,0.0,0,0,0,1.0,0,0,3.0,0,0,1,0,88.0,27,9.0,0.285
0.0,1267.0,2.0,1,2.0,1324.0,330.0,43.0,34.0,1.0,1.0,675.0,22.459543,88.36946,1,3.0,0,0,1,0,0,0,0,0.0,0,0,0,1.0,0,0,3.0,0,0,1,0,78.0,27,126.0,0.23
0.0,1216.0,2.0,1,2.0,1320.0,330.0,43.0,34.0,1.0,2.0,625.0,22.459543,88.36946,1,4.0,0,0,0,1,0,0,0,0.0,0,0,0,1.0,0,0,3.0,0,0,1,0,78.0,27,126.0,0.215
0.0,1225.0,2.0,1,2.0,1307.0,330.0,43.0,34.0,1.0,2.0,550.0,22.459372,88.369064,1,6.0,0,0,0,0,0,1,0,0.0,0,0,0,1.0,0,0,3.0,0,0,1,0,78.0,27,126.0,0.165
0.0,1218.0,2.0,1,3.0,1552.0,330.0,43.0,28.0,1.0,2.0,725.0,22.451696,88.371666,1,4.0,0,0,0,1,0,0,0,0.0,0,0,0,1.0,0,0,3.0,0,0,1,0,78.0,27,126.0,0.215
0.0,1222.0,2.0,1,3.0,1478.0,330.0,43.0,25.0,1.0,3.0,753.0,22.451765,88.3736,1,1.0,1,0,0,0,0,0,0,0.0,0,0,0,1.0,0,0,3.0,0,0,1,0,74.0,27,126.0,0.25
0.0,765.0,2.0,1,9.0,1183.0,214.0,43.0,28.0,2.0,6.0,977.0,22.641954,88.467615,1,3.0,0,0,1,0,0,0,0,0.0,0,0,0,2.0,1,0,2.0,0,1,0,0,208.0,26,230.0,0.45
0.0,3400.0,4.0,1,23.0,102.0,695.0,42.0,15.0,2.0,0.0,3029.0,22.581199,88.461896,1,4.0,0,0,0,1,0,0,0,0.0,0,0,0,2.0,1,0,1.0,1,0,0,0,145.0,28,242.0,3.95
0.0,1219.0,2.0,6,3.0,1282.0,330.0,43.0,25.0,1.0,1.0,791.0,22.4501464,88.3718703,1,3.0,0,0,1,0,0,0,0,0.0,0,0,0,1.0,0,0,3.0,0,0,1,0,74.0,27,126.0,0.235
0.0,3852.0,2.0,1,4.0,949.0,182.0,43.0,50.0,2.0,2.0,850.0,22.511625,88.38873,1,3.0,0,0,1,0,0,0,0,0.0,0,0,0,2.0,1,0,3.0,0,0,1,0,192.0,27,179.0,0.36
0.0,2135.0,2.0,3,3.0,949.0,182.0,43.0,50.0,1.0,1.0,1000.0,22.511625,88.38873,1,5.0,0,0,0,0,1,0,0,1.0,1,0,0,2.0,1,0,3.0,0,0,1,0,192.0,27,179.0,0.48
0.0,1984.0,3.0,1,5.0,1180.0,359.0,43.0,23.0,1.0,5.0,850.0,22.6856028,88.3869675,1,3.0,0,0,1,0,0,0,0,0.0,0,0,0,2.0,1,0,2.0,0,1,0,0,200.0,26,7.0,0.3
0.0,1217.0,2.0,6,3.0,1496.0,325.0,43.0,46.0,1.0,1.0,700.0,22.47069,88.36166,1,1.0,1,0,0,0,0,0,0,0.0,0,0,0,1.0,0,0,3.0,0,0,1,0,89.0,27,45.0,0.235
0.0,3537.0,2.0,1,4.0,237.0,252.0,43.0,10.0,1.0,3.0,770.0,22.654268,88.4549,1,1.0,1,0,0,0,0,0,0,0.0,0,0,0,2.0,1,0,1.0,1,0,0,0,117.0,28,284.0,0.26
0.0,3219.0,3.0,1,4.0,237.0,542.0,43.0,10.0,1.0,4.0,1150.0,22.654268,88.4549,1,8.0,0,0,0,0,0,0,1,0.0,0,0,0,2.0,1,0,1.0,1,0,0,0,117.0,28,284.0,0.4
0.0,1566.0,2.0,1,4.0,963.0,254.0,43.0,26.0,1.0,2.0,1100.0,22.62927,88.48963,1,4.0,0,0,0,1,0,0,0,0.0,0,0,0,2.0,1,0,1.0,1,0,0,0,209.0,28,286.0,0.34
0.0,742.0,2.0,1,4.0,949.0,318.0,43.0,25.0,1.0,3.0,790.0,22.630875,88.49355,1,8.0,0,0,0,0,0,0,1,0.0,0,0,0,2.0,1,0,1.0,1,0,0,0,214.0,28,390.0,0.25
0.0,1658.0,2.0,1,4.0,730.0,252.0,43.0,35.0,1.0,3.0,890.0,22.6006912,88.4694535,1,5.0,0,0,0,0,1,0,0,0.0,0,0,0,2.0,1,0,1.0,1,0,0,0,185.0,28,284.0,0.32
0.0,2694.0,2.0,1,4.0,730.0,252.0,43.0,41.0,1.0,1.0,840.0,22.61852,88.44082,1,8.0,0,0,0,0,0,0,1,0.0,0,0,0,2.0,1,0,1.0,1,0,0,0,183.0,28,284.0,0.3
0.0,3025.0,2.0,1,4.0,130.0,252.0,43.0,25.0,1.0,3.0,1002.0,22.622932,88.49311,1,6.0,0,0,0,0,0,1,0,0.0,0,0,0,2.0,1,0,1.0,1,0,0,0,214.0,28,284.0,0.42
0.0,2081.0,2.0,1,4.0,949.0,63.0,43.0,25.0,1.0,3.0,970.0,22.622932,88.49311,1,5.0,0,0,0,0,1,0,0,0.0,0,0,0,2.0,1,0,1.0,1,0,0,0,214.0,28,4.0,0.53
0.0,3344.0,3.0,1,4.0,949.0,357.0,43.0,34.0,1.0,3.0,1240.0,22.629501,88.457794,1,2.0,0,1,0,0,0,0,0,0.0,0,0,0,2.0,1,0,1.0,1,0,0,0,183.0,28,4.0,0.63
0.0,2687.0,2.0,1,6.0,458.0,252.0,42.0,7.0,1.0,1.0,898.0,22.641998,88.466071,1,3.0,0,0,1,0,0,0,0,0.0,0,0,0,2.0,1,0,1.0,1,0,0,0,146.0,28,284.0,0.43
0.0,2841.0,2.0,5,4.0,1111.0,182.0,45.0,50.0,1.0,0.0,615.0,22.52412,88.379333,1,0.0,0,0,0,0,0,0,0,0.0,0,0,0,2.0,1,0,3.0,0,0,1,0,197.0,27,179.0,0.28
0.0,2840.0,1.0,5,4.0,1111.0,29.0,45.0,50.0,1.0,4.0,500.0,22.52412,88.379333,1,0.0,0,0,0,0,0,0,0,0.0,0,0,0,2.0,1,0,3.0,0,0,1,0,197.0,27,179.0,0.12
0.0,858.0,3.0,2,2.0,1173.0,465.0,43.0,50.0,1.0,2.0,1000.0,22.501435,88.396652,1,1.0,1,0,0,0,0,0,0,1.0,1,0,0,2.0,1,0,3.0,0,0,1,0,188.0,27,169.0,0.48
0.0,3649.0,3.0,1,11.0,722.0,542.0,43.0,9.0,1.0,3.0,1249.0,22.6006912,88.4694535,1,3.0,0,0,1,0,0,0,0,0.0,0,0,0,2.0,1,0,1.0,1,0,0,0,228.0,28,284.0,0.64
0.0,3037.0,2.0,1,6.0,458.0,252.0,42.0,7.0,1.0,1.0,800.0,22.6006912,88.4694535,1,3.0,0,0,1,0,0,0,0,0.0,0,0,0,2.0,1,0,1.0,1,0,0,0,146.0,28,284.0,0.42
0.0,1802.0,3.0,1,19.0,1399.0,542.0,42.0,8.0,1.0,3.0,1265.0,22.6006912,88.4694535,1,3.0,0,0,1,0,0,0,0,0.0,0,0,0,2.0,1,0,1.0,1,0,0,0,118.0,28,284.0,0.83
0.0,941.0,1.0,1,24.0,58.0,48.0,42.0,3.0,2.0,1.0,540.0,22.737306,88.351315,1,0.0,0,0,0,0,0,0,0,3.0,0,0,1,2.0,1,0,4.0,0,0,0,1,54.0,29,321.0,0.215
0.0,4216.0,2.0,5,7.0,1484.0,193.0,44.0,9.0,1.0,1.0,811.0,22.693866990132,88.487184633088,1,0.0,0,0,0,0,0,0,0,0.0,0,0,0,2.0,1,0,2.0,0,1,0,0,231.0,26,195.0,0.3507
0.0,2900.0,2.0,5,4.0,1557.0,147.0,45.0,50.0,1.0,2.0,613.0,22.4658051,88.384625,1,8.0,0,0,0,0,0,0,1,0.0,0,0,0,2.0,1,0,3.0,0,0,1,0,80.0,27,126.0,0.195
0.0,1917.0,3.0,5,11.0,1423.0,486.0,44.0,8.0,1.0,1.0,1059.0,22.698023,88.438331,1,0.0,0,0,0,0,0,0,0,3.0,0,0,1,2.0,1,0,2.0,0,1,0,0,118.0,26,195.0,0.4236
0.0,1953.0,3.0,5,20.0,1546.0,504.0,44.0,10.0,1.0,1.0,820.0,22.39216,88.41722,1,0.0,0,0,0,0,0,0,0,0.0,0,0,0,2.0,1,0,3.0,0,0,1,0,227.0,27,231.0,0.5108
0.0,1918.0,2.0,5,11.0,1423.0,193.0,44.0,8.0,1.0,1.0,852.0,22.698023,88.438331,1,0.0,0,0,0,0,0,0,0,0.0,0,0,0,2.0,1,0,2.0,0,1,0,0,118.0,26,195.0,0.3323
0.0,1293.0,1.0,5,11.0,215.0,33.0,45.0,27.0,1.0,7.0,575.0,22.690003,88.45908,1,0.0,0,0,0,0,0,0,0,0.0,0,0,0,2.0,1,0,2.0,0,1,0,0,200.0,26,195.0,0.24
0.0,2028.0,1.0,5,4.0,1565.0,45.0,45.0,35.0,1.0,2.0,513.0,22.6006912,88.4694535,1,1.0,1,0,0,0,0,0,0,0.0,0,0,0,2.0,1,0,1.0,1,0,0,0,185.0,28,284.0,0.1795
0.0,2031.0,2.0,5,5.0,636.0,123.0,45.0,38.0,1.0,3.0,789.0,22.624672,88.440065,1,6.0,0,0,0,0,0,1,0,0.0,0,0,0,2.0,1,0,1.0,1,0,0,0,180.0,28,86.0,0.3550999999999999
0.0,1900.0,3.0,6,6.0,1259.0,542.0,43.0,37.0,1.0,2.0,1387.0,22.631537,88.452075,1,5.0,0,0,0,0,1,0,0,3.0,0,0,1,2.0,1,0,1.0,1,0,0,0,183.0,28,284.0,0.75
0.0,576.0,2.0,1,15.0,1108.0,172.0,42.0,15.0,1.0,7.0,813.0,22.447584,88.299034,1,6.0,0,0,0,0,0,1,0,3.0,0,0,1,2.0,1,0,3.0,0,0,1,0,67.0,27,166.0,0.53
0.0,1902.0,3.0,5,7.0,1047.0,356.0,45.0,28.0,1.0,2.0,1383.0,22.60134,88.471506,1,5.0,0,0,0,0,1,0,0,0.0,0,0,0,2.0,1,0,1.0,1,0,0,0,185.0,28,3.0,0.9633
0.0,1901.0,2.0,5,7.0,1047.0,62.0,45.0,28.0,1.0,1.0,976.0,22.60134,88.471506,1,5.0,0,0,0,0,1,0,0,0.0,0,0,0,2.0,1,0,1.0,1,0,0,0,185.0,28,3.0,0.69
0.0,571.0,3.0,5,18.0,42.0,583.0,45.0,50.0,1.0,2.0,1012.0,22.5,88.35,1,6.0,0,0,0,0,0,1,0,0.0,0,0,0,2.0,1,0,3.0,0,0,1,0,95.0,27,359.0,1.0
0.0,1902.0,4.0,5,7.0,1047.0,646.0,45.0,28.0,1.0,1.0,1867.0,22.60134,88.471506,1,1.0,1,0,0,0,0,0,0,0.0,0,0,0,2.0,1,0,1.0,1,0,0,0,185.0,28,3.0,1.28
0.0,2791.0,2.0,5,17.0,1449.0,172.0,45.0,12.0,1.0,1.0,880.0,22.4439029807,88.2978736068,1,5.0,0,0,0,0,1,0,0,0.0,0,0,0,2.0,1,0,3.0,0,0,1,0,41.0,27,166.0,0.42
0.0,4086.0,2.0,5,4.0,218.0,184.0,45.0,46.0,1.0,1.0,1001.0,22.597819424373,88.438383821081,1,6.0,0,0,0,0,0,1,0,0.0,0,0,0,2.0,1,0,2.0,0,1,0,0,1.0,26,181.0,0.6
0.0,1182.0,4.0,5,35.0,1700.0,695.0,44.0,11.0,1.0,2.0,1969.0,22.583537,88.494279,1,1.0,1,0,0,0,0,0,0,0.0,0,0,0,2.0,1,0,1.0,1,0,0,0,60.0,28,242.0,2.65
0.0,2744.0,2.0,5,7.0,574.0,215.0,45.0,18.0,1.0,1.0,771.0,22.44792,88.40389,1,5.0,0,0,0,0,1,0,0,0.0,0,0,0,2.0,1,0,3.0,0,0,1,0,201.0,27,231.0,0.27
0.0,2944.0,1.0,6,5.0,682.0,7.0,43.0,12.0,1.0,2.0,502.0,22.7358049,88.4616753,1,5.0,0,0,0,0,1,0,0,0.0,0,0,0,2.0,1,0,2.0,0,1,0,0,275.0,26,48.0,0.1406
0.0,2944.0,1.0,6,5.0,682.0,7.0,43.0,12.0,1.0,1.0,390.0,22.7358049,88.4616753,1,5.0,0,0,0,0,1,0,0,0.0,0,0,0,2.0,1,0,2.0,0,1,0,0,275.0,26,48.0,0.1092
0.0,560.0,3.0,5,11.0,453.0,385.0,44.0,11.0,1.0,1.0,987.0,22.740226,88.483812,1,5.0,0,0,0,0,1,0,0,0.0,0,0,0,2.0,1,0,2.0,0,1,0,0,114.0,26,48.0,0.3652
0.0,2017.0,3.0,5,4.0,1417.0,499.0,45.0,38.0,1.0,1.0,1165.0,22.492181,88.410705,1,3.0,0,0,1,0,0,0,0,0.0,0,0,0,2.0,1,0,3.0,0,0,1,0,188.0,27,219.0,0.6058
0.0,1281.0,2.0,1,4.0,1287.0,136.0,43.0,49.0,1.0,2.0,600.0,22.61631,88.40235,1,6.0,0,0,0,0,0,1,0,0.0,0,0,0,2.0,1,0,2.0,0,1,0,0,71.0,26,110.0,0.23
0.0,1407.0,3.0,5,3.0,1650.0,387.0,45.0,26.0,1.0,3.0,1110.0,22.76743,88.38835,1,6.0,0,0,0,0,0,1,0,0.0,0,0,0,2.0,1,0,2.0,0,1,0,0,217.0,26,51.0,0.2996999999999999
0.0,714.0,2.0,1,3.0,475.0,146.0,43.0,49.0,0.0,0.0,650.0,22.47181,88.37459,1,7.0,0,0,0,0,0,0,0,0.0,0,0,0,2.0,1,0,3.0,0,0,1,0,80.0,27,124.0,0.2698
0.0,1705.0,2.0,5,3.0,1650.0,96.0,45.0,26.0,1.0,1.0,710.0,22.76743,88.38835,1,7.0,0,0,0,0,0,0,0,0.0,0,0,0,2.0,1,0,2.0,0,1,0,0,217.0,26,51.0,0.1917
0.0,1820.0,3.0,1,4.0,679.0,387.0,43.0,26.0,2.0,4.0,1308.0,22.76743,88.38835,1,3.0,0,0,1,0,0,0,0,0.0,0,0,0,2.0,1,0,2.0,0,1,0,0,217.0,26,51.0,0.4774
0.0,720.0,2.0,1,4.0,679.0,96.0,43.0,26.0,2.0,4.0,1000.0,22.76743,88.38835,1,1.0,1,0,0,0,0,0,0,0.0,0,0,0,2.0,1,0,2.0,0,1,0,0,217.0,26,51.0,0.365
0.0,1686.0,2.0,1,4.0,679.0,96.0,43.0,26.0,1.0,4.0,860.0,22.76743,88.38835,1,7.0,0,0,0,0,0,0,0,0.0,0,0,0,2.0,1,0,2.0,0,1,0,0,217.0,26,51.0,0.3139
0.0,477.0,5.0,3,3.0,19.0,754.0,43.0,49.0,3.0,7.186177797390473,1850.0,22.497313,88.322952,1,3.0,0,0,1,0,0,0,0,0.0,0,0,0,0.0,0,0,3.0,0,0,1,0,287.0,27,159.0,0.85
0.0,1988.0,4.0,2,4.0,1598.0,670.0,43.0,50.0,1.0,3.0,1200.0,22.611275,88.417336,1,4.0,0,0,0,1,0,0,0,1.0,1,0,0,2.0,1,0,2.0,0,1,0,0,172.0,26,113.0,0.75
0.0,2883.0,3.0,2,4.0,1512.0,387.0,43.0,27.0,1.0,3.0,1015.0,22.7648958,88.3761973,1,3.0,0,0,1,0,0,0,0,0.0,0,0,0,2.0,1,0,2.0,0,1,0,0,217.0,26,51.0,0.375
0.0,2219.0,3.0,1,5.0,1018.0,432.0,43.0,49.0,3.0,3.0,1080.0,22.608946,88.41679,1,1.0,1,0,0,0,0,0,0,0.0,0,0,0,2.0,1,0,2.0,0,1,0,0,172.0,26,113.0,0.713
0.0,1365.0,2.0,1,7.0,164.0,139.0,43.0,49.0,1.0,4.0,800.0,22.608946,88.41679,1,1.0,1,0,0,0,0,0,0,0.0,0,0,0,2.0,1,0,2.0,0,1,0,0,172.0,26,113.0,0.5565
0.0,1366.0,2.0,1,7.0,164.0,139.0,43.0,50.0,1.0,5.0,686.0,22.628988,88.41674,1,7.0,0,0,0,0,0,0,0,0.0,0,0,0,2.0,1,0,2.0,0,1,0,0,182.0,26,113.0,0.4696
0.0,1366.0,3.0,1,7.0,164.0,432.0,43.0,50.0,1.0,3.0,1050.0,22.628988,88.41674,1,8.0,0,0,0,0,0,0,1,0.0,0,0,0,2.0,1,0,2.0,0,1,0,0,182.0,26,113.0,0.7261
0.0,3645.0,3.0,1,5.0,107.0,542.0,43.0,26.0,1.0,3.0,1157.0,22.6376691,88.4574686,1,6.0,0,0,0,0,0,1,0,0.0,0,0,0,2.0,1,0,1.0,1,0,0,0,208.0,28,284.0,0.4045
0.0,2697.0,2.0,1,4.0,1135.0,252.0,43.0,8.0,1.0,4.0,792.0,22.628546,88.481735,1,7.0,0,0,0,0,0,0,0,0.0,0,0,0,2.0,1,0,1.0,1,0,0,0,118.0,28,284.0,0.2812
0.0,3918.0,3.0,1,5.0,107.0,370.0,43.0,26.0,1.0,4.0,1255.0,22.6379697,88.4573663,1,3.0,0,0,1,0,0,0,0,0.0,0,0,0,2.0,1,0,1.0,1,0,0,0,208.0,28,30.0,0.439
0.0,1645.0,2.0,1,5.0,107.0,78.0,43.0,26.0,1.0,4.0,805.0,22.6387968,88.4578875,1,6.0,0,0,0,0,0,1,0,0.0,0,0,0,2.0,1,0,1.0,1,0,0,0,208.0,28,30.0,0.2817
0.0,2690.0,3.0,1,4.0,664.0,542.0,43.0,28.0,1.0,4.0,1034.0,22.6347966,88.4823447,1,6.0,0,0,0,0,0,1,0,0.0,0,0,0,2.0,1,0,1.0,1,0,0,0,208.0,28,284.0,0.34
0.0,760.0,2.0,1,4.0,1135.0,252.0,43.0,8.0,1.0,2.0,881.0,22.628546,88.481735,1,5.0,0,0,0,0,1,0,0,0.0,0,0,0,2.0,1,0,1.0,1,0,0,0,118.0,28,284.0,0.313
0.0,2003.0,2.0,1,4.0,18.0,221.0,43.0,41.0,1.0,1.0,945.0,22.585785,88.46386,1,8.0,0,0,0,0,0,0,1,0.0,0,0,0,2.0,1,0,2.0,0,1,0,0,86.0,26,239.0,0.2175
0.0,2013.0,3.0,1,4.0,18.0,486.0,43.0,41.0,1.0,3.0,1091.0,22.585785,88.46386,1,2.0,0,1,0,0,0,0,0,0.0,0,0,0,2.0,1,0,2.0,0,1,0,0,86.0,26,195.0,0.251
0.0,2011.0,2.0,1,3.0,18.0,193.0,43.0,41.0,1.0,1.0,894.0,22.585785,88.46386,1,7.0,0,0,0,0,0,0,0,0.0,0,0,0,2.0,1,0,2.0,0,1,0,0,86.0,26,195.0,0.215
0.0,2016.0,3.0,1,4.0,18.0,510.0,43.0,41.0,2.0,3.0,1055.0,22.585785,88.46386,1,4.0,0,0,0,1,0,0,0,0.0,0,0,0,2.0,1,0,2.0,0,1,0,0,86.0,26,239.0,0.2955
0.0,1353.0,2.0,1,4.0,664.0,252.0,43.0,28.0,1.0,4.0,750.0,22.6347693,88.4823136,1,3.0,0,0,1,0,0,0,0,0.0,0,0,0,2.0,1,0,1.0,1,0,0,0,208.0,28,284.0,0.242
0.0,3051.0,2.0,1,4.0,730.0,252.0,43.0,41.0,1.0,3.0,840.0,22.61852,88.44082,1,7.0,0,0,0,0,0,0,0,0.0,0,0,0,2.0,1,0,1.0,1,0,0,0,183.0,28,284.0,0.294
0.0,2008.0,2.0,1,3.0,18.0,221.0,43.0,41.0,1.0,1.0,750.0,22.585785,88.46386,1,2.0,0,1,0,0,0,0,0,0.0,0,0,0,2.0,1,0,2.0,0,1,0,0,86.0,26,239.0,0.1951
0.0,1569.0,1.0,1,4.0,237.0,45.0,43.0,10.0,1.0,3.0,560.0,22.654268,88.4549,1,4.0,0,0,0,1,0,0,0,0.0,0,0,0,2.0,1,0,1.0,1,0,0,0,117.0,28,284.0,0.1736
0.0,3538.0,2.0,1,4.0,237.0,252.0,43.0,10.0,1.0,3.0,990.0,22.654268,88.4549,1,6.0,0,0,0,0,0,1,0,0.0,0,0,0,2.0,1,0,1.0,1,0,0,0,117.0,28,284.0,0.3069
0.0,3646.0,3.0,1,4.0,237.0,542.0,43.0,10.0,1.0,1.0,1150.0,22.654268,88.4549,1,5.0,0,0,0,0,1,0,0,0.0,0,0,0,2.0,1,0,1.0,1,0,0,0,117.0,28,284.0,0.3565
0.0,3544.0,2.0,1,4.0,1221.0,252.0,43.0,26.0,1.0,3.0,1065.0,22.628872,88.48953,1,6.0,0,0,0,0,0,1,0,0.0,0,0,0,2.0,1,0,1.0,1,0,0,0,209.0,28,284.0,0.3089
0.0,2435.0,2.0,1,4.0,1221.0,252.0,43.0,28.0,1.0,4.0,776.0,22.63465,88.482346,1,1.0,1,0,0,0,0,0,0,0.0,0,0,0,2.0,1,0,1.0,1,0,0,0,208.0,28,284.0,0.225
0.0,2434.0,2.0,1,4.0,1221.0,252.0,43.0,28.0,1.0,4.0,680.0,22.63465,88.482346,1,7.0,0,0,0,0,0,0,0,0.0,0,0,0,2.0,1,0,1.0,1,0,0,0,208.0,28,284.0,0.1972
0.0,3086.0,2.0,1,4.0,1221.0,252.0,43.0,28.0,1.0,2.0,881.0,22.63465,88.482346,1,1.0,1,0,0,0,0,0,0,0.0,0,0,0,2.0,1,0,1.0,1,0,0,0,208.0,28,284.0,0.2555
0.0,1976.0,3.0,2,4.0,1559.0,363.0,43.0,50.0,1.0,4.0,900.0,22.617764,88.4089922,1,3.0,0,0,1,0,0,0,0,1.0,1,0,0,2.0,1,0,2.0,0,1,0,0,84.0,26,11.0,0.45
0.0,1295.0,3.0,6,21.0,726.0,525.0,43.0,49.0,1.0,2.0,1600.0,22.6148078,88.3894769,1,7.0,0,0,0,0,0,0,0,0.0,0,0,0,2.0,1,0,2.0,0,1,0,0,72.0,26,258.0,1.55
0.0,3411.0,4.0,3,3.0,1524.0,726.0,43.0,50.0,1.0,3.0,1500.0,22.5226995,88.3671083,1,1.0,1,0,0,0,0,0,0,0.0,0,0,0,1.0,0,0,3.0,0,0,1,0,203.0,27,129.0,0.65
0.0,2457.0,2.0,5,12.0,1139.0,172.0,44.0,16.0,2.0,1.0,925.0,22.45142485865,88.302085970769,1,5.0,0,0,0,0,1,0,0,0.0,0,0,0,2.0,1,0,3.0,0,0,1,0,213.0,27,166.0,0.3756
0.0,2018.0,2.0,5,4.0,773.0,252.0,45.0,35.0,1.0,2.0,670.0,22.6006912,88.4694535,1,5.0,0,0,0,0,1,0,0,0.0,0,0,0,2.0,1,0,1.0,1,0,0,0,185.0,28,284.0,0.2345
0.0,1661.0,2.0,1,5.0,894.0,313.0,43.0,37.0,1.0,1.0,800.0,22.582096,88.47181,1,7.0,0,0,0,0,0,0,0,0.0,0,0,0,2.0,1,0,1.0,1,0,0,0,86.0,28,376.0,0.65
0.0,1657.0,2.0,2,10.0,578.0,223.0,43.0,37.0,1.0,6.0,650.0,22.582096,88.47181,1,8.0,0,0,0,0,0,0,1,0.0,0,0,0,2.0,1,0,1.0,1,0,0,0,86.0,28,242.0,0.65
0.0,280.0,4.0,6,17.0,778.0,699.0,42.0,12.0,2.0,10.0,1947.0,22.6145807,88.3908608,1,3.0,0,0,1,0,0,0,0,0.0,0,0,0,2.0,1,0,2.0,0,1,0,0,132.0,26,258.0,1.45
0.0,516.0,2.672021502414428,0,3.0,1482.0,787.0,27.0,15.0,1.2297135143990388,3.753961788353753,1439.0,22.6006912,88.4694535,1,0.0,0,0,0,0,0,0,0,3.0,0,0,1,3.0,0,1,1.0,1,0,0,0,226.0,28,242.0,0.074
0.0,1887.0,4.0,1,14.0,645.0,665.0,43.0,3.0,1.0,5.0,1987.0,22.612555,88.377032,1,4.0,0,0,0,1,0,0,0,0.0,0,0,0,2.0,1,0,2.0,0,1,0,0,27.0,26,92.0,1.5
0.0,2188.0,3.0,6,24.0,1397.0,369.0,42.0,8.0,1.0,3.0,1635.0,22.6458047,88.3822337,1,1.0,1,0,0,0,0,0,0,0.0,0,0,0,2.0,1,0,2.0,0,1,0,0,118.0,26,28.0,1.06
0.0,2188.0,3.0,6,24.0,1397.0,369.0,42.0,8.0,1.0,16.0,865.0,22.612664,88.377414,1,4.0,0,0,0,1,0,0,0,0.0,0,0,0,2.0,1,0,2.0,0,1,0,0,118.0,26,28.0,0.78
0.0,290.0,4.0,1,4.0,949.0,695.0,43.0,49.0,2.0,1.0,2200.0,22.482876,88.39109,1,1.0,1,0,0,0,0,0,0,0.0,0,0,0,2.0,1,0,1.0,1,0,0,0,79.0,28,242.0,1.7
0.0,2020.0,3.0,1,4.0,629.0,568.0,43.0,25.0,1.0,2.0,875.0,22.69924,88.38115,1,7.0,0,0,0,0,0,0,0,0.0,0,0,0,2.0,1,0,2.0,0,1,0,0,200.0,26,335.0,0.225
0.0,2012.0,2.0,1,4.0,18.0,193.0,43.0,26.0,1.0,1.0,706.0,22.694737,88.452862,1,3.0,0,0,1,0,0,0,0,0.0,0,0,0,2.0,1,0,2.0,0,1,0,0,200.0,26,195.0,0.159
0.0,2014.0,3.0,1,4.0,18.0,486.0,43.0,26.0,1.0,2.0,1245.0,22.694737,88.452862,1,3.0,0,0,1,0,0,0,0,0.0,0,0,0,2.0,1,0,2.0,0,1,0,0,200.0,26,195.0,0.374
0.0,2010.0,2.0,1,3.0,18.0,165.0,43.0,26.0,1.0,1.0,799.0,22.702937,88.469075,1,3.0,0,0,1,0,0,0,0,0.0,0,0,0,2.0,1,0,2.0,0,1,0,0,213.0,26,156.0,0.208
0.0,2009.0,2.0,1,4.0,18.0,221.0,43.0,19.0,1.0,4.0,703.0,22.68682,88.44281,1,3.0,0,0,1,0,0,0,0,0.0,0,0,0,2.0,1,0,2.0,0,1,0,0,35.0,26,239.0,0.193
0.0,305.0,3.0,3,3.0,1268.0,644.0,43.0,45.0,2.0,4.8951240068106525,900.0,22.6245232,88.3881782,1,6.0,0,0,0,0,0,1,0,3.0,0,0,1,0.0,0,0,2.0,0,1,0,0,71.0,26,338.0,1.1
0.0,1263.0,3.0,3,2.0,613.0,630.0,43.0,25.0,1.0,3.6326304081644,1980.0,22.715388,88.378133,1,3.0,0,0,1,0,0,0,0,1.0,1,0,0,0.0,0,0,2.0,0,1,0,0,200.0,26,63.0,1.4
0.0,809.0,3.0,1,4.0,461.0,542.0,43.0,49.0,2.0,4.0,1024.0,22.605898,88.441646,1,6.0,0,0,0,0,0,1,0,0.0,0,0,0,2.0,1,0,1.0,1,0,0,0,3.0,28,284.0,0.461
0.0,3262.0,3.0,1,4.0,949.0,514.0,43.0,41.0,1.0,4.0,1250.0,22.581047,88.462231,1,3.0,0,0,1,0,0,0,0,0.0,0,0,0,2.0,1,0,1.0,1,0,0,0,86.0,28,243.0,0.7
0.0,1578.0,2.0,1,4.0,1135.0,252.0,43.0,8.0,1.0,4.0,885.0,22.627761,88.481057,1,7.0,0,0,0,0,0,0,0,0.0,0,0,0,2.0,1,0,1.0,1,0,0,0,118.0,28,284.0,0.315
0.0,3210.0,3.0,1,7.0,151.0,542.0,43.0,7.0,1.0,6.0,1188.0,22.639155,88.472916,1,5.0,0,0,0,0,1,0,0,0.0,0,0,0,2.0,1,0,1.0,1,0,0,0,18.0,28,284.0,0.43
0.0,1280.0,6.0,3,3.0,294.0,762.0,43.0,50.0,1.0,5.175470696064748,1656.0,22.601,88.374,1,3.0,0,0,1,0,0,0,0,1.0,1,0,0,0.0,0,0,2.0,0,1,0,0,71.0,26,326.0,1.3
0.0,1284.0,2.0,1,5.0,623.0,281.0,43.0,49.0,1.0,2.0,820.0,22.613895,88.411807,1,6.0,0,0,0,0,0,1,0,0.0,0,0,0,2.0,1,0,2.0,0,1,0,0,172.0,26,327.0,0.49
0.0,1183.0,7.0,2,3.0,1020.0,765.0,43.0,49.0,4.0,9.47723158797029,1260.0,22.5723279,88.3888062,1,3.0,0,0,1,0,0,0,0,1.0,1,0,0,0.0,0,0,2.0,0,1,0,0,50.0,26,267.0,1.55
0.0,557.0,3.0,1,10.0,129.0,413.0,42.0,5.0,1.0,1.0,1399.0,22.623806,88.44083,1,4.0,0,0,0,1,0,0,0,0.0,0,0,0,2.0,1,0,1.0,1,0,0,0,22.0,28,86.0,1.21
0.0,2332.0,2.672021502414428,0,3.0,1212.0,783.0,25.0,15.0,1.2297135143990388,3.753961788353753,1440.0,22.4439029807,88.2978736068,1,5.0,0,0,0,0,1,0,0,3.0,0,0,1,3.0,0,1,3.0,0,0,1,0,276.0,27,166.0,0.024
0.0,2039.0,3.0,6,5.0,2.0,596.0,43.0,36.0,1.0,1.0,900.0,22.632687,88.450763,0,8.0,0,0,0,0,0,0,1,0.0,0,0,0,2.0,1,0,1.0,1,0,0,0,183.0,28,377.0,0.75
0.0,3299.0,3.0,2,21.0,1600.0,356.0,43.0,22.0,1.0,8.0,1555.0,22.582101,88.493805,1,3.0,0,0,1,0,0,0,0,2.0,0,1,0,2.0,1,0,1.0,1,0,0,0,196.0,28,3.0,1.28
0.0,1779.0,3.0,1,4.0,949.0,513.0,43.0,41.0,1.0,1.0,1240.0,22.581179,88.45669,1,5.0,0,0,0,0,1,0,0,0.0,0,0,0,2.0,1,0,1.0,1,0,0,0,85.0,28,242.0,0.75
0.0,2145.0,2.0,1,4.0,949.0,61.0,43.0,41.0,1.0,2.0,1100.0,22.581179,88.45669,1,1.0,1,0,0,0,0,0,0,0.0,0,0,0,2.0,1,0,1.0,1,0,0,0,85.0,28,2.0,0.65
0.0,2856.0,2.672021502414428,0,4.0,536.0,776.0,16.0,11.0,1.2297135143990388,3.753961788353753,2159.0,22.569,88.510296,1,1.0,1,0,0,0,0,0,0,3.0,0,0,1,3.0,0,1,1.0,1,0,0,0,10.0,28,6.0,1.3
0.0,500.0,2.672021502414428,0,4.0,536.0,776.0,43.0,11.0,1.2297135143990388,3.753961788353753,1619.0,22.569,88.510296,1,1.0,1,0,0,0,0,0,0,3.0,0,0,1,3.0,0,1,1.0,1,0,0,0,10.0,28,6.0,0.92
0.0,892.0,4.0,6,10.0,129.0,663.0,42.0,5.0,2.0,9.0,2187.0,22.622998,88.441203,1,4.0,0,0,0,1,0,0,0,0.0,0,0,0,2.0,1,0,1.0,1,0,0,0,22.0,28,86.0,2.0
0.0,2171.0,2.672021502414428,0,3.0,1482.0,787.0,27.0,15.0,1.2297135143990388,3.753961788353753,1439.0,22.6006912,88.4694535,1,0.0,0,0,0,0,0,0,0,3.0,0,0,1,3.0,0,1,1.0,1,0,0,0,226.0,28,242.0,0.1369999999999999
0.0,2617.0,2.0,6,4.0,1119.0,215.0,42.0,10.0,1.0,4.0,915.0,22.43483,88.398326,1,6.0,0,0,0,0,0,1,0,0.0,0,0,0,2.0,1,0,3.0,0,0,1,0,243.0,27,231.0,0.3843
0.0,3231.0,3.0,6,6.0,458.0,542.0,42.0,7.0,2.0,4.0,1580.0,22.641998,88.466071,1,5.0,0,0,0,0,1,0,0,0.0,0,0,0,2.0,1,0,1.0,1,0,0,0,146.0,28,284.0,0.72
0.0,4004.0,3.0,6,6.0,458.0,542.0,42.0,7.0,2.0,4.0,1319.0,22.641998,88.466071,1,3.0,0,0,1,0,0,0,0,0.0,0,0,0,2.0,1,0,1.0,1,0,0,0,146.0,28,284.0,0.6
0.0,2688.0,2.0,6,6.0,458.0,252.0,42.0,7.0,2.0,3.0,990.0,22.641998,88.466071,1,1.0,1,0,0,0,0,0,0,0.0,0,0,0,2.0,1,0,1.0,1,0,0,0,146.0,28,284.0,0.45
0.0,1652.0,2.0,6,6.0,458.0,252.0,42.0,7.0,2.0,4.0,1150.0,22.641998,88.466071,1,3.0,0,0,1,0,0,0,0,0.0,0,0,0,2.0,1,0,1.0,1,0,0,0,146.0,28,284.0,0.53
0.0,1641.0,1.0,1,3.0,403.0,8.0,43.0,26.0,1.0,0.0,465.0,22.76743,88.38835,1,1.0,1,0,0,0,0,0,0,1.0,1,0,0,2.0,1,0,2.0,0,1,0,0,217.0,26,51.0,0.14
0.0,2027.0,2.0,5,23.0,975.0,172.0,45.0,12.0,1.0,20.0,830.0,22.4439029807,88.2978736068,1,6.0,0,0,0,0,0,1,0,0.0,0,0,0,2.0,1,0,3.0,0,0,1,0,41.0,27,166.0,0.475
0.0,1254.0,3.0,5,23.0,976.0,462.0,44.0,8.0,1.0,10.0,1058.0,22.441052,88.289201,1,3.0,0,0,1,0,0,0,0,0.0,0,0,0,2.0,1,0,3.0,0,0,1,0,118.0,27,166.0,0.63
0.0,3098.0,2.0,1,14.0,1533.0,65.0,43.0,11.0,1.0,7.0,750.0,22.569,88.510296,1,1.0,1,0,0,0,0,0,0,0.0,0,0,0,2.0,1,0,1.0,1,0,0,0,10.0,28,6.0,0.34
0.0,403.0,3.0,1,3.0,949.0,465.0,43.0,50.0,1.0,3.0,1100.0,22.4982976,88.394025,1,1.0,1,0,0,0,0,0,0,1.0,1,0,0,2.0,1,0,3.0,0,0,1,0,192.0,27,169.0,0.37
0.0,50.0,2.0,1,7.0,39.0,147.0,42.0,28.0,1.0,1.0,1076.0,22.451837,88.388476,1,2.0,0,1,0,0,0,0,0,0.0,0,0,0,2.0,1,0,3.0,0,0,1,0,74.0,27,126.0,0.66
0.0,1919.0,3.0,1,11.0,1278.0,377.0,43.0,50.0,1.0,9.0,1972.0,22.524857,88.37145,1,8.0,0,0,0,0,0,0,1,0.0,0,0,0,2.0,1,0,3.0,0,0,1,0,212.0,27,39.0,2.1
0.0,266.0,3.0,3,6.0,1501.0,571.0,43.0,50.0,1.0,4.0,1450.0,22.50954,88.34632,1,2.0,0,1,0,0,0,0,0,1.0,1,0,0,2.0,1,0,3.0,0,0,1,0,94.0,27,340.0,1.47
0.0,4136.0,1.0,5,4.0,773.0,45.0,45.0,35.0,1.0,4.0,451.0,22.6006912,88.4694535,1,0.0,0,0,0,0,0,0,0,0.0,0,0,0,2.0,1,0,1.0,1,0,0,0,185.0,28,284.0,0.1578
0.0,4194.0,2.672021502414428,0,3.0,1209.0,795.0,18.0,21.0,1.2297135143990388,3.753961788353753,1440.0,22.46408,88.3054,1,3.0,0,0,1,0,0,0,0,3.0,0,0,1,3.0,0,1,3.0,0,0,1,0,213.0,27,357.0,0.02
0.0,835.0,3.0,1,4.0,949.0,425.0,43.0,50.0,1.0,1.0,1050.0,22.5148038,88.3688527,1,1.0,1,0,0,0,0,0,0,0.0,0,0,0,2.0,1,0,3.0,0,0,1,0,204.0,27,104.0,0.39
0.0,174.0,3.0,3,15.0,1463.0,578.0,43.0,50.0,1.0,7.0,1130.0,22.4942925,88.3378129,1,6.0,0,0,0,0,0,1,0,2.0,0,1,0,2.0,1,0,3.0,0,0,1,0,159.0,27,352.0,0.75
0.0,3437.0,5.0,1,19.0,83.0,741.0,43.0,49.0,4.0,10.0,3620.0,22.477388,88.400489,1,1.0,1,0,0,0,0,0,0,1.0,1,0,0,2.0,1,0,3.0,0,0,1,0,77.0,27,82.0,2.65
0.0,3937.0,3.0,1,19.0,83.0,435.0,43.0,42.0,1.0,15.0,2404.0,22.548114,88.4004968,1,1.0,1,0,0,0,0,0,0,1.0,1,0,0,2.0,1,0,3.0,0,0,1,0,193.0,27,116.0,1.7
0.0,2307.0,3.0,6,5.0,1632.0,371.0,43.0,49.0,1.0,1.0,1019.0,22.61604,88.430169,1,1.0,1,0,0,0,0,0,0,0.0,0,0,0,2.0,1,0,2.0,0,1,0,0,174.0,26,33.0,0.3567
0.0,2308.0,2.0,6,5.0,1632.0,81.0,43.0,49.0,1.0,1.0,740.0,22.61604,88.430169,1,8.0,0,0,0,0,0,0,1,0.0,0,0,0,2.0,1,0,2.0,0,1,0,0,174.0,26,33.0,0.259
0.0,4139.0,1.0,6,5.0,1632.0,5.0,43.0,49.0,0.0,1.0,584.0,22.61604,88.430169,1,5.0,0,0,0,0,1,0,0,0.0,0,0,0,2.0,1,0,2.0,0,1,0,0,174.0,26,33.0,0.2044
0.0,944.0,3.0,1,4.0,365.0,502.0,43.0,25.0,1.0,4.0,1180.0,22.455568,88.364334,1,4.0,0,0,0,1,0,0,0,0.0,0,0,0,2.0,1,0,3.0,0,0,1,0,89.0,27,227.0,0.75
0.0,3476.0,2.0,1,4.0,720.0,124.0,43.0,14.0,1.0,3.0,840.0,22.624996,88.49144,1,1.0,1,0,0,0,0,0,0,0.0,0,0,0,2.0,1,0,1.0,1,0,0,0,19.0,28,89.0,0.41
0.0,3934.0,3.0,1,4.0,720.0,416.0,43.0,14.0,2.0,2.0,1228.0,22.624996,88.49144,1,1.0,1,0,0,0,0,0,0,0.0,0,0,0,2.0,1,0,1.0,1,0,0,0,19.0,28,89.0,0.47
0.0,3542.0,2.0,1,4.0,730.0,252.0,43.0,35.0,1.0,4.0,899.0,22.6006912,88.4694535,1,1.0,1,0,0,0,0,0,0,0.0,0,0,0,2.0,1,0,1.0,1,0,0,0,185.0,28,284.0,0.3057
0.0,770.0,2.0,1,4.0,1224.0,318.0,43.0,28.0,1.0,2.0,778.0,22.628334,88.4836,1,3.0,0,0,1,0,0,0,0,0.0,0,0,0,2.0,1,0,1.0,1,0,0,0,208.0,28,390.0,0.23
0.0,3885.0,2.0,1,4.0,730.0,252.0,43.0,41.0,1.0,3.0,890.0,22.61852,88.44082,1,1.0,1,0,0,0,0,0,0,0.0,0,0,0,2.0,1,0,1.0,1,0,0,0,183.0,28,284.0,0.311
0.0,1649.0,2.0,1,4.0,234.0,252.0,43.0,26.0,1.0,3.0,840.0,22.628962,88.48984,1,4.0,0,0,0,1,0,0,0,0.0,0,0,0,2.0,1,0,1.0,1,0,0,0,209.0,28,284.0,0.2772
0.0,3087.0,2.0,1,4.0,1222.0,253.0,43.0,26.0,1.0,4.0,1041.0,22.628962,88.48984,1,1.0,1,0,0,0,0,0,0,0.0,0,0,0,2.0,1,0,1.0,1,0,0,0,209.0,28,285.0,0.3123
0.0,476.0,3.0,3,3.0,20.0,632.0,43.0,50.0,3.0,6.157617605456906,925.0,22.5129808,88.3360765,1,3.0,0,0,1,0,0,0,0,2.0,0,1,0,0.0,0,0,3.0,0,0,1,0,92.0,27,85.0,0.9
0.0,3482.0,2.0,5,4.0,639.0,136.0,45.0,25.0,1.0,2.0,642.0,22.715388,88.378133,1,6.0,0,0,0,0,0,1,0,0.0,0,0,0,2.0,1,0,2.0,0,1,0,0,200.0,26,110.0,0.2226
0.0,2999.0,1.0,5,4.0,638.0,49.0,45.0,25.0,1.0,2.0,424.0,22.715388,88.378133,1,4.0,0,0,0,1,0,0,0,0.0,0,0,0,2.0,1,0,2.0,0,1,0,0,200.0,26,322.0,0.1484
0.0,1151.0,3.0,6,14.0,400.0,462.0,42.0,15.0,2.0,14.0,1370.0,22.440842,88.298127,1,6.0,0,0,0,0,0,1,0,0.0,0,0,0,2.0,1,0,3.0,0,0,1,0,109.0,27,166.0,0.78
0.0,3048.0,2.0,5,4.0,640.0,278.0,45.0,25.0,1.0,1.0,588.0,22.715388,88.378133,1,3.0,0,0,1,0,0,0,0,0.0,0,0,0,2.0,1,0,2.0,0,1,0,0,200.0,26,322.0,0.2057999999999999
0.0,4226.0,2.0,6,4.0,454.0,93.0,43.0,15.0,1.0,1.0,1039.0,22.734735,88.508479,1,5.0,0,0,0,0,1,0,0,0.0,0,0,0,2.0,1,0,2.0,0,1,0,0,252.0,26,48.0,0.34
0.0,4137.0,3.0,6,7.0,1364.0,390.0,43.0,15.0,1.0,4.0,1280.0,22.484282,88.338415,1,6.0,0,0,0,0,0,1,0,0.0,0,0,0,2.0,1,0,3.0,0,0,1,0,136.0,27,55.0,0.685
0.0,1154.0,2.0,1,3.0,532.0,96.0,43.0,27.0,1.0,3.0,800.0,22.7635167,88.3779382,1,1.0,1,0,0,0,0,0,0,0.0,0,0,0,2.0,1,0,2.0,0,1,0,0,217.0,26,51.0,0.24
0.0,802.0,3.0,1,4.0,365.0,502.0,43.0,50.0,1.0,1.0,1230.0,22.49652,88.396,1,1.0,1,0,0,0,0,0,0,0.0,0,0,0,2.0,1,0,3.0,0,0,1,0,188.0,27,227.0,0.85
0.0,3887.0,2.0,1,4.0,741.0,252.0,43.0,35.0,1.0,4.0,1002.0,22.6006912,88.4694535,1,3.0,0,0,1,0,0,0,0,0.0,0,0,0,2.0,1,0,1.0,1,0,0,0,185.0,28,284.0,0.369
0.0,803.0,3.0,1,4.0,366.0,511.0,43.0,50.0,1.0,1.0,981.0,22.49652,88.396,1,3.0,0,0,1,0,0,0,0,0.0,0,0,0,2.0,1,0,3.0,0,0,1,0,188.0,27,240.0,0.49
0.0,945.0,2.0,1,4.0,366.0,222.0,43.0,50.0,1.0,2.0,771.0,22.49652,88.396,1,8.0,0,0,0,0,0,0,1,0.0,0,0,0,2.0,1,0,3.0,0,0,1,0,188.0,27,240.0,0.39
0.0,1857.0,3.0,1,4.0,949.0,507.0,43.0,49.0,1.0,2.0,1357.0,22.484062,88.390884,1,1.0,1,0,0,0,0,0,0,0.0,0,0,0,2.0,1,0,3.0,0,0,1,0,91.0,27,236.0,0.62
0.0,3161.0,2.0,1,5.0,949.0,184.0,43.0,49.0,1.0,3.0,776.0,22.492863,88.396255,1,2.0,0,1,0,0,0,0,0,0.0,0,0,0,2.0,1,0,2.0,0,1,0,0,188.0,26,181.0,0.3492
0.0,2604.0,2.0,1,5.0,949.0,184.0,43.0,47.0,1.0,2.0,842.0,22.591682,88.43201,1,2.0,0,1,0,0,0,0,0,0.0,0,0,0,2.0,1,0,2.0,0,1,0,0,75.0,26,181.0,0.374
0.0,3069.0,2.0,1,5.0,949.0,184.0,43.0,49.0,1.0,2.0,906.0,22.492863,88.396255,1,4.0,0,0,0,1,0,0,0,0.0,0,0,0,2.0,1,0,2.0,0,1,0,0,188.0,26,181.0,0.4078
0.0,2602.0,2.0,1,5.0,949.0,184.0,43.0,47.0,1.0,1.0,786.0,22.591682,88.43201,1,5.0,0,0,0,0,1,0,0,0.0,0,0,0,2.0,1,0,2.0,0,1,0,0,75.0,26,181.0,0.3536999999999999
0.0,4056.0,2.0,1,2.0,1017.0,218.0,43.0,32.0,1.0,1.0,685.0,22.48021,88.414505,1,6.0,0,0,0,0,0,1,0,0.0,0,0,0,2.0,1,0,3.0,0,0,1,0,77.0,27,236.0,0.2534
0.0,3276.0,3.0,1,20.0,1121.0,504.0,42.0,7.0,1.0,10.0,1424.0,22.440427,88.401162,1,3.0,0,0,1,0,0,0,0,0.0,0,0,0,2.0,1,0,3.0,0,0,1,0,153.0,27,231.0,0.7112999999999999
0.0,3613.0,3.0,1,19.0,1121.0,504.0,42.0,7.0,1.0,10.0,1379.0,22.440427,88.401162,1,3.0,0,0,1,0,0,0,0,0.0,0,0,0,2.0,1,0,3.0,0,0,1,0,153.0,27,231.0,0.6888
0.0,151.0,3.0,1,11.0,1736.0,435.0,43.0,9.0,1.0,11.0,1496.0,22.450506,88.392075,1,3.0,0,0,1,0,0,0,0,0.0,0,0,0,2.0,1,0,3.0,0,0,1,0,157.0,27,116.0,0.9
0.0,888.0,3.0,1,11.0,1736.0,435.0,43.0,9.0,2.0,7.0,1665.0,22.450506,88.392075,1,6.0,0,0,0,0,0,1,0,0.0,0,0,0,2.0,1,0,3.0,0,0,1,0,157.0,27,116.0,1.0
0.0,2723.0,2.0,1,4.0,1266.0,287.0,43.0,23.0,1.0,0.0,870.0,22.717134,88.38603,1,1.0,1,0,0,0,0,0,0,0.0,0,0,0,2.0,1,0,2.0,0,1,0,0,200.0,26,335.0,0.261
0.0,2453.0,3.0,1,4.0,1266.0,568.0,43.0,23.0,1.0,1.0,1050.0,22.717134,88.38603,1,2.0,0,1,0,0,0,0,0,0.0,0,0,0,2.0,1,0,2.0,0,1,0,0,200.0,26,335.0,0.315
0.0,1832.0,3.0,1,4.0,1265.0,568.0,43.0,23.0,1.0,4.0,1052.0,22.717134,88.38603,1,6.0,0,0,0,0,0,1,0,0.0,0,0,0,2.0,1,0,2.0,0,1,0,0,200.0,26,335.0,0.3156
0.0,3504.0,2.0,1,4.0,949.0,185.0,43.0,23.0,1.0,3.0,662.0,22.717134,88.38603,1,5.0,0,0,0,0,1,0,0,0.0,0,0,0,2.0,1,0,2.0,0,1,0,0,200.0,26,185.0,0.1655
0.0,3080.0,2.0,1,4.0,949.0,185.0,43.0,23.0,1.0,2.0,660.0,22.717134,88.38603,1,2.0,0,1,0,0,0,0,0,0.0,0,0,0,2.0,1,0,2.0,0,1,0,0,200.0,26,185.0,0.165
0.0,2189.0,1.0,1,4.0,1007.0,31.0,43.0,23.0,1.0,1.0,614.0,22.717203,88.38612,1,1.0,1,0,0,0,0,0,0,0.0,0,0,0,2.0,1,0,2.0,0,1,0,0,200.0,26,185.0,0.1535
0.0,2106.0,2.0,1,4.0,949.0,185.0,43.0,23.0,1.0,1.0,620.0,22.717203,88.38612,1,3.0,0,0,1,0,0,0,0,0.0,0,0,0,2.0,1,0,2.0,0,1,0,0,200.0,26,185.0,0.155
0.0,527.0,3.0,5,13.0,76.0,513.0,44.0,25.0,2.0,7.0,1457.0,22.586873,88.48828,1,1.0,1,0,0,0,0,0,0,0.0,0,0,0,2.0,1,0,1.0,1,0,0,0,87.0,28,242.0,1.32
0.0,267.0,3.0,6,17.0,793.0,583.0,42.0,8.0,1.0,8.0,1479.0,22.489445,88.337073,1,5.0,0,0,0,0,1,0,0,0.0,0,0,0,2.0,1,0,3.0,0,0,1,0,118.0,27,359.0,1.32
0.0,3038.0,2.0,1,5.0,465.0,137.0,43.0,30.0,1.0,2.0,800.0,22.643496,88.40651,1,1.0,1,0,0,0,0,0,0,0.0,0,0,0,2.0,1,0,2.0,0,1,0,0,98.0,26,111.0,0.28
0.0,1145.0,2.0,5,3.0,522.0,147.0,45.0,50.0,1.0,2.0,870.0,22.4658051,88.384625,1,6.0,0,0,0,0,0,1,0,0.0,0,0,0,2.0,1,0,3.0,0,0,1,0,80.0,27,126.0,0.3914999999999999
0.0,2620.0,2.0,1,5.0,1414.0,217.0,43.0,30.0,1.0,4.0,825.0,22.643322,88.40634,1,3.0,0,0,1,0,0,0,0,0.0,0,0,0,2.0,1,0,2.0,0,1,0,0,98.0,26,234.0,0.2723
0.0,1434.0,2.0,1,4.0,1415.0,137.0,43.0,30.0,0.0,4.0,600.0,22.643547,88.40646,1,4.0,0,0,0,1,0,0,0,0.0,0,0,0,2.0,1,0,2.0,0,1,0,0,98.0,26,111.0,0.198
0.0,4099.0,3.0,5,10.0,466.0,372.0,45.0,25.0,2.0,6.0,1590.0,22.715388,88.378133,1,3.0,0,0,1,0,0,0,0,0.0,0,0,0,2.0,1,0,2.0,0,1,0,0,200.0,26,34.0,0.795
0.0,1272.0,3.0,6,4.0,952.0,507.0,43.0,50.0,1.0,1.0,951.0,22.527187,88.33158,1,6.0,0,0,0,0,0,1,0,0.0,0,0,0,2.0,1,0,3.0,0,0,1,0,160.0,27,236.0,0.4089
0.0,375.0,4.0,6,4.0,38.0,667.0,43.0,50.0,1.0,2.0,1925.0,22.5148038,88.3688527,1,6.0,0,0,0,0,0,1,0,0.0,0,0,0,2.0,1,0,3.0,0,0,1,0,204.0,27,104.0,1.0
0.0,98.0,2.0,3,5.0,1501.0,68.0,43.0,50.0,1.0,2.0,980.0,22.5375144,88.331826,1,0.0,0,0,0,0,0,0,0,3.0,0,0,1,2.0,1,0,3.0,0,0,1,0,160.0,27,10.0,0.85
0.0,3830.0,2.0,1,3.0,705.0,96.0,43.0,26.0,1.0,1.0,800.0,22.76743,88.38835,1,6.0,0,0,0,0,0,1,0,0.0,0,0,0,2.0,1,0,2.0,0,1,0,0,217.0,26,51.0,0.28
0.0,1700.0,2.0,3,4.0,1312.0,96.0,43.0,29.0,2.0,4.0,900.0,22.7549647,88.3768393,1,3.0,0,0,1,0,0,0,0,1.0,1,0,0,2.0,1,0,2.0,0,1,0,0,282.0,26,51.0,0.25
0.0,3363.0,3.0,6,18.0,1060.0,513.0,42.0,15.0,1.0,14.0,1150.0,22.582182,88.487992,1,5.0,0,0,0,0,1,0,0,0.0,0,0,0,2.0,1,0,1.0,1,0,0,0,234.0,28,242.0,1.18
0.0,3364.0,3.0,6,18.0,1060.0,513.0,42.0,15.0,1.0,12.0,1409.0,22.582182,88.487992,1,4.0,0,0,0,1,0,0,0,0.0,0,0,0,2.0,1,0,1.0,1,0,0,0,234.0,28,242.0,1.28
0.0,762.0,2.0,1,4.0,1142.0,252.0,43.0,36.0,1.0,4.0,607.0,22.625267,88.447996,1,3.0,0,0,1,0,0,0,0,1.0,1,0,0,2.0,1,0,1.0,1,0,0,0,184.0,28,284.0,0.2794999999999999
0.0,754.0,2.0,1,3.0,1003.0,237.0,43.0,44.0,1.0,0.0,670.0,22.505922,88.30466,1,1.0,1,0,0,0,0,0,0,0.0,0,0,0,2.0,1,0,3.0,0,0,1,0,286.0,27,263.0,0.28
0.0,753.0,2.0,1,3.0,1003.0,237.0,43.0,44.0,1.0,1.0,978.0,22.505922,88.30466,1,3.0,0,0,1,0,0,0,0,0.0,0,0,0,2.0,1,0,3.0,0,0,1,0,286.0,27,263.0,0.43
0.0,1558.0,2.0,1,3.0,1003.0,237.0,43.0,44.0,1.0,3.0,890.0,22.505922,88.30466,1,1.0,1,0,0,0,0,0,0,0.0,0,0,0,2.0,1,0,3.0,0,0,1,0,286.0,27,263.0,0.34
0.0,1559.0,2.0,1,3.0,1003.0,237.0,43.0,42.0,1.0,1.0,710.0,22.499973,88.30295,1,5.0,0,0,0,0,1,0,0,0.0,0,0,0,2.0,1,0,3.0,0,0,1,0,287.0,27,263.0,0.27
0.0,3875.0,2.0,1,3.0,1003.0,237.0,43.0,42.0,1.0,1.0,880.0,22.499973,88.30295,1,1.0,1,0,0,0,0,0,0,0.0,0,0,0,2.0,1,0,3.0,0,0,1,0,287.0,27,263.0,0.34
0.0,1560.0,3.0,1,3.0,1003.0,528.0,43.0,42.0,1.0,2.0,975.0,22.499973,88.30295,1,3.0,0,0,1,0,0,0,0,0.0,0,0,0,2.0,1,0,3.0,0,0,1,0,287.0,27,263.0,0.42
0.0,3529.0,2.0,2,3.0,1003.0,237.0,43.0,41.0,1.0,1.0,740.0,22.50466,88.30022,1,1.0,1,0,0,0,0,0,0,0.0,0,0,0,2.0,1,0,3.0,0,0,1,0,287.0,27,263.0,0.26
0.0,1732.0,2.0,1,3.0,1003.0,237.0,43.0,41.0,1.0,1.0,730.0,22.504911,88.30205,1,1.0,1,0,0,0,0,0,0,0.0,0,0,0,2.0,1,0,3.0,0,0,1,0,287.0,27,263.0,0.315
0.0,3177.0,2.0,1,3.0,1003.0,237.0,43.0,41.0,1.0,3.0,825.0,22.504911,88.30205,1,1.0,1,0,0,0,0,0,0,0.0,0,0,0,2.0,1,0,3.0,0,0,1,0,287.0,27,263.0,0.36
0.0,1733.0,2.0,1,3.0,1003.0,237.0,43.0,40.0,1.0,3.0,770.0,22.50622,88.29975,1,1.0,1,0,0,0,0,0,0,0.0,0,0,0,2.0,1,0,3.0,0,0,1,0,287.0,27,263.0,0.33
0.0,3269.0,3.0,1,3.0,1003.0,528.0,43.0,40.0,1.0,1.0,1300.0,22.50622,88.29975,1,8.0,0,0,0,0,0,0,1,0.0,0,0,0,2.0,1,0,3.0,0,0,1,0,287.0,27,263.0,0.57
0.0,119.0,2.0,3,4.0,1003.0,238.0,43.0,40.0,1.0,3.0,870.0,22.505917,88.29983,1,8.0,0,0,0,0,0,0,1,0.0,0,0,0,2.0,1,0,3.0,0,0,1,0,287.0,27,264.0,0.26
0.0,2019.0,2.0,1,3.0,1243.0,287.0,43.0,25.0,1.0,2.0,720.0,22.69924,88.38115,1,6.0,0,0,0,0,0,1,0,0.0,0,0,0,2.0,1,0,2.0,0,1,0,0,200.0,26,335.0,0.17
0.0,3644.0,3.0,2,3.0,949.0,535.0,43.0,50.0,1.0,2.0,1450.0,22.507603,88.39057,1,7.0,0,0,0,0,0,0,0,0.0,0,0,0,2.0,1,0,2.0,0,1,0,0,192.0,26,274.0,0.66
0.0,3258.0,3.0,2,4.0,949.0,435.0,43.0,50.0,1.0,4.0,1850.0,22.507603,88.39057,1,6.0,0,0,0,0,0,1,0,0.0,0,0,0,2.0,1,0,3.0,0,0,1,0,192.0,27,116.0,1.2
0.0,2132.0,3.0,2,4.0,949.0,435.0,43.0,50.0,1.0,1.0,1260.0,22.495846,88.396835,1,4.0,0,0,0,1,0,0,0,0.0,0,0,0,2.0,1,0,2.0,0,1,0,0,188.0,26,116.0,0.85
0.0,2524.0,3.0,2,3.0,949.0,365.0,43.0,50.0,1.0,1.0,1530.0,22.495846,88.396835,1,1.0,1,0,0,0,0,0,0,0.0,0,0,0,2.0,1,0,3.0,0,0,1,0,188.0,27,15.0,0.75
0.0,3543.0,2.0,1,5.0,1141.0,252.0,42.0,35.0,1.0,4.0,679.0,22.6006912,88.4694535,1,7.0,0,0,0,0,0,0,0,0.0,0,0,0,2.0,1,0,1.0,1,0,0,0,185.0,28,284.0,0.2515
0.0,1579.0,2.0,1,5.0,1141.0,252.0,42.0,31.0,1.0,2.0,754.0,22.627163,88.47798,1,5.0,0,0,0,0,1,0,0,0.0,0,0,0,2.0,1,0,1.0,1,0,0,0,208.0,28,284.0,0.27
0.0,1777.0,3.0,1,12.0,546.0,355.0,43.0,41.0,2.0,8.0,1560.0,22.581047,88.462231,0,4.0,0,0,0,1,0,0,0,0.0,0,0,0,2.0,1,0,1.0,1,0,0,0,86.0,28,2.0,1.15
0.0,3369.0,3.0,1,5.0,1141.0,542.0,42.0,31.0,2.0,2.0,1462.0,22.627285,88.47833,1,5.0,0,0,0,0,1,0,0,0.0,0,0,0,2.0,1,0,1.0,1,0,0,0,208.0,28,284.0,0.542
0.0,1793.0,3.0,1,5.0,1141.0,542.0,42.0,35.0,2.0,1.0,1064.0,22.6006912,88.4694535,1,2.0,0,1,0,0,0,0,0,0.0,0,0,0,2.0,1,0,1.0,1,0,0,0,185.0,28,284.0,0.395
0.0,2113.0,2.0,3,4.0,949.0,182.0,43.0,50.0,1.0,2.0,1000.0,22.5113,88.38682,1,4.0,0,0,0,1,0,0,0,3.0,0,0,1,2.0,1,0,3.0,0,0,1,0,192.0,27,179.0,0.55
0.0,3954.0,3.0,1,4.0,949.0,468.0,43.0,50.0,1.0,4.0,1500.0,22.511208,88.38653,1,3.0,0,0,1,0,0,0,0,0.0,0,0,0,2.0,1,0,3.0,0,0,1,0,192.0,27,173.0,1.05
0.0,258.0,3.0,5,4.0,1582.0,428.0,45.0,50.0,1.0,2.0,1170.0,22.520852,88.357971,1,3.0,0,0,1,0,0,0,0,0.0,0,0,0,2.0,1,0,3.0,0,0,1,0,211.0,27,109.0,1.1
0.0,83.0,3.0,1,4.0,233.0,435.0,43.0,42.0,1.0,3.0,1350.0,22.548114,88.4004968,1,3.0,0,0,1,0,0,0,0,2.0,0,1,0,2.0,1,0,3.0,0,0,1,0,193.0,27,116.0,0.8
0.0,2372.0,3.0,1,4.0,1720.0,441.0,43.0,26.0,1.0,1.0,1100.0,22.449804,88.387653,1,3.0,0,0,1,0,0,0,0,0.0,0,0,0,2.0,1,0,3.0,0,0,1,0,74.0,27,126.0,0.61
0.0,2180.0,2.0,6,5.0,776.0,260.0,42.0,8.0,0.0,4.0,917.0,22.5163349,88.3435843,1,1.0,1,0,0,0,0,0,0,0.0,0,0,0,2.0,1,0,3.0,0,0,1,0,118.0,27,293.0,0.85
0.0,3472.0,2.0,1,3.0,1003.0,99.0,43.0,41.0,1.0,0.0,750.0,22.502068,88.30377,1,8.0,0,0,0,0,0,0,1,0.0,0,0,0,2.0,1,0,3.0,0,0,1,0,287.0,27,55.0,0.2605
0.0,118.0,2.0,1,2.0,1003.0,238.0,43.0,41.0,1.0,0.0,750.0,22.502068,88.30377,1,1.0,1,0,0,0,0,0,0,0.0,0,0,0,2.0,1,0,3.0,0,0,1,0,287.0,27,264.0,0.261
0.0,3919.0,3.0,2,10.0,568.0,370.0,43.0,14.0,1.0,1.0,1585.0,22.6342671,88.4550798,1,7.0,0,0,0,0,0,0,0,2.0,0,1,0,2.0,1,0,1.0,1,0,0,0,21.0,28,30.0,0.89
0.0,1410.0,1.0,1,3.0,1003.0,10.0,43.0,50.0,1.0,1.0,450.0,22.495148,88.31015,1,4.0,0,0,0,1,0,0,0,0.0,0,0,0,2.0,1,0,3.0,0,0,1,0,287.0,27,60.0,0.175
0.0,2536.0,2.0,1,3.0,1003.0,104.0,43.0,50.0,1.0,0.0,870.0,22.495148,88.31015,1,7.0,0,0,0,0,0,0,0,0.0,0,0,0,2.0,1,0,3.0,0,0,1,0,287.0,27,60.0,0.29
0.0,3886.0,2.0,1,4.0,730.0,252.0,43.0,35.0,1.0,1.0,820.0,22.6006912,88.4694535,1,2.0,0,1,0,0,0,0,0,0.0,0,0,0,2.0,1,0,1.0,1,0,0,0,185.0,28,284.0,0.289
0.0,3541.0,2.0,1,4.0,730.0,252.0,43.0,28.0,1.0,3.0,890.0,22.628315,88.483826,1,3.0,0,0,1,0,0,0,0,0.0,0,0,0,2.0,1,0,1.0,1,0,0,0,208.0,28,284.0,0.32
0.0,1561.0,3.0,1,4.0,1003.0,528.0,43.0,38.0,1.0,3.0,1155.0,22.509504,88.302704,1,8.0,0,0,0,0,0,0,1,0.0,0,0,0,2.0,1,0,3.0,0,0,1,0,286.0,27,263.0,0.57
0.0,1734.0,2.0,1,4.0,1003.0,237.0,43.0,38.0,1.0,1.0,840.0,22.509504,88.302704,1,6.0,0,0,0,0,0,1,0,0.0,0,0,0,2.0,1,0,3.0,0,0,1,0,286.0,27,263.0,0.36
0.0,3545.0,2.0,1,4.0,1248.0,252.0,43.0,35.0,1.0,3.0,770.0,22.6006912,88.4694535,1,3.0,0,0,1,0,0,0,0,0.0,0,0,0,2.0,1,0,1.0,1,0,0,0,185.0,28,284.0,0.23
0.0,250.0,3.0,1,3.0,1003.0,529.0,43.0,40.0,1.0,1.0,1000.0,22.508087,88.30039,1,4.0,0,0,0,1,0,0,0,0.0,0,0,0,2.0,1,0,3.0,0,0,1,0,286.0,27,264.0,0.45
0.0,3534.0,2.0,1,4.0,964.0,252.0,43.0,25.0,1.0,4.0,850.0,22.63048,88.49346,1,8.0,0,0,0,0,0,0,1,0.0,0,0,0,2.0,1,0,1.0,1,0,0,0,214.0,28,284.0,0.26
0.0,3255.0,3.0,1,4.0,936.0,528.0,43.0,40.0,1.0,2.0,1350.0,22.50815,88.30055,1,8.0,0,0,0,0,0,0,1,0.0,0,0,0,2.0,1,0,3.0,0,0,1,0,286.0,27,263.0,0.68
0.0,1568.0,3.0,1,4.0,234.0,542.0,43.0,26.0,1.0,3.0,1700.0,22.629196,88.490135,1,3.0,0,0,1,0,0,0,0,0.0,0,0,0,2.0,1,0,1.0,1,0,0,0,209.0,28,284.0,0.6
0.0,3029.0,2.0,1,4.0,237.0,252.0,43.0,10.0,1.0,3.0,875.0,22.6006912,88.4694535,1,4.0,0,0,0,1,0,0,0,0.0,0,0,0,2.0,1,0,1.0,1,0,0,0,117.0,28,284.0,0.285
0.0,1765.0,3.0,1,4.0,237.0,542.0,43.0,10.0,1.0,2.0,1150.0,22.654268,88.4549,1,5.0,0,0,0,0,1,0,0,0.0,0,0,0,2.0,1,0,1.0,1,0,0,0,117.0,28,284.0,0.374
0.0,3127.0,2.0,1,4.0,237.0,252.0,43.0,10.0,1.0,2.0,920.0,22.6006912,88.4694535,1,1.0,1,0,0,0,0,0,0,0.0,0,0,0,2.0,1,0,1.0,1,0,0,0,117.0,28,284.0,0.3
0.0,3126.0,2.0,1,4.0,237.0,252.0,43.0,10.0,1.0,2.0,770.0,22.654268,88.4549,1,4.0,0,0,0,1,0,0,0,0.0,0,0,0,2.0,1,0,1.0,1,0,0,0,117.0,28,284.0,0.253
0.0,3460.0,2.0,2,14.0,1533.0,65.0,43.0,11.0,1.0,7.0,750.0,22.569,88.510296,1,1.0,1,0,0,0,0,0,0,0.0,0,0,0,2.0,1,0,1.0,1,0,0,0,10.0,28,6.0,0.35
0.0,551.0,2.0,3,9.0,1501.0,86.0,43.0,50.0,1.0,3.0,918.0,22.52745,88.370222,1,0.0,0,0,0,0,0,0,0,3.0,0,0,1,2.0,1,0,3.0,0,0,1,0,291.0,27,39.0,0.68
0.0,1496.0,2.0,1,3.0,1319.0,208.0,43.0,50.0,1.0,2.0,680.0,22.6174760274,88.4163038726,1,4.0,0,0,0,1,0,0,0,1.0,1,0,0,2.0,1,0,2.0,0,1,0,0,172.0,26,222.0,0.32
0.0,1508.0,2.0,2,6.0,802.0,219.0,43.0,50.0,1.0,2.0,900.0,22.5098582,88.3210932,1,5.0,0,0,0,0,1,0,0,1.0,1,0,0,2.0,1,0,3.0,0,0,1,0,286.0,27,237.0,0.51
0.0,251.0,3.0,2,4.0,1003.0,529.0,43.0,38.0,1.0,3.0,1270.0,22.509326,88.301471,1,3.0,0,0,1,0,0,0,0,0.0,0,0,0,2.0,1,0,3.0,0,0,1,0,286.0,27,264.0,0.62
0.0,265.0,3.0,6,3.0,1003.0,529.0,43.0,38.0,1.0,2.0,1000.0,22.509326,88.301471,1,3.0,0,0,1,0,0,0,0,0.0,0,0,0,2.0,1,0,3.0,0,0,1,0,286.0,27,264.0,0.43
0.0,59.0,2.0,6,3.0,1003.0,238.0,43.0,38.0,1.0,1.0,750.0,22.509326,88.301471,1,3.0,0,0,1,0,0,0,0,0.0,0,0,0,2.0,1,0,3.0,0,0,1,0,286.0,27,264.0,0.265
0.0,235.0,3.0,6,4.0,1003.0,394.0,43.0,50.0,1.0,4.0,1175.0,22.5034489,88.3189776,1,3.0,0,0,1,0,0,0,0,0.0,0,0,0,2.0,1,0,3.0,0,0,1,0,286.0,27,59.0,0.72
0.0,3297.0,3.0,1,29.0,1599.0,513.0,42.0,15.0,3.0,19.0,1925.0,22.5811785,88.4961337,1,7.0,0,0,0,0,0,0,0,0.0,0,0,0,2.0,1,0,1.0,1,0,0,0,251.0,28,242.0,2.25
0.0,3630.0,3.0,1,18.0,439.0,513.0,43.0,15.0,2.0,12.0,1607.0,22.567407,88.517945,1,3.0,0,0,1,0,0,0,0,0.0,0,0,0,2.0,1,0,1.0,1,0,0,0,254.0,28,242.0,1.12
0.0,297.0,4.0,6,7.0,1245.0,655.0,43.0,50.0,2.0,6.0,2809.0,22.526992,88.368848,1,3.0,0,0,1,0,0,0,0,0.0,0,0,0,2.0,1,0,3.0,0,0,1,0,291.0,27,42.0,3.9
0.0,3551.0,2.0,1,4.0,1425.0,252.0,43.0,25.0,0.0,1.0,875.0,22.630354,88.49363,1,8.0,0,0,0,0,0,0,1,0.0,0,0,0,2.0,1,0,1.0,1,0,0,0,214.0,28,284.0,0.255
0.0,1923.0,3.0,6,23.0,738.0,513.0,42.0,9.0,1.0,10.0,1396.0,22.586413,88.486072,1,3.0,0,0,1,0,0,0,0,0.0,0,0,0,2.0,1,0,1.0,1,0,0,0,141.0,28,242.0,1.32
0.0,2865.0,3.0,2,5.0,1504.0,435.0,43.0,42.0,1.0,4.0,1200.0,22.548114,88.4004968,1,1.0,1,0,0,0,0,0,0,0.0,0,0,0,2.0,1,0,3.0,0,0,1,0,193.0,27,116.0,0.62
0.0,2866.0,3.0,6,5.0,1504.0,435.0,43.0,42.0,1.0,2.0,1230.0,22.548114,88.4004968,1,1.0,1,0,0,0,0,0,0,0.0,0,0,0,2.0,1,0,3.0,0,0,1,0,193.0,27,116.0,0.87
0.0,3884.0,2.0,1,4.0,730.0,252.0,43.0,41.0,1.0,2.0,832.0,22.61852,88.44082,1,6.0,0,0,0,0,0,1,0,0.0,0,0,0,2.0,1,0,1.0,1,0,0,0,183.0,28,284.0,0.2829
0.0,1659.0,2.0,1,4.0,730.0,252.0,43.0,41.0,1.0,3.0,820.0,22.61852,88.44082,1,7.0,0,0,0,0,0,0,0,0.0,0,0,0,2.0,1,0,1.0,1,0,0,0,183.0,28,284.0,0.2789999999999999
0.0,3295.0,3.0,2,5.0,1504.0,435.0,43.0,42.0,1.0,2.0,1650.0,22.548114,88.4004968,1,1.0,1,0,0,0,0,0,0,0.0,0,0,0,2.0,1,0,3.0,0,0,1,0,193.0,27,116.0,1.05
0.0,1872.0,3.0,1,11.0,1730.0,435.0,43.0,49.0,1.0,11.0,1650.0,22.487503,88.392435,1,1.0,1,0,0,0,0,0,0,0.0,0,0,0,2.0,1,0,3.0,0,0,1,0,91.0,27,116.0,1.55
0.0,789.0,3.0,6,4.0,815.0,435.0,43.0,42.0,1.0,3.0,1217.0,22.548114,88.4004968,1,1.0,1,0,0,0,0,0,0,0.0,0,0,0,2.0,1,0,3.0,0,0,1,0,193.0,27,116.0,0.7
0.0,3384.0,3.0,6,5.0,1504.0,435.0,43.0,42.0,1.0,1.0,1240.0,22.548114,88.4004968,1,2.0,0,1,0,0,0,0,0,0.0,0,0,0,2.0,1,0,3.0,0,0,1,0,193.0,27,116.0,0.76
0.0,1572.0,2.0,1,4.0,730.0,252.0,43.0,41.0,1.0,4.0,840.0,22.61852,88.44082,1,7.0,0,0,0,0,0,0,0,0.0,0,0,0,2.0,1,0,1.0,1,0,0,0,183.0,28,284.0,0.2855999999999999
0.0,2116.0,3.0,2,4.0,949.0,365.0,43.0,46.0,2.0,1.0,1150.0,22.505896,88.40436,1,4.0,0,0,0,1,0,0,0,1.0,1,0,0,2.0,1,0,3.0,0,0,1,0,188.0,27,15.0,0.55
0.0,1484.0,3.0,1,4.0,1279.0,487.0,43.0,46.0,2.0,1.0,1244.0,22.505896,88.40436,1,4.0,0,0,0,1,0,0,0,1.0,1,0,0,2.0,1,0,3.0,0,0,1,0,188.0,27,197.0,0.58
0.0,1200.0,3.0,1,11.0,660.0,429.0,42.0,15.0,1.0,6.0,1050.0,22.631243,88.416411,1,5.0,0,0,0,0,1,0,0,2.0,0,1,0,2.0,1,0,2.0,0,1,0,0,241.0,26,110.0,1.1
0.0,3012.0,1.0,1,5.0,1093.0,17.0,43.0,25.0,1.0,0.0,500.0,22.715388,88.378133,1,5.0,0,0,0,0,1,0,0,0.0,0,0,0,2.0,1,0,2.0,0,1,0,0,200.0,26,110.0,0.19
0.0,3181.0,2.0,1,5.0,1092.0,136.0,43.0,25.0,1.0,0.0,650.0,22.715388,88.378133,1,6.0,0,0,0,0,0,1,0,0.0,0,0,0,2.0,1,0,2.0,0,1,0,0,200.0,26,110.0,0.247
0.0,2555.0,2.0,1,5.0,1091.0,136.0,43.0,25.0,1.0,4.0,887.0,22.715388,88.378133,1,2.0,0,1,0,0,0,0,0,0.0,0,0,0,2.0,1,0,2.0,0,1,0,0,200.0,26,110.0,0.3371
0.0,3483.0,2.0,1,4.0,1092.0,136.0,43.0,25.0,1.0,1.0,776.0,22.715388,88.378133,1,6.0,0,0,0,0,0,1,0,0.0,0,0,0,2.0,1,0,2.0,0,1,0,0,200.0,26,110.0,0.3104
0.0,3811.0,1.0,5,6.0,1657.0,17.0,45.0,25.0,1.0,5.0,527.0,22.715388,88.378133,1,4.0,0,0,0,1,0,0,0,0.0,0,0,0,2.0,1,0,2.0,0,1,0,0,200.0,26,110.0,0.2739999999999999
0.0,2554.0,2.0,5,6.0,1656.0,136.0,45.0,25.0,1.0,5.0,785.0,22.715388,88.378133,1,7.0,0,0,0,0,0,0,0,0.0,0,0,0,2.0,1,0,2.0,0,1,0,0,200.0,26,110.0,0.4082
0.0,4090.0,3.0,5,6.0,1657.0,429.0,45.0,25.0,1.0,5.0,982.0,22.715388,88.378133,1,3.0,0,0,1,0,0,0,0,0.0,0,0,0,2.0,1,0,2.0,0,1,0,0,200.0,26,110.0,0.5106
0.0,4098.0,3.0,5,6.0,1655.0,429.0,45.0,25.0,2.0,4.0,1182.0,22.715388,88.378133,1,3.0,0,0,1,0,0,0,0,0.0,0,0,0,2.0,1,0,2.0,0,1,0,0,200.0,26,110.0,0.6146
0.0,1439.0,3.0,5,6.0,1654.0,431.0,45.0,25.0,2.0,2.0,1112.0,22.715388,88.378133,1,3.0,0,0,1,0,0,0,0,0.0,0,0,0,2.0,1,0,2.0,0,1,0,0,200.0,26,112.0,0.5782
0.0,126.0,2.0,3,4.0,1003.0,238.0,43.0,38.0,2.0,4.0,1090.0,22.509326,88.301471,1,3.0,0,0,1,0,0,0,0,0.0,0,0,0,2.0,1,0,3.0,0,0,1,0,286.0,27,264.0,0.27
0.0,2030.0,3.0,5,7.0,1440.0,436.0,45.0,2.0,1.0,1.0,977.0,22.426382,88.402893,1,3.0,0,0,1,0,0,0,0,0.0,0,0,0,2.0,1,0,3.0,0,0,1,0,41.0,27,117.0,0.3419
0.0,2992.0,3.0,1,3.0,1451.0,563.0,43.0,43.0,1.0,2.0,1068.0,22.480417,88.30294,1,1.0,1,0,0,0,0,0,0,0.0,0,0,0,2.0,1,0,3.0,0,0,1,0,287.0,27,330.0,0.3845
0.0,1102.0,3.0,1,4.0,1422.0,623.0,43.0,50.0,1.0,4.0,1356.0,22.503803,88.40014,1,5.0,0,0,0,0,1,0,0,0.0,0,0,0,1.0,0,0,3.0,0,0,1,0,188.0,27,272.0,0.8814
0.0,1105.0,2.0,1,4.0,598.0,335.0,43.0,41.0,1.0,3.0,824.0,22.503351,88.40888,1,7.0,0,0,0,0,0,0,0,0.0,0,0,0,1.0,0,0,3.0,0,0,1,0,188.0,27,197.0,0.37
0.0,1106.0,3.0,1,4.0,601.0,616.0,43.0,41.0,1.0,2.0,913.0,22.503351,88.40888,1,3.0,0,0,1,0,0,0,0,0.0,0,0,0,1.0,0,0,3.0,0,0,1,0,188.0,27,197.0,0.4108
0.0,3898.0,2.0,6,4.0,899.0,287.0,43.0,23.0,1.0,1.0,711.0,22.6995053,88.386697,1,7.0,0,0,0,0,0,0,0,0.0,0,0,0,2.0,1,0,2.0,0,1,0,0,200.0,26,335.0,0.231
0.0,1045.0,3.0,1,4.0,600.0,435.0,43.0,50.0,1.0,2.0,1033.0,22.50366,88.400276,1,4.0,0,0,0,1,0,0,0,0.0,0,0,0,2.0,1,0,3.0,0,0,1,0,188.0,27,116.0,0.7
0.0,1999.0,2.0,1,5.0,883.0,82.0,43.0,41.0,1.0,1.0,792.0,22.615236,88.43902,1,6.0,0,0,0,0,0,1,0,0.0,0,0,0,2.0,1,0,2.0,0,1,0,0,1.0,26,34.0,0.2218
0.0,1392.0,2.0,1,5.0,949.0,82.0,43.0,41.0,1.0,3.0,718.0,22.615236,88.43902,1,3.0,0,0,1,0,0,0,0,0.0,0,0,0,2.0,1,0,2.0,0,1,0,0,1.0,26,34.0,0.201
0.0,3253.0,3.0,1,5.0,883.0,594.0,43.0,49.0,1.0,2.0,1130.0,22.557718,88.39732,1,7.0,0,0,0,0,0,0,0,0.0,0,0,0,2.0,1,0,2.0,0,1,0,0,163.0,26,374.0,0.3164
0.0,3057.0,2.0,1,3.0,898.0,140.0,43.0,28.0,1.0,3.0,955.0,22.65248,88.3769,1,6.0,0,0,0,0,0,1,0,0.0,0,0,0,2.0,1,0,2.0,0,1,0,0,68.0,26,114.0,0.35
0.0,2982.0,2.0,1,3.0,583.0,100.0,43.0,44.0,1.0,3.0,857.0,22.4887333,88.305454,1,4.0,0,0,0,1,0,0,0,0.0,0,0,0,2.0,1,0,3.0,0,0,1,0,287.0,27,56.0,0.3082
0.0,4124.0,3.0,2,9.0,1697.0,519.0,43.0,37.0,4.0,7.0,2600.0,22.6247882,88.4516452,1,1.0,1,0,0,0,0,0,0,0.0,0,0,0,2.0,1,0,1.0,1,0,0,0,183.0,28,248.0,1.65
0.0,2981.0,2.0,1,3.0,583.0,100.0,43.0,47.0,1.0,0.0,844.0,22.4869926,88.3131558,1,4.0,0,0,0,1,0,0,0,0.0,0,0,0,2.0,1,0,3.0,0,0,1,0,287.0,27,56.0,0.3024
0.0,1636.0,1.0,2,3.0,205.0,42.0,43.0,35.0,1.0,2.0,473.0,22.6006912,88.4694535,1,7.0,0,0,0,0,0,0,0,0.0,0,0,0,2.0,1,0,1.0,1,0,0,0,185.0,28,242.0,0.239
0.0,1100.0,2.0,1,4.0,598.0,339.0,43.0,29.0,1.0,3.0,899.0,22.481922,88.41419,1,4.0,0,0,0,1,0,0,0,0.0,0,0,0,1.0,0,0,3.0,0,0,1,0,189.0,27,236.0,0.3237
0.0,1051.0,2.0,1,4.0,562.0,339.0,43.0,29.0,1.0,4.0,892.0,22.481892,88.41428,1,4.0,0,0,0,1,0,0,0,0.0,0,0,0,1.0,0,0,3.0,0,0,1,0,189.0,27,236.0,0.3212
0.0,1049.0,3.0,1,4.0,924.0,616.0,43.0,29.0,1.0,2.0,1281.0,22.481892,88.41428,1,4.0,0,0,0,1,0,0,0,0.0,0,0,0,1.0,0,0,3.0,0,0,1,0,189.0,27,197.0,0.645
0.0,1590.0,3.0,6,25.0,565.0,555.0,43.0,48.0,1.0,18.0,1505.0,22.5840276,88.4154683,1,8.0,0,0,0,0,0,0,1,1.0,1,0,0,2.0,1,0,2.0,0,1,0,0,84.0,26,305.0,1.1
0.0,1440.0,3.0,1,6.0,1235.0,433.0,43.0,13.0,1.0,3.0,1462.0,22.649895,88.379299,1,4.0,0,0,0,1,0,0,0,0.0,0,0,0,2.0,1,0,2.0,0,1,0,0,128.0,26,114.0,0.6775
0.0,1470.0,2.0,1,5.0,295.0,184.0,43.0,46.0,1.0,5.0,870.0,22.5972,88.439278,1,6.0,0,0,0,0,0,1,0,1.0,1,0,0,2.0,1,0,2.0,0,1,0,0,1.0,26,181.0,0.3975
0.0,2705.0,3.0,2,5.0,1404.0,542.0,43.0,15.0,1.0,3.0,1005.0,22.64148,88.471821,1,4.0,0,0,0,1,0,0,0,3.0,0,0,1,2.0,1,0,1.0,1,0,0,0,248.0,28,284.0,0.46
0.0,1555.0,2.0,2,24.0,1675.0,223.0,43.0,13.0,1.0,12.0,1464.0,22.5599444,88.4957689,1,3.0,0,0,1,0,0,0,0,0.0,0,0,0,2.0,1,0,1.0,1,0,0,0,10.0,28,242.0,0.95
0.0,1528.0,2.0,1,28.0,369.0,223.0,43.0,20.0,1.0,2.0,1257.0,22.579337,88.500056,1,5.0,0,0,0,0,1,0,0,0.0,0,0,0,2.0,1,0,1.0,1,0,0,0,196.0,28,242.0,0.72
0.0,3716.0,2.0,1,18.0,1060.0,223.0,42.0,15.0,1.0,6.0,934.0,22.582182,88.487992,1,4.0,0,0,0,1,0,0,0,0.0,0,0,0,2.0,1,0,1.0,1,0,0,0,234.0,28,242.0,0.9
0.0,3713.0,3.0,2,33.0,369.0,513.0,43.0,20.0,2.0,7.0,2010.0,22.579337,88.500056,1,1.0,1,0,0,0,0,0,0,1.0,1,0,0,2.0,1,0,1.0,1,0,0,0,196.0,28,242.0,1.45
0.0,1833.0,3.0,6,24.0,1397.0,369.0,42.0,8.0,1.0,7.0,1150.0,22.6453224,88.3818279,0,5.0,0,0,0,0,1,0,0,0.0,0,0,0,2.0,1,0,2.0,0,1,0,0,118.0,26,28.0,0.72
0.0,3584.0,3.0,1,24.0,1397.0,369.0,42.0,8.0,1.0,2.0,1760.0,22.645631,88.382354,0,0.0,0,0,0,0,0,0,0,0.0,0,0,0,2.0,1,0,2.0,0,1,0,0,118.0,26,28.0,1.1
0.0,2498.0,3.0,2,5.0,1404.0,542.0,43.0,15.0,1.0,5.0,1335.0,22.6006912,88.4694535,1,7.0,0,0,0,0,0,0,0,1.0,1,0,0,2.0,1,0,1.0,1,0,0,0,248.0,28,284.0,0.6
0.0,2492.0,2.0,1,13.0,1398.0,252.0,42.0,15.0,1.0,2.0,1150.0,22.632918,88.470518,1,1.0,1,0,0,0,0,0,0,0.0,0,0,0,2.0,1,0,1.0,1,0,0,0,255.0,28,284.0,0.78
0.0,3377.0,3.0,6,13.0,1398.0,542.0,42.0,15.0,1.0,8.0,1285.0,22.632918,88.470518,0,3.0,0,0,1,0,0,0,0,0.0,0,0,0,2.0,1,0,1.0,1,0,0,0,255.0,28,284.0,0.95
0.0,2703.0,3.0,2,5.0,1404.0,542.0,43.0,15.0,1.0,3.0,980.0,22.6424552,88.4716735,1,2.0,0,1,0,0,0,0,0,1.0,1,0,0,2.0,1,0,1.0,1,0,0,0,248.0,28,284.0,0.45
0.0,1582.0,3.0,2,5.0,1404.0,542.0,43.0,15.0,1.0,2.0,1005.0,22.6406172,88.4732319,1,4.0,0,0,0,1,0,0,0,1.0,1,0,0,2.0,1,0,1.0,1,0,0,0,248.0,28,284.0,0.44
0.0,3653.0,3.0,2,5.0,1404.0,542.0,43.0,15.0,1.0,2.0,1385.0,22.6405005,88.4716865,1,5.0,0,0,0,0,1,0,0,0.0,0,0,0,2.0,1,0,1.0,1,0,0,0,248.0,28,284.0,0.58
0.0,2500.0,3.0,1,14.0,1406.0,478.0,42.0,8.0,2.0,12.0,1175.0,22.735015,88.387798,1,7.0,0,0,0,0,0,0,0,2.0,0,1,0,2.0,1,0,2.0,0,1,0,0,118.0,26,185.0,0.51
0.0,3378.0,3.0,1,14.0,1406.0,478.0,42.0,8.0,2.0,11.0,1180.0,22.735015,88.387798,1,0.0,0,0,0,0,0,0,0,0.0,0,0,0,2.0,1,0,2.0,0,1,0,0,118.0,26,185.0,0.51
0.0,3432.0,4.0,1,2.0,1621.0,705.0,43.0,1.0,1.0,1.0,2450.0,22.6065549,88.5255283,1,1.0,1,0,0,0,0,0,0,0.0,0,0,0,2.0,1,0,1.0,1,0,0,0,16.0,28,284.0,0.93
0.0,2698.0,2.0,1,4.0,1136.0,252.0,43.0,25.0,1.0,2.0,900.0,22.622937,88.496684,1,1.0,1,0,0,0,0,0,0,1.0,1,0,0,2.0,1,0,1.0,1,0,0,0,214.0,28,284.0,0.42
0.0,2689.0,2.0,1,4.0,564.0,252.0,43.0,27.0,1.0,2.0,880.0,22.64271,88.466433,1,7.0,0,0,0,0,0,0,0,0.0,0,0,0,2.0,1,0,1.0,1,0,0,0,208.0,28,284.0,0.33
0.0,1703.0,2.0,1,15.0,1406.0,185.0,42.0,8.0,1.0,6.0,845.0,22.735015,88.387798,1,2.0,0,1,0,0,0,0,0,0.0,0,0,0,2.0,1,0,2.0,0,1,0,0,118.0,26,185.0,0.35
0.0,779.0,2.0,1,12.0,1406.0,185.0,42.0,8.0,2.0,4.0,970.0,22.735015,88.387798,1,3.0,0,0,1,0,0,0,0,0.0,0,0,0,2.0,1,0,2.0,0,1,0,0,118.0,26,185.0,0.38
0.0,1581.0,3.0,1,19.0,1399.0,542.0,42.0,8.0,1.0,12.0,1265.0,22.625582,88.490761,1,1.0,1,0,0,0,0,0,0,1.0,1,0,0,2.0,1,0,1.0,1,0,0,0,118.0,28,284.0,0.85
0.0,4007.0,3.0,1,19.0,1399.0,542.0,42.0,8.0,1.0,14.0,1243.0,22.625582,88.490761,1,2.0,0,1,0,0,0,0,0,1.0,1,0,0,2.0,1,0,1.0,1,0,0,0,118.0,28,284.0,0.9
0.0,4006.0,3.0,1,13.0,1398.0,542.0,42.0,15.0,1.0,9.0,1205.0,22.632918,88.470518,1,1.0,1,0,0,0,0,0,0,0.0,0,0,0,2.0,1,0,1.0,1,0,0,0,255.0,28,284.0,0.84
0.0,1798.0,3.0,1,13.0,1398.0,542.0,42.0,15.0,1.0,4.0,1230.0,22.632918,88.470518,1,8.0,0,0,0,0,0,0,1,0.0,0,0,0,2.0,1,0,1.0,1,0,0,0,255.0,28,284.0,0.78
0.0,2495.0,2.0,2,5.0,1404.0,252.0,43.0,15.0,1.0,1.0,1000.0,22.6418177,88.470967,1,3.0,0,0,1,0,0,0,0,1.0,1,0,0,2.0,1,0,1.0,1,0,0,0,248.0,28,284.0,0.41
0.0,2702.0,2.0,1,19.0,1399.0,252.0,42.0,8.0,1.0,3.0,1080.0,22.6257124,88.491178,1,7.0,0,0,0,0,0,0,0,0.0,0,0,0,2.0,1,0,1.0,1,0,0,0,118.0,28,284.0,0.67
0.0,3549.0,2.0,1,19.0,1399.0,252.0,42.0,8.0,1.0,5.0,970.0,22.6261977,88.492354,1,3.0,0,0,1,0,0,0,0,0.0,0,0,0,2.0,1,0,1.0,1,0,0,0,118.0,28,284.0,0.7
0.0,2919.0,3.0,2,19.0,1600.0,356.0,43.0,22.0,1.0,8.0,1555.0,22.582101,88.493805,1,5.0,0,0,0,0,1,0,0,0.0,0,0,0,2.0,1,0,1.0,1,0,0,0,196.0,28,3.0,1.3
0.0,3697.0,3.0,2,15.0,1675.0,513.0,43.0,18.0,2.0,10.0,2215.0,22.5644118,88.4960504,1,0.0,0,0,0,0,0,0,0,0.0,0,0,0,2.0,1,0,1.0,1,0,0,0,195.0,28,242.0,1.55
0.0,3398.0,3.0,2,23.0,738.0,513.0,42.0,9.0,1.0,8.0,1450.0,22.586413,88.486072,1,4.0,0,0,0,1,0,0,0,0.0,0,0,0,2.0,1,0,1.0,1,0,0,0,141.0,28,242.0,1.45
0.0,3696.0,3.0,1,24.0,779.0,555.0,42.0,15.0,2.0,12.0,1662.0,22.567901,88.446208,1,3.0,0,0,1,0,0,0,0,0.0,0,0,0,2.0,1,0,2.0,0,1,0,0,266.0,26,305.0,1.85
0.0,1593.0,3.0,1,25.0,1071.0,555.0,42.0,12.0,1.0,9.0,1421.0,22.570171,88.447571,1,3.0,0,0,1,0,0,0,0,0.0,0,0,0,2.0,1,0,2.0,0,1,0,0,267.0,26,305.0,1.7
0.0,1592.0,2.0,1,24.0,779.0,268.0,42.0,15.0,1.0,10.0,904.0,22.567901,88.446208,1,5.0,0,0,0,0,1,0,0,0.0,0,0,0,2.0,1,0,2.0,0,1,0,0,266.0,26,305.0,1.23
0.0,3700.0,4.0,2,33.0,369.0,695.0,43.0,20.0,2.0,28.0,2520.0,22.579337,88.500056,1,3.0,0,0,1,0,0,0,0,0.0,0,0,0,2.0,1,0,1.0,1,0,0,0,196.0,28,242.0,2.3
0.0,3701.0,4.0,2,26.0,369.0,695.0,43.0,20.0,2.0,24.0,3434.0,22.579337,88.500056,1,3.0,0,0,1,0,0,0,0,0.0,0,0,0,2.0,1,0,1.0,1,0,0,0,196.0,28,242.0,2.2
0.0,3704.0,3.0,2,30.0,1675.0,513.0,43.0,13.0,2.0,5.0,2215.0,22.5599444,88.4957689,1,1.0,1,0,0,0,0,0,0,2.0,0,1,0,2.0,1,0,1.0,1,0,0,0,10.0,28,242.0,1.85
0.0,2701.0,3.0,1,11.0,1398.0,542.0,42.0,15.0,1.0,11.0,1330.0,22.632918,88.470518,1,6.0,0,0,0,0,0,1,0,1.0,1,0,0,2.0,1,0,1.0,1,0,0,0,255.0,28,284.0,0.75
0.0,979.0,3.0,1,33.0,440.0,513.0,42.0,15.0,2.0,13.0,1529.0,22.567405,88.517943,1,3.0,0,0,1,0,0,0,0,0.0,0,0,0,2.0,1,0,1.0,1,0,0,0,263.0,28,242.0,1.25
0.0,2277.0,3.0,1,25.0,1071.0,555.0,42.0,12.0,1.0,12.0,1712.0,22.570171,88.447571,1,3.0,0,0,1,0,0,0,0,0.0,0,0,0,2.0,1,0,2.0,0,1,0,0,267.0,26,305.0,2.2
0.0,1815.0,3.0,2,15.0,1675.0,513.0,43.0,18.0,2.0,10.0,2204.0,22.561882,88.4942,1,5.0,0,0,0,0,1,0,0,0.0,0,0,0,2.0,1,0,1.0,1,0,0,0,195.0,28,242.0,1.45
0.0,4111.0,3.0,2,26.0,1675.0,513.0,43.0,13.0,1.0,21.0,1764.0,22.5599444,88.4957689,1,1.0,1,0,0,0,0,0,0,0.0,0,0,0,2.0,1,0,1.0,1,0,0,0,10.0,28,242.0,1.05
0.0,4174.0,4.0,2,25.0,1372.0,695.0,43.0,19.0,3.0,23.0,3866.0,22.561937,88.491503,1,1.0,1,0,0,0,0,0,0,2.0,0,1,0,2.0,1,0,1.0,1,0,0,0,195.0,28,242.0,3.1
0.0,3435.0,4.0,2,19.0,1675.0,695.0,43.0,13.0,2.0,17.0,3451.0,22.5599444,88.4957689,1,0.0,0,0,0,0,0,0,0,0.0,0,0,0,2.0,1,0,1.0,1,0,0,0,10.0,28,242.0,2.55
0.0,2925.0,3.0,2,29.0,1600.0,356.0,43.0,22.0,2.0,19.0,2210.0,22.582101,88.493805,1,6.0,0,0,0,0,0,1,0,0.0,0,0,0,2.0,1,0,1.0,1,0,0,0,196.0,28,3.0,1.85
0.0,3705.0,3.0,3,26.0,1675.0,513.0,43.0,11.0,2.0,22.0,1591.0,22.5599444,88.4957689,0,3.0,0,0,1,0,0,0,0,1.0,1,0,0,2.0,1,0,1.0,1,0,0,0,10.0,28,242.0,1.48
0.0,3695.0,3.0,2,33.0,440.0,513.0,42.0,15.0,2.0,19.0,1733.0,22.567405,88.517943,1,6.0,0,0,0,0,0,1,0,1.0,1,0,0,2.0,1,0,1.0,1,0,0,0,263.0,28,242.0,1.35
0.0,3699.0,3.0,2,30.0,439.0,513.0,43.0,15.0,2.0,22.0,1956.0,22.567407,88.517945,1,6.0,0,0,0,0,0,1,0,0.0,0,0,0,2.0,1,0,1.0,1,0,0,0,254.0,28,242.0,1.12
0.0,3702.0,4.0,2,23.0,1675.0,695.0,43.0,13.0,2.0,2.0,3680.0,22.5599444,88.4957689,1,0.0,0,0,0,0,0,0,0,0.0,0,0,0,2.0,1,0,1.0,1,0,0,0,10.0,28,242.0,2.3
0.0,2972.0,3.0,2,19.0,1675.0,513.0,43.0,11.0,2.0,5.0,2095.0,22.5599444,88.4957689,1,1.0,1,0,0,0,0,0,0,1.0,1,0,0,2.0,1,0,1.0,1,0,0,0,10.0,28,242.0,1.5
0.0,3803.0,3.0,6,29.0,1599.0,513.0,42.0,15.0,2.0,26.0,2385.0,22.5811785,88.4961337,1,3.0,0,0,1,0,0,0,0,1.0,1,0,0,2.0,1,0,1.0,1,0,0,0,251.0,28,242.0,3.55
0.0,3698.0,3.0,2,15.0,1675.0,513.0,43.0,11.0,1.0,9.0,1617.0,22.5599444,88.4957689,1,1.0,1,0,0,0,0,0,0,1.0,1,0,0,2.0,1,0,1.0,1,0,0,0,10.0,28,242.0,1.25
0.0,3321.0,3.0,5,4.0,257.0,387.0,45.0,26.0,1.0,4.0,950.0,22.76743,88.38835,1,3.0,0,0,1,0,0,0,0,0.0,0,0,0,2.0,1,0,2.0,0,1,0,0,217.0,26,51.0,0.3229999999999999
0.0,2533.0,3.0,5,4.0,257.0,387.0,45.0,26.0,1.0,4.0,922.0,22.76743,88.38835,1,3.0,0,0,1,0,0,0,0,0.0,0,0,0,2.0,1,0,2.0,0,1,0,0,217.0,26,51.0,0.3135
0.0,799.0,3.0,5,4.0,257.0,387.0,45.0,26.0,1.0,3.0,900.0,22.76743,88.38835,1,7.0,0,0,0,0,0,0,0,0.0,0,0,0,2.0,1,0,2.0,0,1,0,0,217.0,26,51.0,0.306
0.0,3581.0,3.0,5,4.0,257.0,387.0,45.0,26.0,1.0,2.0,980.0,22.76743,88.38835,1,3.0,0,0,1,0,0,0,0,3.0,0,0,1,2.0,1,0,2.0,0,1,0,0,217.0,26,51.0,0.3332
0.0,1817.0,3.0,5,4.0,257.0,387.0,45.0,26.0,1.0,1.0,1250.0,22.76743,88.38835,1,4.0,0,0,0,1,0,0,0,0.0,0,0,0,2.0,1,0,2.0,0,1,0,0,217.0,26,51.0,0.425
0.0,705.0,2.0,5,4.0,257.0,96.0,45.0,26.0,1.0,1.0,810.0,22.76743,88.38835,1,7.0,0,0,0,0,0,0,0,0.0,0,0,0,2.0,1,0,2.0,0,1,0,0,217.0,26,51.0,0.2754
0.0,3570.0,2.0,5,18.0,22.0,305.0,45.0,50.0,1.0,16.0,962.0,22.5,88.35,1,3.0,0,0,1,0,0,0,0,0.0,0,0,0,2.0,1,0,3.0,0,0,1,0,95.0,27,359.0,0.88
0.0,3569.0,2.0,5,18.0,22.0,305.0,45.0,50.0,1.0,11.0,962.0,22.5,88.35,1,3.0,0,0,1,0,0,0,0,0.0,0,0,0,2.0,1,0,3.0,0,0,1,0,95.0,27,359.0,0.98
0.0,478.0,3.0,5,18.0,22.0,583.0,45.0,50.0,1.0,12.0,1326.0,22.5,88.35,1,3.0,0,0,1,0,0,0,0,0.0,0,0,0,2.0,1,0,3.0,0,0,1,0,95.0,27,359.0,1.32
0.0,479.0,3.0,5,18.0,22.0,583.0,45.0,50.0,1.0,16.0,1326.0,22.5,88.35,1,3.0,0,0,1,0,0,0,0,0.0,0,0,0,2.0,1,0,3.0,0,0,1,0,95.0,27,359.0,1.32
0.0,2736.0,3.0,5,20.0,22.0,583.0,45.0,50.0,1.0,12.0,1326.0,22.5,88.35,1,3.0,0,0,1,0,0,0,0,0.0,0,0,0,2.0,1,0,3.0,0,0,1,0,95.0,27,359.0,1.15
0.0,790.0,3.0,5,18.0,22.0,583.0,45.0,50.0,1.0,10.0,1835.0,22.5,88.35,1,3.0,0,0,1,0,0,0,0,0.0,0,0,0,2.0,1,0,3.0,0,0,1,0,95.0,27,359.0,1.15
0.0,2886.0,2.0,1,4.0,1521.0,215.0,43.0,1.0,1.0,1.0,950.0,22.425206,88.400764,1,4.0,0,0,0,1,0,0,0,0.0,0,0,0,2.0,1,0,3.0,0,0,1,0,292.0,27,231.0,0.38
0.0,3184.0,2.0,1,4.0,1105.0,179.0,43.0,3.0,1.0,4.0,775.0,22.4465305,88.3958773,1,6.0,0,0,0,0,0,1,0,0.0,0,0,0,2.0,1,0,3.0,0,0,1,0,25.0,27,176.0,0.3488
0.0,1862.0,3.0,1,7.0,1116.0,504.0,42.0,14.0,1.0,4.0,1275.0,22.4417,88.406284,1,1.0,1,0,0,0,0,0,0,1.0,1,0,0,2.0,1,0,3.0,0,0,1,0,204.0,27,231.0,0.46
0.0,1027.0,3.0,1,12.0,787.0,438.0,42.0,12.0,1.0,9.0,1091.0,22.55654,88.37128,1,5.0,0,0,0,0,1,0,0,1.0,1,0,0,2.0,1,0,0.0,0,0,0,0,166.0,30,121.0,1.1
0.0,2374.0,3.0,1,12.0,787.0,438.0,42.0,12.0,1.0,9.0,1016.0,22.5529232,88.3731789,1,6.0,0,0,0,0,0,1,0,0.0,0,0,0,2.0,1,0,0.0,0,0,0,0,166.0,30,121.0,1.3
0.0,3664.0,3.0,5,18.0,22.0,583.0,45.0,48.0,1.0,8.0,1329.0,22.48192,88.3255,1,0.0,0,0,0,0,0,0,0,0.0,0,0,0,2.0,1,0,3.0,0,0,1,0,287.0,27,359.0,1.2
0.0,1359.0,3.0,5,18.0,22.0,583.0,45.0,48.0,1.0,11.0,1710.0,22.48192,88.3255,1,0.0,0,0,0,0,0,0,0,0.0,0,0,0,2.0,1,0,3.0,0,0,1,0,287.0,27,359.0,1.15
0.0,2739.0,2.0,1,17.0,793.0,305.0,42.0,8.0,1.0,17.0,652.0,22.5,88.35,1,3.0,0,0,1,0,0,0,0,0.0,0,0,0,2.0,1,0,3.0,0,0,1,0,118.0,27,359.0,0.9
0.0,526.0,2.0,1,10.0,75.0,305.0,42.0,15.0,1.0,4.0,920.0,22.5,88.35,1,3.0,0,0,1,0,0,0,0,0.0,0,0,0,2.0,1,0,3.0,0,0,1,0,66.0,27,359.0,0.72
0.0,1503.0,3.0,1,7.0,1116.0,504.0,42.0,18.0,3.0,7.0,1392.0,22.44792,88.40389,1,3.0,0,0,1,0,0,0,0,0.0,0,0,0,2.0,1,0,3.0,0,0,1,0,201.0,27,231.0,0.58
0.0,3515.0,2.0,1,4.0,1634.0,215.0,43.0,15.0,1.0,1.0,1046.0,22.44792,88.40389,1,6.0,0,0,0,0,0,1,0,0.0,0,0,0,2.0,1,0,3.0,0,0,1,0,261.0,27,231.0,0.4
0.0,1356.0,3.0,5,18.0,22.0,583.0,45.0,50.0,1.0,10.0,1835.0,22.5,88.35,1,0.0,0,0,0,0,0,0,0,0.0,0,0,0,2.0,1,0,3.0,0,0,1,0,95.0,27,359.0,0.98
0.0,670.0,2.0,1,4.0,284.0,215.0,43.0,18.0,1.0,1.0,650.0,22.44792,88.40389,1,6.0,0,0,0,0,0,1,0,0.0,0,0,0,2.0,1,0,3.0,0,0,1,0,201.0,27,231.0,0.22
0.0,2729.0,3.0,1,3.0,817.0,569.0,42.0,10.0,1.0,3.0,1001.0,22.439576,88.435783,1,4.0,0,0,0,1,0,0,0,0.0,0,0,0,2.0,1,0,3.0,0,0,1,0,213.0,27,336.0,0.385
0.0,1869.0,3.0,1,4.0,1634.0,504.0,43.0,15.0,1.0,3.0,1194.0,22.424314,88.393749,1,3.0,0,0,1,0,0,0,0,0.0,0,0,0,2.0,1,0,3.0,0,0,1,0,261.0,27,231.0,0.46
0.0,533.0,3.0,5,18.0,667.0,435.0,45.0,12.0,1.0,8.0,1580.0,22.548114,88.4004968,1,3.0,0,0,1,0,0,0,0,0.0,0,0,0,2.0,1,0,1.0,1,0,0,0,113.0,28,116.0,1.5
0.0,2819.0,2.672021502414428,0,3.0,680.0,784.0,24.0,50.0,1.2297135143990388,3.753961788353753,2160.0,22.4982976,88.394025,1,5.0,0,0,0,0,1,0,0,3.0,0,0,1,3.0,0,1,3.0,0,0,1,0,192.0,27,169.0,1.05
0.0,3513.0,2.0,2,3.0,1443.0,211.0,43.0,48.0,1.0,3.0,750.0,22.474313,88.3696151,1,4.0,0,0,0,1,0,0,0,0.0,0,0,0,2.0,1,0,3.0,0,0,1,0,89.0,27,225.0,0.32
0.0,246.0,3.0,2,4.0,449.0,576.0,43.0,50.0,1.0,1.0,1160.0,22.5221309,88.394025,1,3.0,0,0,1,0,0,0,0,0.0,0,0,0,2.0,1,0,3.0,0,0,1,0,197.0,27,349.0,0.65
0.0,2820.0,3.0,3,3.0,116.0,474.0,43.0,50.0,1.0,1.0,1150.0,22.519587,88.376107,1,3.0,0,0,1,0,0,0,0,1.0,1,0,0,2.0,1,0,3.0,0,0,1,0,178.0,27,179.0,0.8
0.0,2822.0,3.0,3,9.0,1446.0,583.0,43.0,49.0,1.0,7.0,1600.0,22.536025,88.35469,1,1.0,1,0,0,0,0,0,0,0.0,0,0,0,2.0,1,0,3.0,0,0,1,0,164.0,27,359.0,1.5
0.0,3715.0,2.0,1,4.0,1085.0,263.0,43.0,25.0,1.0,1.0,967.0,22.624919,88.491208,1,8.0,0,0,0,0,0,0,1,0.0,0,0,0,2.0,1,0,1.0,1,0,0,0,214.0,28,296.0,0.36
0.0,4125.0,3.0,1,5.0,1000.0,591.0,43.0,46.0,2.0,5.0,1674.0,22.627226,88.431744,1,1.0,1,0,0,0,0,0,0,0.0,0,0,0,2.0,1,0,1.0,1,0,0,0,180.0,28,369.0,0.8
0.0,3719.0,3.0,1,8.0,1733.0,355.0,43.0,42.0,1.0,1.0,1200.0,22.580767,88.449776,1,3.0,0,0,1,0,0,0,0,1.0,1,0,0,2.0,1,0,1.0,1,0,0,0,45.0,28,2.0,1.15
0.0,3714.0,2.0,1,18.0,779.0,268.0,42.0,15.0,1.0,17.0,904.0,22.5685715,88.4474146,1,2.0,0,1,0,0,0,0,0,0.0,0,0,0,2.0,1,0,2.0,0,1,0,0,266.0,26,305.0,0.95
0.0,3717.0,3.0,1,19.0,1399.0,542.0,42.0,8.0,1.0,2.0,1265.0,22.6258652,88.4909665,1,2.0,0,1,0,0,0,0,0,0.0,0,0,0,2.0,1,0,1.0,1,0,0,0,118.0,28,284.0,0.85
0.0,3777.0,1.0,1,4.0,210.0,42.0,42.0,11.0,1.0,2.0,450.0,22.5729664,88.5086026,1,8.0,0,0,0,0,0,0,1,0.0,0,0,0,2.0,1,0,1.0,1,0,0,0,10.0,28,242.0,0.215
0.0,130.0,2.0,1,6.0,1628.0,123.0,43.0,37.0,2.0,1.0,913.0,22.632589,88.4442662,1,3.0,0,0,1,0,0,0,0,1.0,1,0,0,2.0,1,0,1.0,1,0,0,0,181.0,28,86.0,0.4
0.0,234.0,3.0,6,12.0,496.0,513.0,42.0,40.0,2.0,7.0,1770.0,22.5720154,88.4614629,1,3.0,0,0,1,0,0,0,0,0.0,0,0,0,2.0,1,0,1.0,1,0,0,0,85.0,28,242.0,1.27
0.0,1010.0,3.0,6,12.0,1567.0,513.0,42.0,8.0,2.0,9.0,1670.0,22.614013,88.479569,1,0.0,0,0,0,0,0,0,0,0.0,0,0,0,2.0,1,0,1.0,1,0,0,0,134.0,28,242.0,1.35
0.0,1273.0,3.0,6,3.0,951.0,507.0,43.0,34.0,2.0,2.0,1079.0,22.48234,88.41252,1,3.0,0,0,1,0,0,0,0,0.0,0,0,0,2.0,1,0,3.0,0,0,1,0,77.0,27,236.0,0.4639999999999999
0.0,3722.0,3.0,1,7.0,692.0,513.0,43.0,35.0,2.0,2.0,1244.0,22.622396,88.447565,1,1.0,1,0,0,0,0,0,0,0.0,0,0,0,2.0,1,0,1.0,1,0,0,0,184.0,28,242.0,0.97
0.0,3762.0,4.0,6,23.0,102.0,695.0,42.0,15.0,2.0,7.0,3029.0,22.581199,88.461896,1,3.0,0,0,1,0,0,0,0,0.0,0,0,0,2.0,1,0,1.0,1,0,0,0,145.0,28,242.0,4.25
0.0,512.0,4.0,1,8.0,50.0,678.0,42.0,48.0,3.0,5.0,2035.0,22.563674,88.312791,1,5.0,0,0,0,0,1,0,0,2.0,0,1,0,2.0,1,0,4.0,0,0,0,1,284.0,29,155.0,1.65
0.0,2712.0,2.0,2,3.0,1504.0,267.0,43.0,45.0,1.0,1.0,950.0,22.4788135,88.3090479,1,1.0,1,0,0,0,0,0,0,0.0,0,0,0,2.0,1,0,3.0,0,0,1,0,287.0,27,303.0,0.3
0.0,205.0,2.672021502414428,0,3.0,1452.0,783.0,18.0,10.0,1.2297135143990388,3.753961788353753,2160.0,22.451458,88.261772,1,7.0,0,0,0,0,0,0,0,3.0,0,0,1,3.0,0,1,3.0,0,0,1,0,156.0,27,166.0,0.18
0.0,1432.0,2.0,2,3.0,1504.0,134.0,43.0,49.0,1.0,1.0,900.0,22.620945,88.42777,1,1.0,1,0,0,0,0,0,0,0.0,0,0,0,2.0,1,0,3.0,0,0,1,0,182.0,27,107.0,0.4
0.0,1374.0,3.0,1,25.0,1071.0,555.0,42.0,12.0,1.0,18.0,1421.0,22.570171,88.447571,1,1.0,1,0,0,0,0,0,0,2.0,0,1,0,2.0,1,0,2.0,0,1,0,0,267.0,26,305.0,1.7
0.0,2275.0,3.0,1,25.0,1071.0,555.0,42.0,12.0,1.0,3.0,1421.0,22.570171,88.447571,1,1.0,1,0,0,0,0,0,0,2.0,0,1,0,2.0,1,0,2.0,0,1,0,0,267.0,26,305.0,1.35
0.0,273.0,3.0,1,25.0,1071.0,555.0,42.0,12.0,1.0,15.0,1421.0,22.570171,88.447571,1,1.0,1,0,0,0,0,0,0,0.0,0,0,0,2.0,1,0,2.0,0,1,0,0,267.0,26,305.0,1.4
0.0,555.0,3.0,2,45.0,1692.0,435.0,42.0,15.0,1.0,24.0,2731.0,22.5100557,88.4143261,1,3.0,0,0,1,0,0,0,0,0.0,0,0,0,2.0,1,0,3.0,0,0,1,0,64.0,27,116.0,4.0
0.0,299.0,4.0,3,6.0,1707.0,705.0,43.0,35.0,1.0,2.0,2211.0,22.6006912,88.4694535,1,3.0,0,0,1,0,0,0,0,1.0,1,0,0,2.0,1,0,1.0,1,0,0,0,185.0,28,284.0,1.4
0.0,306.0,1.0,6,4.0,320.0,24.0,43.0,49.0,1.0,1.0,485.0,22.596258,88.431366,1,3.0,0,0,1,0,0,0,0,0.0,0,0,0,2.0,1,0,2.0,0,1,0,0,75.0,26,143.0,0.185
0.0,778.0,2.0,6,5.0,1379.0,252.0,43.0,35.0,1.0,2.0,1101.0,22.6006912,88.4694535,1,4.0,0,0,0,1,0,0,0,0.0,0,0,0,2.0,1,0,1.0,1,0,0,0,185.0,28,284.0,0.33
0.0,865.0,3.0,1,4.0,1386.0,413.0,43.0,35.0,1.0,2.0,1352.0,22.6200071,88.4492994,1,4.0,0,0,0,1,0,0,0,0.0,0,0,0,2.0,1,0,1.0,1,0,0,0,184.0,28,86.0,0.72
0.0,2000.0,3.0,1,6.0,883.0,370.0,43.0,32.0,2.0,1.0,1345.0,22.637403,88.45377,1,5.0,0,0,0,0,1,0,0,0.0,0,0,0,2.0,1,0,1.0,1,0,0,0,183.0,28,30.0,0.5111
0.0,3836.0,2.0,1,4.0,945.0,123.0,43.0,39.0,1.0,2.0,1000.0,22.6235821,88.4410411,1,6.0,0,0,0,0,0,1,0,0.0,0,0,0,2.0,1,0,1.0,1,0,0,0,183.0,28,86.0,0.6
0.0,866.0,3.0,1,4.0,1385.0,413.0,43.0,41.0,1.0,2.0,1350.0,22.624689,88.438183,1,5.0,0,0,0,0,1,0,0,0.0,0,0,0,2.0,1,0,1.0,1,0,0,0,180.0,28,86.0,0.72
0.0,1580.0,2.0,1,6.0,1201.0,252.0,43.0,35.0,2.0,3.0,1180.0,22.6006912,88.4694535,1,2.0,0,1,0,0,0,0,0,0.0,0,0,0,2.0,1,0,1.0,1,0,0,0,185.0,28,284.0,0.55
0.0,3013.0,1.0,1,6.0,1201.0,45.0,43.0,37.0,1.0,6.0,750.0,22.627886,88.44903,1,5.0,0,0,0,0,1,0,0,0.0,0,0,0,2.0,1,0,1.0,1,0,0,0,183.0,28,284.0,0.25
0.0,2549.0,3.0,1,4.0,1494.0,413.0,43.0,39.0,1.0,2.0,1349.0,22.6235821,88.4410411,1,1.0,1,0,0,0,0,0,0,0.0,0,0,0,2.0,1,0,1.0,1,0,0,0,183.0,28,86.0,0.72
0.0,911.0,2.0,1,3.0,301.0,220.0,43.0,50.0,1.0,2.0,900.0,22.521777,88.377109,1,6.0,0,0,0,0,0,1,0,0.0,0,0,0,2.0,1,0,3.0,0,0,1,0,178.0,27,238.0,0.58
0.0,1036.0,3.0,1,3.0,954.0,507.0,43.0,29.0,1.0,3.0,1386.0,22.482206,88.41447,1,3.0,0,0,1,0,0,0,0,0.0,0,0,0,2.0,1,0,3.0,0,0,1,0,189.0,27,236.0,0.5682
0.0,1047.0,2.0,1,4.0,956.0,175.0,43.0,50.0,1.0,4.0,1035.0,22.49903,88.39544,1,4.0,0,0,0,1,0,0,0,0.0,0,0,0,2.0,1,0,3.0,0,0,1,0,188.0,27,169.0,0.5175
0.0,1029.0,3.0,1,3.0,954.0,618.0,43.0,31.0,1.0,3.0,1357.0,22.4827718,88.413987,1,6.0,0,0,0,0,0,1,0,0.0,0,0,0,1.0,0,0,3.0,0,0,1,0,189.0,27,236.0,0.5428000000000001
0.0,1052.0,3.0,1,4.0,1169.0,481.0,43.0,50.0,1.0,3.0,1700.0,22.507425,88.35808,1,5.0,0,0,0,0,1,0,0,0.0,0,0,0,2.0,1,0,3.0,0,0,1,0,213.0,27,189.0,1.11
0.0,1038.0,3.0,1,3.0,954.0,380.0,43.0,50.0,1.0,1.0,1459.0,22.525658,88.37168,1,3.0,0,0,1,0,0,0,0,0.0,0,0,0,2.0,1,0,3.0,0,0,1,0,212.0,27,42.0,1.32
0.0,3490.0,2.0,1,4.0,1225.0,157.0,43.0,50.0,1.0,2.0,905.0,22.4811972,88.3335412,1,3.0,0,0,1,0,0,0,0,1.0,1,0,0,2.0,1,0,3.0,0,0,1,0,161.0,27,144.0,0.35
0.0,2397.0,3.0,6,6.0,1166.0,432.0,43.0,50.0,1.0,3.0,1426.0,22.61059,88.41494,1,0.0,0,0,0,0,0,0,0,0.0,0,0,0,2.0,1,0,2.0,0,1,0,0,172.0,26,113.0,0.713
0.0,2396.0,3.0,6,6.0,1166.0,432.0,43.0,50.0,1.0,4.0,1420.0,22.61059,88.41494,1,0.0,0,0,0,0,0,0,0,0.0,0,0,0,2.0,1,0,2.0,0,1,0,0,172.0,26,113.0,0.71
0.0,2386.0,2.0,6,6.0,1166.0,139.0,43.0,50.0,1.0,4.0,1004.0,22.61059,88.41494,1,0.0,0,0,0,0,0,0,0,0.0,0,0,0,2.0,1,0,2.0,0,1,0,0,172.0,26,113.0,0.4217
0.0,2387.0,2.0,6,6.0,1166.0,139.0,43.0,50.0,1.0,3.0,750.0,22.61059,88.41494,1,0.0,0,0,0,0,0,0,0,0.0,0,0,0,2.0,1,0,2.0,0,1,0,0,172.0,26,113.0,0.315
0.0,2389.0,3.0,6,6.0,184.0,368.0,43.0,50.0,1.0,2.0,1220.0,22.606173,88.407854,1,0.0,0,0,0,0,0,0,0,0.0,0,0,0,2.0,1,0,2.0,0,1,0,0,172.0,26,26.0,0.6831999999999999
0.0,2389.0,2.0,6,6.0,1163.0,89.0,43.0,50.0,1.0,3.0,972.0,22.6075649,88.4100911,1,0.0,0,0,0,0,0,0,0,0.0,0,0,0,2.0,1,0,2.0,0,1,0,0,74.0,26,44.0,0.5443
0.0,2384.0,2.0,6,5.0,1164.0,126.0,43.0,50.0,1.0,2.0,651.0,22.613626,88.419182,1,0.0,0,0,0,0,0,0,0,0.0,0,0,0,2.0,1,0,2.0,0,1,0,0,172.0,26,96.0,0.2278
0.0,2388.0,3.0,6,6.0,1168.0,467.0,43.0,32.0,1.0,3.0,1305.0,22.6384272297064,88.4513908234239,1,0.0,0,0,0,0,0,0,0,0.0,0,0,0,2.0,1,0,1.0,1,0,0,0,180.0,28,171.0,0.4959
0.0,2388.0,2.0,6,6.0,1168.0,177.0,43.0,32.0,1.0,2.0,915.0,22.6384272297064,88.4513908234239,1,0.0,0,0,0,0,0,0,0,0.0,0,0,0,2.0,1,0,1.0,1,0,0,0,180.0,28,171.0,0.3477
0.0,2388.0,2.0,6,6.0,1167.0,177.0,43.0,32.0,1.0,3.0,851.0,22.6384272297064,88.4513908234239,1,0.0,0,0,0,0,0,0,0,0.0,0,0,0,2.0,1,0,1.0,1,0,0,0,180.0,28,171.0,0.3234
0.0,2385.0,2.0,6,5.0,1165.0,137.0,43.0,48.0,1.0,2.0,935.0,22.636815,88.412077,1,0.0,0,0,0,0,0,0,0,0.0,0,0,0,2.0,1,0,2.0,0,1,0,0,81.0,26,111.0,0.2805
0.0,2385.0,2.0,6,5.0,1165.0,137.0,43.0,48.0,1.0,2.0,885.0,22.636815,88.412077,1,0.0,0,0,0,0,0,0,0,0.0,0,0,0,2.0,1,0,2.0,0,1,0,0,81.0,26,111.0,0.2655
0.0,2391.0,2.0,6,6.0,1162.0,281.0,43.0,49.0,1.0,2.0,897.0,22.613895,88.411807,1,0.0,0,0,0,0,0,0,0,0.0,0,0,0,2.0,1,0,2.0,0,1,0,0,172.0,26,327.0,0.3767
0.0,694.0,2.0,3,2.0,104.0,203.0,43.0,49.0,1.0,2.0,1184.0,22.4820069,88.3481949,1,1.0,1,0,0,0,0,0,0,0.0,0,0,0,2.0,1,0,3.0,0,0,1,0,89.0,27,216.0,0.6
0.0,3596.0,3.0,3,6.0,161.0,441.0,43.0,43.0,1.0,3.0,1221.0,22.45833,88.382745,1,7.0,0,0,0,0,0,0,0,1.0,1,0,0,2.0,1,0,3.0,0,0,1,0,80.0,27,126.0,0.63
0.0,1997.0,2.0,1,4.0,1721.0,337.0,43.0,50.0,1.0,3.0,825.0,22.499844,88.345954,1,0.0,0,0,0,0,0,0,0,0.0,0,0,0,1.0,0,0,3.0,0,0,1,0,95.0,27,216.0,0.5
0.0,1028.0,3.0,1,4.0,1721.0,617.0,43.0,50.0,1.0,4.0,1540.0,22.499844,88.345954,1,0.0,0,0,0,0,0,0,0,0.0,0,0,0,1.0,0,0,3.0,0,0,1,0,95.0,27,216.0,0.75
0.0,3546.0,2.0,6,5.0,1379.0,252.0,43.0,29.0,1.0,2.0,995.0,22.6290246,88.4831371,1,4.0,0,0,0,1,0,0,0,0.0,0,0,0,2.0,1,0,1.0,1,0,0,0,208.0,28,284.0,0.3
0.0,323.0,2.0,1,8.0,1721.0,203.0,43.0,50.0,1.0,2.0,970.0,22.499844,88.345954,1,0.0,0,0,0,0,0,0,0,0.0,0,0,0,2.0,1,0,3.0,0,0,1,0,95.0,27,216.0,0.58
0.0,582.0,3.0,1,4.0,175.0,374.0,43.0,47.0,1.0,3.0,1215.0,22.4705981,88.3706594,1,3.0,0,0,1,0,0,0,0,1.0,1,0,0,2.0,1,0,3.0,0,0,1,0,78.0,27,36.0,0.8
0.0,1394.0,3.0,2,5.0,733.0,380.0,43.0,50.0,1.0,1.0,1503.0,22.526992,88.368848,1,3.0,0,0,1,0,0,0,0,2.0,0,1,0,2.0,1,0,3.0,0,0,1,0,291.0,27,42.0,2.1
0.0,1059.0,3.0,6,4.0,949.0,512.0,43.0,50.0,1.0,2.0,1080.0,22.494921,88.387641,1,6.0,0,0,0,0,0,1,0,0.0,0,0,0,2.0,1,0,3.0,0,0,1,0,192.0,27,241.0,0.5616
0.0,3039.0,2.0,3,3.0,472.0,211.0,43.0,48.0,1.0,2.0,750.0,22.4714022,88.365531,1,3.0,0,0,1,0,0,0,0,0.0,0,0,0,2.0,1,0,3.0,0,0,1,0,89.0,27,225.0,0.31
0.0,2700.0,2.0,6,5.0,1379.0,252.0,43.0,29.0,1.0,3.0,995.0,22.6289855,88.4832104,1,3.0,0,0,1,0,0,0,0,0.0,0,0,0,2.0,1,0,1.0,1,0,0,0,208.0,28,284.0,0.29
0.0,2664.0,2.0,2,13.0,1551.0,223.0,43.0,35.0,1.0,7.0,831.0,22.6006912,88.4694535,1,3.0,0,0,1,0,0,0,0,0.0,0,0,0,2.0,1,0,1.0,1,0,0,0,185.0,28,242.0,0.41
0.0,2186.0,2.0,2,5.0,999.0,174.0,43.0,48.0,1.0,2.0,1000.0,22.6315862,88.4294838,1,8.0,0,0,0,0,0,0,1,0.0,0,0,0,2.0,1,0,2.0,0,1,0,0,180.0,26,168.0,0.4
0.0,2585.0,3.0,2,5.0,999.0,464.0,43.0,43.0,1.0,4.0,1350.0,22.630633,88.436488,1,8.0,0,0,0,0,0,0,1,0.0,0,0,0,2.0,1,0,2.0,0,1,0,0,180.0,26,168.0,0.48
0.0,3361.0,3.0,2,5.0,999.0,464.0,43.0,43.0,2.0,4.0,1350.0,22.630633,88.436488,1,2.0,0,1,0,0,0,0,0,0.0,0,0,0,2.0,1,0,2.0,0,1,0,0,180.0,26,168.0,0.65
0.0,1459.0,2.0,2,4.0,999.0,174.0,43.0,43.0,1.0,2.0,1100.0,22.630633,88.436488,1,8.0,0,0,0,0,0,0,1,0.0,0,0,0,2.0,1,0,2.0,0,1,0,0,180.0,26,168.0,0.47
0.0,1571.0,2.0,1,12.0,722.0,252.0,43.0,9.0,1.0,10.0,897.0,22.6006912,88.4694535,1,4.0,0,0,0,1,0,0,0,0.0,0,0,0,2.0,1,0,1.0,1,0,0,0,228.0,28,284.0,0.43
0.0,1177.0,2.0,2,14.0,555.0,223.0,43.0,35.0,2.0,7.0,850.0,22.6006912,88.4694535,1,1.0,1,0,0,0,0,0,0,0.0,0,0,0,2.0,1,0,1.0,1,0,0,0,185.0,28,242.0,0.46
0.0,1408.0,2.0,1,4.0,1161.0,102.0,43.0,11.0,1.0,2.0,810.0,22.4866048,88.2852674,1,8.0,0,0,0,0,0,0,1,0.0,0,0,0,2.0,1,0,3.0,0,0,1,0,206.0,27,58.0,0.26
0.0,3185.0,2.0,6,3.0,1160.0,272.0,43.0,8.0,1.0,1.0,750.0,22.482899,88.282686,1,3.0,0,0,1,0,0,0,0,0.0,0,0,0,2.0,1,0,3.0,0,0,1,0,38.0,27,312.0,0.21
0.0,3532.0,2.0,6,3.0,1590.0,248.0,43.0,50.0,1.0,2.0,940.0,22.498324,88.403156,1,1.0,1,0,0,0,0,0,0,0.0,0,0,0,2.0,1,0,3.0,0,0,1,0,188.0,27,276.0,0.46
0.0,3196.0,2.0,2,4.0,1508.0,142.0,43.0,26.0,1.0,4.0,960.0,22.4506702,88.3880838,1,3.0,0,0,1,0,0,0,0,0.0,0,0,0,2.0,1,0,3.0,0,0,1,0,74.0,27,116.0,0.37
0.0,3431.0,4.0,3,35.0,1462.0,704.0,43.0,15.0,0.0,33.0,3000.0,22.499905,88.360697,1,4.0,0,0,0,1,0,0,0,0.0,0,0,0,2.0,1,0,3.0,0,0,1,0,247.0,27,271.0,4.2
0.0,2887.0,2.0,3,4.0,1523.0,147.0,43.0,50.0,0.0,0.0,875.0,22.4658051,88.384625,1,1.0,1,0,0,0,0,0,0,0.0,0,0,0,2.0,1,0,3.0,0,0,1,0,80.0,27,126.0,0.27
0.0,2572.0,3.0,2,3.0,1710.0,447.0,43.0,50.0,2.0,3.0,1550.0,22.49368,88.36312,1,1.0,1,0,0,0,0,0,0,1.0,1,0,0,2.0,1,0,3.0,0,0,1,0,92.0,27,136.0,1.45
0.0,2032.0,3.0,6,4.0,744.0,621.0,43.0,38.0,1.0,3.0,1150.0,22.627955,88.457437,1,1.0,1,0,0,0,0,0,0,0.0,0,0,0,1.0,0,0,1.0,1,0,0,0,183.0,28,248.0,0.65
0.0,1565.0,2.0,1,3.0,1160.0,246.0,43.0,45.0,1.0,1.0,740.0,22.477387,88.316681,1,5.0,0,0,0,0,1,0,0,1.0,1,0,0,2.0,1,0,3.0,0,0,1,0,287.0,27,273.0,0.3
0.0,915.0,2.0,2,5.0,302.0,123.0,43.0,39.0,1.0,5.0,950.0,22.6235821,88.4410411,1,5.0,0,0,0,0,1,0,0,0.0,0,0,0,2.0,1,0,1.0,1,0,0,0,183.0,28,86.0,0.65
0.0,3195.0,2.0,5,3.0,1505.0,272.0,45.0,8.0,1.0,2.0,720.0,22.482899,88.282686,1,5.0,0,0,0,0,1,0,0,0.0,0,0,0,2.0,1,0,3.0,0,0,1,0,38.0,27,312.0,0.215
0.0,2714.0,2.0,1,3.0,1504.0,272.0,43.0,20.0,1.0,0.0,700.0,22.481321,88.290565,1,7.0,0,0,0,0,0,0,0,0.0,0,0,0,2.0,1,0,3.0,0,0,1,0,210.0,27,312.0,0.2075
0.0,2535.0,2.0,1,4.0,1504.0,102.0,43.0,17.0,1.0,3.0,950.0,22.484385,88.28875,1,6.0,0,0,0,0,0,1,0,0.0,0,0,0,2.0,1,0,3.0,0,0,1,0,210.0,27,58.0,0.3325
0.0,953.0,2.0,1,4.0,393.0,218.0,43.0,34.0,1.0,2.0,960.0,22.48234,88.41252,1,3.0,0,0,1,0,0,0,0,0.0,0,0,0,2.0,1,0,3.0,0,0,1,0,77.0,27,236.0,0.42
0.0,952.0,2.0,1,5.0,392.0,148.0,43.0,48.0,1.0,3.0,761.0,22.4635084,88.3826622,1,3.0,0,0,1,0,0,0,0,0.0,0,0,0,2.0,1,0,3.0,0,0,1,0,80.0,27,128.0,0.35
0.0,3224.0,3.0,1,5.0,391.0,443.0,43.0,48.0,1.0,2.0,1257.0,22.4635084,88.3826622,1,3.0,0,0,1,0,0,0,0,0.0,0,0,0,2.0,1,0,3.0,0,0,1,0,80.0,27,128.0,0.5782
0.0,2570.0,2.0,6,4.0,506.0,151.0,43.0,50.0,0.0,4.0,860.0,22.4956601,88.3480203,1,1.0,1,0,0,0,0,0,0,0.0,0,0,0,2.0,1,0,3.0,0,0,1,0,82.0,27,134.0,0.6
0.0,3834.0,2.0,6,2.0,381.0,115.0,43.0,34.0,1.0,0.0,700.0,22.45965,88.36521,1,3.0,0,0,1,0,0,0,0,0.0,0,0,0,2.0,1,0,3.0,0,0,1,0,89.0,27,76.0,0.23
0.0,1080.0,3.0,1,4.0,949.0,460.0,43.0,50.0,1.0,1.0,1385.0,22.5058175,88.3639986,1,1.0,1,0,0,0,0,0,0,0.0,0,0,0,2.0,1,0,3.0,0,0,1,0,204.0,27,164.0,1.25
0.0,3131.0,2.0,1,5.0,390.0,240.0,43.0,48.0,1.0,2.0,919.0,22.4687511,88.3960106,1,3.0,0,0,1,0,0,0,0,0.0,0,0,0,2.0,1,0,3.0,0,0,1,0,78.0,27,266.0,0.46
0.0,954.0,3.0,1,5.0,396.0,441.0,43.0,33.0,1.0,1.0,1334.0,22.4578928,88.3706817,1,3.0,0,0,1,0,0,0,0,0.0,0,0,0,2.0,1,0,3.0,0,0,1,0,78.0,27,126.0,0.6
0.0,3473.0,2.0,1,5.0,379.0,113.0,43.0,19.0,1.0,2.0,810.0,22.448698,88.367096,1,4.0,0,0,0,1,0,0,0,0.0,0,0,0,2.0,1,0,3.0,0,0,1,0,206.0,27,74.0,0.3078
0.0,3833.0,2.0,1,5.0,264.0,113.0,43.0,19.0,1.0,3.0,850.0,22.448698,88.367096,1,3.0,0,0,1,0,0,0,0,0.0,0,0,0,2.0,1,0,3.0,0,0,1,0,206.0,27,74.0,0.3229999999999999
0.0,711.0,2.0,1,5.0,395.0,147.0,43.0,20.0,1.0,3.0,860.0,22.4488066,88.3673136,1,3.0,0,0,1,0,0,0,0,0.0,0,0,0,2.0,1,0,3.0,0,0,1,0,206.0,27,126.0,0.326
0.0,709.0,2.0,1,3.0,377.0,147.0,43.0,34.0,1.0,1.0,700.0,22.458296,88.37489,1,6.0,0,0,0,0,0,1,0,0.0,0,0,0,2.0,1,0,3.0,0,0,1,0,80.0,27,126.0,0.285
0.0,3487.0,2.0,1,3.0,374.0,147.0,43.0,34.0,1.0,3.0,850.0,22.458212,88.37498,1,3.0,0,0,1,0,0,0,0,0.0,0,0,0,2.0,1,0,3.0,0,0,1,0,80.0,27,126.0,0.26
0.0,1448.0,2.0,1,3.0,383.0,147.0,43.0,34.0,1.0,0.0,680.0,22.458296,88.37489,1,4.0,0,0,0,1,0,0,0,0.0,0,0,0,2.0,1,0,3.0,0,0,1,0,80.0,27,126.0,0.26
0.0,3842.0,2.0,1,2.0,373.0,147.0,43.0,34.0,1.0,2.0,890.0,22.458212,88.37498,1,4.0,0,0,0,1,0,0,0,0.0,0,0,0,2.0,1,0,3.0,0,0,1,0,80.0,27,126.0,0.32
0.0,710.0,2.0,3,3.0,394.0,242.0,43.0,42.0,1.0,1.0,670.0,22.468409,88.360737,1,3.0,0,0,1,0,0,0,0,1.0,1,0,0,2.0,1,0,3.0,0,0,1,0,190.0,27,269.0,0.22
0.0,677.0,1.0,1,4.0,378.0,12.0,43.0,36.0,1.0,3.0,450.0,22.45758,88.37779,1,3.0,0,0,1,0,0,0,0,0.0,0,0,0,2.0,1,0,3.0,0,0,1,0,80.0,27,74.0,0.155
0.0,1061.0,2.0,3,3.0,949.0,145.0,43.0,50.0,1.0,3.0,1100.0,22.51876,88.36802,1,3.0,0,0,1,0,0,0,0,1.0,1,0,0,2.0,1,0,3.0,0,0,1,0,203.0,27,123.0,0.8
0.0,1711.0,2.0,1,4.0,382.0,147.0,43.0,50.0,1.0,3.0,1078.0,22.4658051,88.384625,1,3.0,0,0,1,0,0,0,0,0.0,0,0,0,2.0,1,0,3.0,0,0,1,0,80.0,27,126.0,0.45
0.0,1588.0,3.0,1,4.0,1160.0,554.0,43.0,45.0,1.0,3.0,1000.0,22.48006,88.30627,1,4.0,0,0,0,1,0,0,0,0.0,0,0,0,2.0,1,0,3.0,0,0,1,0,287.0,27,303.0,0.405
0.0,2529.0,2.0,2,3.0,1160.0,85.0,43.0,42.0,1.0,2.0,850.0,22.481339,88.30265,1,3.0,0,0,1,0,0,0,0,0.0,0,0,0,2.0,1,0,3.0,0,0,1,0,287.0,27,38.0,0.23
0.0,764.0,2.0,3,4.0,1161.0,267.0,43.0,45.0,1.0,2.0,870.0,22.4788135,88.3090479,1,5.0,0,0,0,0,1,0,0,0.0,0,0,0,2.0,1,0,3.0,0,0,1,0,287.0,27,303.0,0.2
0.0,3486.0,2.0,6,3.0,375.0,147.0,43.0,50.0,1.0,2.0,750.0,22.4658051,88.384625,1,3.0,0,0,1,0,0,0,0,1.0,1,0,0,2.0,1,0,3.0,0,0,1,0,80.0,27,126.0,0.32
0.0,2876.0,2.0,2,3.0,949.0,261.0,43.0,47.0,1.0,2.0,940.0,22.46928,88.37202,1,1.0,1,0,0,0,0,0,0,0.0,0,0,0,2.0,1,0,3.0,0,0,1,0,78.0,27,294.0,0.37
0.0,2407.0,2.0,5,4.0,1161.0,102.0,45.0,16.0,1.0,3.0,715.0,22.48348,88.288312,1,5.0,0,0,0,0,1,0,0,0.0,0,0,0,2.0,1,0,3.0,0,0,1,0,210.0,27,58.0,0.286
0.0,3531.0,2.0,6,4.0,64.0,240.0,43.0,50.0,1.0,1.0,800.0,22.4778522,88.3865725,1,1.0,1,0,0,0,0,0,0,0.0,0,0,0,2.0,1,0,3.0,0,0,1,0,79.0,27,266.0,0.51
0.0,287.0,2.0,3,2.0,380.0,351.0,43.0,50.0,1.0,3.118350312197616,1100.0,22.4658051,88.384625,1,3.0,0,0,1,0,0,0,0,0.0,0,0,0,0.0,0,0,3.0,0,0,1,0,80.0,27,126.0,0.52
0.0,3277.0,3.0,2,4.0,1147.0,457.0,43.0,49.0,2.0,4.0,1352.0,22.483805,88.367046,1,1.0,1,0,0,0,0,0,0,1.0,1,0,0,2.0,1,0,3.0,0,0,1,0,190.0,27,160.0,0.75
0.0,951.0,2.0,1,3.0,389.0,147.0,43.0,50.0,1.0,3.0,760.0,22.4658051,88.384625,1,3.0,0,0,1,0,0,0,0,0.0,0,0,0,2.0,1,0,3.0,0,0,1,0,80.0,27,126.0,0.255
0.0,95.0,2.6801899137938063,1,5.0,30.0,769.0,43.0,10.0,1.2358078632661105,4.0,740.0,22.36686,88.43711,1,3.0,0,0,1,0,0,0,0,1.0,1,0,0,2.0,1,0,3.0,0,0,1,0,207.0,27,52.0,0.22
0.0,3088.0,2.0,1,3.0,1223.0,90.0,43.0,39.0,0.0,1.0,930.0,22.4740135,88.3544475,1,1.0,1,0,0,0,0,0,0,0.0,0,0,0,2.0,1,0,3.0,0,0,1,0,89.0,27,45.0,0.42
0.0,3863.0,2.0,1,5.0,1211.0,215.0,43.0,18.0,1.0,1.0,959.0,22.44792,88.40389,1,3.0,0,0,1,0,0,0,0,1.0,1,0,0,2.0,1,0,3.0,0,0,1,0,201.0,27,231.0,0.36
0.0,1070.0,3.0,6,3.0,949.0,461.0,43.0,50.0,1.0,2.0,1100.0,22.5148512,88.3869422,1,6.0,0,0,0,0,0,1,0,0.0,0,0,0,2.0,1,0,3.0,0,0,1,0,197.0,27,165.0,0.68
0.0,1670.0,2.0,1,4.0,949.0,252.0,43.0,12.0,1.0,3.0,983.0,22.613068,88.51087,1,2.0,0,1,0,0,0,0,0,0.0,0,0,0,2.0,1,0,1.0,1,0,0,0,215.0,28,284.0,0.29
0.0,906.0,6.0,1,4.0,157.0,758.0,43.0,8.0,2.0,4.0,2500.0,22.42798,88.41796,1,1.0,1,0,0,0,0,0,0,0.0,0,0,0,2.0,1,0,1.0,1,0,0,0,41.0,28,4.0,1.15
0.0,3383.0,3.0,1,4.0,1471.0,513.0,43.0,8.0,2.0,1.0,1250.0,22.42798,88.41796,1,5.0,0,0,0,0,1,0,0,0.0,0,0,0,2.0,1,0,1.0,1,0,0,0,41.0,28,242.0,0.61
0.0,1758.0,2.0,6,5.0,376.0,147.0,43.0,50.0,1.0,4.0,1017.0,22.4658051,88.384625,1,3.0,0,0,1,0,0,0,0,0.0,0,0,0,2.0,1,0,3.0,0,0,1,0,80.0,27,126.0,0.4576
0.0,949.0,2.0,3,3.0,384.0,95.0,43.0,50.0,1.0,1.0,870.0,22.464529,88.383897,1,3.0,0,0,1,0,0,0,0,1.0,1,0,0,2.0,1,0,3.0,0,0,1,0,80.0,27,50.0,0.5
0.0,1060.0,3.0,1,10.0,949.0,380.0,43.0,50.0,1.0,10.0,1973.0,22.526992,88.368848,1,6.0,0,0,0,0,0,1,0,0.0,0,0,0,2.0,1,0,3.0,0,0,1,0,291.0,27,42.0,2.17
0.0,1079.0,3.0,6,4.0,949.0,460.0,43.0,50.0,2.0,2.0,1275.0,22.5078903,88.3638558,1,6.0,0,0,0,0,0,1,0,0.0,0,0,0,2.0,1,0,3.0,0,0,1,0,204.0,27,164.0,1.15
0.0,2676.0,2.0,1,4.0,1161.0,237.0,43.0,45.0,1.0,2.0,980.0,22.5106194,88.305858,1,3.0,0,0,1,0,0,0,0,0.0,0,0,0,2.0,1,0,3.0,0,0,1,0,286.0,27,263.0,0.47
0.0,1449.0,2.0,1,3.0,387.0,147.0,43.0,50.0,1.0,3.0,1100.0,22.4658051,88.384625,1,4.0,0,0,0,1,0,0,0,0.0,0,0,0,2.0,1,0,3.0,0,0,1,0,80.0,27,126.0,0.46
0.0,3049.0,2.0,6,11.0,722.0,252.0,43.0,9.0,1.0,6.0,897.0,22.6201448,88.4966603,1,3.0,0,0,1,0,0,0,0,0.0,0,0,0,2.0,1,0,1.0,1,0,0,0,228.0,28,284.0,0.435
0.0,1098.0,3.0,1,3.0,956.0,380.0,43.0,50.0,1.0,1.0,1460.0,22.525661,88.37167,1,3.0,0,0,1,0,0,0,0,0.0,0,0,0,2.0,1,0,3.0,0,0,1,0,212.0,27,42.0,1.36
0.0,1053.0,3.0,1,4.0,956.0,533.0,43.0,50.0,1.0,3.0,1705.0,22.507341,88.35792,1,3.0,0,0,1,0,0,0,0,0.0,0,0,0,2.0,1,0,3.0,0,0,1,0,213.0,27,271.0,1.11
0.0,763.0,2.0,3,3.0,1161.0,85.0,43.0,40.0,1.0,2.0,650.0,22.485516,88.301751,1,5.0,0,0,0,0,1,0,0,0.0,0,0,0,2.0,1,0,3.0,0,0,1,0,287.0,27,38.0,0.15
0.0,1738.0,2.0,2,4.0,1161.0,302.0,43.0,18.0,1.0,2.0,741.0,22.4606071,88.3129969,1,3.0,0,0,1,0,0,0,0,1.0,1,0,0,2.0,1,0,3.0,0,0,1,0,206.0,27,355.0,0.235
0.0,2169.0,3.0,1,4.0,1172.0,393.0,43.0,11.0,1.0,0.0,1050.0,22.486498,88.28535,1,4.0,0,0,0,1,0,0,0,0.0,0,0,0,2.0,1,0,3.0,0,0,1,0,206.0,27,58.0,0.28
0.0,3579.0,3.0,1,3.0,1504.0,376.0,43.0,27.0,1.0,0.0,1100.0,22.483595,88.293526,1,7.0,0,0,0,0,0,0,0,0.0,0,0,0,2.0,1,0,3.0,0,0,1,0,191.0,27,38.0,0.26
0.0,3266.0,3.0,1,3.0,954.0,624.0,43.0,50.0,1.0,3.0,1300.0,22.49461,88.38666,1,4.0,0,0,0,1,0,0,0,0.0,0,0,0,1.0,0,0,3.0,0,0,1,0,192.0,27,307.0,0.8
0.0,1073.0,3.0,3,4.0,949.0,481.0,43.0,50.0,1.0,1.0,1550.0,22.5050813878,88.3544763969,1,3.0,0,0,1,0,0,0,0,1.0,1,0,0,2.0,1,0,3.0,0,0,1,0,95.0,27,189.0,1.0
0.0,3882.0,2.0,1,12.0,722.0,252.0,43.0,9.0,1.0,4.0,897.0,22.6204844,88.4963108,1,4.0,0,0,0,1,0,0,0,0.0,0,0,0,2.0,1,0,1.0,1,0,0,0,228.0,28,284.0,0.44
0.0,2530.0,3.0,6,4.0,1504.0,376.0,43.0,42.0,1.0,3.0,1050.0,22.478449,88.301605,1,3.0,0,0,1,0,0,0,0,0.0,0,0,0,2.0,1,0,3.0,0,0,1,0,287.0,27,38.0,0.36
0.0,1409.0,2.0,6,3.0,1501.0,102.0,43.0,11.0,1.0,2.0,710.0,22.486525,88.28526,1,6.0,0,0,0,0,0,1,0,0.0,0,0,0,2.0,1,0,3.0,0,0,1,0,206.0,27,58.0,0.225
0.0,780.0,2.0,6,5.0,1413.0,102.0,43.0,36.0,1.0,0.0,900.0,22.487268,88.29393,1,6.0,0,0,0,0,0,1,0,0.0,0,0,0,2.0,1,0,3.0,0,0,1,0,287.0,27,58.0,0.32
0.0,216.0,3.0,2,14.0,79.0,364.0,43.0,50.0,2.0,11.0,2100.0,22.488602,88.392811,1,3.0,0,0,1,0,0,0,0,1.0,1,0,0,2.0,1,0,3.0,0,0,1,0,88.0,27,12.0,1.82
0.0,2537.0,2.0,1,12.0,524.0,99.0,42.0,15.0,1.0,1.0,774.0,22.494129,88.274638,1,6.0,0,0,0,0,0,1,0,3.0,0,0,1,2.0,1,0,3.0,0,0,1,0,137.0,27,55.0,0.28
0.0,3233.0,3.0,1,12.0,524.0,390.0,42.0,15.0,1.0,3.0,1092.0,22.494129,88.274638,1,4.0,0,0,0,1,0,0,0,3.0,0,0,1,2.0,1,0,3.0,0,0,1,0,137.0,27,55.0,0.51
0.0,99.0,2.0,5,4.0,846.0,189.0,45.0,50.0,1.0,2.0,1086.0,22.5050813878,88.3544763969,1,0.0,0,0,0,0,0,0,0,0.0,0,0,0,2.0,1,0,3.0,0,0,1,0,95.0,27,189.0,0.7
0.0,2859.0,2.0,1,4.0,1507.0,139.0,43.0,50.0,1.0,2.0,720.0,22.609462,88.417212,1,3.0,0,0,1,0,0,0,0,1.0,1,0,0,2.0,1,0,2.0,0,1,0,0,172.0,26,113.0,0.42
0.0,3134.0,2.0,1,12.0,524.0,99.0,42.0,15.0,1.0,1.0,774.0,22.4978086,88.3093517,1,7.0,0,0,0,0,0,0,0,0.0,0,0,0,2.0,1,0,3.0,0,0,1,0,137.0,27,55.0,0.27
0.0,1383.0,1.0,1,5.0,1310.0,1.0,43.0,6.0,1.0,1.0,480.0,22.565882,88.51279,1,8.0,0,0,0,0,0,0,1,0.0,0,0,0,2.0,1,0,1.0,1,0,0,0,10.0,28,6.0,0.22
0.0,1747.0,2.0,5,4.0,886.0,122.0,45.0,11.0,1.0,3.0,900.0,22.855886,88.38,1,3.0,0,0,1,0,0,0,0,0.0,0,0,0,2.0,1,0,4.0,0,0,0,1,281.0,29,84.0,0.324
0.0,1268.0,2.0,3,5.0,700.0,260.0,43.0,50.0,2.0,2.0,1100.0,22.52188,88.3705037,0,1.0,1,0,0,0,0,0,0,0.0,0,0,0,2.0,1,0,3.0,0,0,1,0,203.0,27,293.0,0.55
0.0,38.0,2.0,1,6.0,1206.0,81.0,43.0,40.0,1.0,2.0,742.0,22.614952,88.43902,1,1.0,1,0,0,0,0,0,0,0.0,0,0,0,2.0,1,0,2.0,0,1,0,0,3.0,26,33.0,0.2003
0.0,3825.0,2.0,1,5.0,260.0,81.0,43.0,41.0,1.0,4.0,821.0,22.615217,88.43932,1,4.0,0,0,0,1,0,0,0,0.0,0,0,0,2.0,1,0,2.0,0,1,0,0,1.0,26,33.0,0.21
0.0,1179.0,1.0,2,4.0,556.0,0.0,43.0,28.0,1.0,0.0,500.0,22.60134,88.471506,1,3.0,0,0,1,0,0,0,0,0.0,0,0,0,2.0,1,0,1.0,1,0,0,0,185.0,28,3.0,0.23
0.0,4103.0,3.0,5,10.0,1664.0,542.0,44.0,15.0,1.0,7.0,1365.0,22.638311,88.465164,1,0.0,0,0,0,0,0,0,0,0.0,0,0,0,2.0,1,0,1.0,1,0,0,0,223.0,28,284.0,0.68
0.0,2509.0,3.0,2,14.0,556.0,356.0,43.0,26.0,1.0,12.0,1625.0,22.60134,88.471506,1,6.0,0,0,0,0,0,1,0,0.0,0,0,0,2.0,1,0,1.0,1,0,0,0,185.0,28,3.0,1.05
0.0,3346.0,3.0,1,4.0,949.0,370.0,43.0,37.0,1.0,2.0,1108.0,22.631943,88.44398,1,3.0,0,0,1,0,0,0,0,3.0,0,0,1,2.0,1,0,1.0,1,0,0,0,181.0,28,30.0,0.5032
0.0,4005.0,3.0,1,5.0,1290.0,542.0,43.0,8.0,1.0,2.0,1064.0,22.6006912,88.4694535,1,7.0,0,0,0,0,0,0,0,3.0,0,0,1,2.0,1,0,1.0,1,0,0,0,61.0,28,284.0,0.4718
0.0,3283.0,3.0,1,5.0,1290.0,542.0,43.0,8.0,1.0,3.0,1004.0,22.6006912,88.4694535,1,7.0,0,0,0,0,0,0,0,3.0,0,0,1,2.0,1,0,1.0,1,0,0,0,61.0,28,284.0,0.3989999999999999
0.0,1425.0,3.0,1,5.0,912.0,413.0,42.0,7.0,1.0,1.0,1175.0,22.6235821,88.4410411,1,4.0,0,0,0,1,0,0,0,3.0,0,0,1,2.0,1,0,1.0,1,0,0,0,232.0,28,86.0,0.691
0.0,894.0,4.0,1,6.0,388.0,705.0,43.0,35.0,1.0,4.0,2000.0,22.6006912,88.4694535,1,1.0,1,0,0,0,0,0,0,3.0,0,0,1,2.0,1,0,1.0,1,0,0,0,185.0,28,284.0,1.06
0.0,2686.0,3.0,1,6.0,388.0,542.0,43.0,37.0,1.0,4.0,1365.0,22.633363,88.4523,1,5.0,0,0,0,0,1,0,0,3.0,0,0,1,2.0,1,0,1.0,1,0,0,0,183.0,28,284.0,0.72
0.0,3368.0,3.0,1,20.0,1121.0,504.0,42.0,7.0,1.0,17.0,1424.0,22.440427,88.401162,1,8.0,0,0,0,0,0,0,1,0.0,0,0,0,2.0,1,0,3.0,0,0,1,0,153.0,27,231.0,0.6836
0.0,2285.0,2.0,1,21.0,1116.0,215.0,42.0,14.0,1.0,2.0,955.0,22.4417,88.406284,1,3.0,0,0,1,0,0,0,0,0.0,0,0,0,2.0,1,0,3.0,0,0,1,0,204.0,27,231.0,0.48
0.0,2168.0,2.0,1,21.0,1170.0,86.0,43.0,49.0,1.0,7.0,1918.0,22.533,88.359,1,1.0,1,0,0,0,0,0,0,0.0,0,0,0,2.0,1,0,3.0,0,0,1,0,290.0,27,39.0,1.95
0.0,3675.0,4.0,2,26.0,1671.0,695.0,43.0,16.0,4.0,19.0,3348.0,22.562535,88.495311,1,6.0,0,0,0,0,0,1,0,0.0,0,0,0,2.0,1,0,1.0,1,0,0,0,10.0,28,242.0,1.8
0.0,2382.0,1.0,6,3.0,477.0,20.0,43.0,40.0,1.0,1.0,450.0,22.462875,88.3968,1,5.0,0,0,0,0,1,0,0,0.0,0,0,0,2.0,1,0,3.0,0,0,1,0,80.0,27,126.0,0.17
0.0,1741.0,2.0,1,15.0,1609.0,172.0,42.0,9.0,1.0,8.0,906.0,22.440158,88.294329,1,5.0,0,0,0,0,1,0,0,0.0,0,0,0,2.0,1,0,3.0,0,0,1,0,119.0,27,166.0,0.53
0.0,3838.0,2.0,1,4.0,1658.0,127.0,43.0,6.0,1.0,2.0,720.0,22.675295,88.27963,1,1.0,1,0,0,0,0,0,0,0.0,0,0,0,2.0,1,0,4.0,0,0,0,1,41.0,29,97.0,0.1728
0.0,2379.0,2.0,6,3.0,1032.0,90.0,43.0,44.0,1.0,0.0,702.0,22.468319,88.36367,1,1.0,1,0,0,0,0,0,0,0.0,0,0,0,2.0,1,0,3.0,0,0,1,0,89.0,27,45.0,0.2457
0.0,2381.0,3.0,1,3.0,728.0,441.0,43.0,31.0,1.0,3.0,1075.0,22.453499,88.38434,1,4.0,0,0,0,1,0,0,0,0.0,0,0,0,2.0,1,0,3.0,0,0,1,0,74.0,27,126.0,0.3118
0.0,537.0,2.0,1,5.0,1621.0,252.0,43.0,1.0,1.0,4.0,990.0,22.6065549,88.5255283,1,3.0,0,0,1,0,0,0,0,2.0,0,1,0,2.0,1,0,1.0,1,0,0,0,16.0,28,284.0,0.46
0.0,3855.0,2.0,6,4.0,885.0,186.0,43.0,5.0,1.0,1.0,810.0,22.6998045,88.3111348,1,6.0,0,0,0,0,0,1,0,0.0,0,0,0,2.0,1,0,4.0,0,0,0,1,213.0,29,186.0,0.1903
0.0,2490.0,3.0,1,24.0,1397.0,369.0,42.0,8.0,1.0,10.0,1374.0,22.645631,88.382354,1,8.0,0,0,0,0,0,0,1,3.0,0,0,1,2.0,1,0,2.0,0,1,0,0,118.0,26,28.0,0.89
0.0,2415.0,2.672021502414428,0,4.0,1175.0,774.0,19.0,28.0,1.2297135143990388,3.753961788353753,3239.0,22.60134,88.471506,1,5.0,0,0,0,0,1,0,0,3.0,0,0,1,3.0,0,1,1.0,1,0,0,0,185.0,28,3.0,2.6
0.0,2376.0,3.0,2,13.0,570.0,390.0,43.0,18.0,1.0,9.0,1475.0,22.46192,88.306402,1,3.0,0,0,1,0,0,0,0,0.0,0,0,0,2.0,1,0,3.0,0,0,1,0,213.0,27,55.0,1.0
0.0,2377.0,4.0,3,6.0,1382.0,717.0,43.0,45.0,1.0,3.0,2400.0,22.623126,88.434454,1,3.0,0,0,1,0,0,0,0,1.0,1,0,0,2.0,1,0,2.0,0,1,0,0,183.0,26,353.0,1.65
0.0,2378.0,4.0,5,31.0,1402.0,671.0,44.0,8.0,1.0,20.0,3415.0,22.558639,88.394022,1,3.0,0,0,1,0,0,0,0,0.0,0,0,0,2.0,1,0,1.0,1,0,0,0,118.0,28,116.0,4.11
0.0,3909.0,3.0,1,4.0,949.0,355.0,43.0,22.0,1.0,3.0,1226.0,22.661512,88.390144,1,5.0,0,0,0,0,1,0,0,0.0,0,0,0,2.0,1,0,1.0,1,0,0,0,97.0,28,2.0,0.6743000000000001
0.0,2507.0,2.0,1,4.0,949.0,61.0,43.0,22.0,1.0,3.0,1076.0,22.661512,88.390144,1,1.0,1,0,0,0,0,0,0,0.0,0,0,0,2.0,1,0,1.0,1,0,0,0,97.0,28,2.0,0.6
0.0,1689.0,2.0,1,4.0,949.0,184.0,43.0,47.0,2.0,2.0,674.0,22.598553,88.433365,1,8.0,0,0,0,0,0,0,1,0.0,0,0,0,2.0,1,0,2.0,0,1,0,0,75.0,26,181.0,0.2565
0.0,2101.0,2.0,1,4.0,949.0,184.0,43.0,48.0,1.0,3.0,670.0,22.602814,88.431,1,8.0,0,0,0,0,0,0,1,0.0,0,0,0,2.0,1,0,2.0,0,1,0,0,174.0,26,181.0,0.265
0.0,3024.0,2.0,3,4.0,121.0,184.0,43.0,47.0,0.0,3.0,860.0,22.5985484,88.4333565,1,3.0,0,0,1,0,0,0,0,0.0,0,0,0,2.0,1,0,2.0,0,1,0,0,75.0,26,181.0,0.25
0.0,1981.0,3.0,1,12.0,1567.0,513.0,42.0,8.0,1.0,7.0,1670.0,22.6006912,88.4694535,1,3.0,0,0,1,0,0,0,0,3.0,0,0,1,2.0,1,0,1.0,1,0,0,0,134.0,28,242.0,1.4
0.0,3240.0,3.0,1,11.0,723.0,522.0,43.0,15.0,1.0,5.0,1300.0,22.599273,88.518206,1,0.0,0,0,0,0,0,0,0,0.0,0,0,0,2.0,1,0,1.0,1,0,0,0,26.0,28,255.0,0.52
0.0,2673.0,3.0,1,11.0,723.0,522.0,43.0,15.0,1.0,4.0,1250.0,22.599273,88.518206,1,0.0,0,0,0,0,0,0,0,0.0,0,0,0,2.0,1,0,1.0,1,0,0,0,26.0,28,255.0,0.49
0.0,3121.0,2.0,6,4.0,116.0,184.0,43.0,49.0,1.0,2.0,678.0,22.597569,88.433155,1,3.0,0,0,1,0,0,0,0,0.0,0,0,0,2.0,1,0,2.0,0,1,0,0,75.0,26,181.0,0.27
0.0,3618.0,3.0,1,4.0,950.0,355.0,43.0,25.0,1.0,3.0,1350.0,22.620089,88.49641,1,0.0,0,0,0,0,0,0,0,0.0,0,0,0,2.0,1,0,1.0,1,0,0,0,214.0,28,2.0,0.68
0.0,836.0,3.0,1,4.0,950.0,355.0,43.0,25.0,1.0,3.0,1350.0,22.620089,88.49641,1,0.0,0,0,0,0,0,0,0,0.0,0,0,0,2.0,1,0,1.0,1,0,0,0,214.0,28,2.0,0.75
0.0,838.0,3.0,1,4.0,950.0,355.0,43.0,11.0,1.0,2.0,1350.0,22.5696,88.509926,1,0.0,0,0,0,0,0,0,0,0.0,0,0,0,2.0,1,0,1.0,1,0,0,0,10.0,28,2.0,0.75
0.0,3352.0,3.0,1,4.0,950.0,355.0,43.0,11.0,1.0,2.0,1350.0,22.5696,88.509926,1,0.0,0,0,0,0,0,0,0,0.0,0,0,0,2.0,1,0,1.0,1,0,0,0,10.0,28,2.0,0.68
0.0,3976.0,3.0,1,4.0,950.0,355.0,43.0,11.0,1.0,3.0,1600.0,22.5696,88.509926,1,0.0,0,0,0,0,0,0,0,0.0,0,0,0,2.0,1,0,1.0,1,0,0,0,10.0,28,2.0,0.8
0.0,2147.0,3.0,1,4.0,950.0,355.0,43.0,39.0,1.0,2.0,1600.0,22.609426,88.44146,1,0.0,0,0,0,0,0,0,0,0.0,0,0,0,2.0,1,0,1.0,1,0,0,0,4.0,28,2.0,0.8
0.0,2146.0,3.0,1,4.0,949.0,355.0,43.0,39.0,1.0,2.0,1600.0,22.609426,88.44146,1,3.0,0,0,1,0,0,0,0,0.0,0,0,0,2.0,1,0,1.0,1,0,0,0,4.0,28,2.0,0.86
0.0,3633.0,3.0,1,5.0,949.0,513.0,43.0,28.0,1.0,3.0,1250.0,22.63194,88.46037,1,7.0,0,0,0,0,0,0,0,0.0,0,0,0,2.0,1,0,1.0,1,0,0,0,208.0,28,242.0,0.6
0.0,3289.0,3.0,1,13.0,1398.0,542.0,42.0,15.0,1.0,2.0,1385.0,22.6006912,88.4694535,1,8.0,0,0,0,0,0,0,1,3.0,0,0,1,2.0,1,0,1.0,1,0,0,0,255.0,28,284.0,0.78
0.0,3167.0,2.0,1,5.0,949.0,223.0,43.0,46.0,1.0,2.0,800.0,22.597797,88.439644,1,5.0,0,0,0,0,1,0,0,0.0,0,0,0,2.0,1,0,1.0,1,0,0,0,1.0,28,242.0,0.47
0.0,1536.0,3.0,1,5.0,949.0,513.0,43.0,46.0,1.0,3.0,1300.0,22.597797,88.439644,1,8.0,0,0,0,0,0,0,1,0.0,0,0,0,2.0,1,0,1.0,1,0,0,0,1.0,28,242.0,0.65
0.0,3218.0,3.0,2,23.0,211.0,513.0,43.0,31.0,3.0,6.0,1500.0,22.621523,88.468338,1,8.0,0,0,0,0,0,0,1,0.0,0,0,0,2.0,1,0,1.0,1,0,0,0,209.0,28,242.0,0.9
0.0,1982.0,2.0,2,16.0,203.0,223.0,43.0,35.0,1.0,4.0,860.0,22.6006912,88.4694535,1,5.0,0,0,0,0,1,0,0,3.0,0,0,1,2.0,1,0,1.0,1,0,0,0,185.0,28,242.0,0.45
0.0,1977.0,3.0,2,23.0,211.0,513.0,43.0,35.0,3.0,6.0,1279.0,22.6006912,88.4694535,1,4.0,0,0,0,1,0,0,0,3.0,0,0,1,2.0,1,0,1.0,1,0,0,0,185.0,28,242.0,0.8
0.0,3667.0,3.0,2,21.0,1738.0,585.0,43.0,15.0,1.0,8.0,2234.0,22.535876,88.390695,1,0.0,0,0,0,0,0,0,0,0.0,0,0,0,2.0,1,0,3.0,0,0,1,0,265.0,27,361.0,2.45
0.0,56.0,2.0,3,5.0,1558.0,199.0,43.0,50.0,1.0,3.0,1116.0,22.520683,88.35805,1,1.0,1,0,0,0,0,0,0,2.0,0,1,0,2.0,1,0,3.0,0,0,1,0,211.0,27,203.0,1.4
0.0,2884.0,2.0,5,8.0,1520.0,215.0,45.0,18.0,1.0,4.0,849.0,22.44792,88.40389,1,1.0,1,0,0,0,0,0,0,0.0,0,0,0,2.0,1,0,3.0,0,0,1,0,201.0,27,231.0,0.2887
0.0,1505.0,3.0,5,8.0,1520.0,504.0,45.0,18.0,1.0,7.0,1042.0,22.44792,88.40389,1,1.0,1,0,0,0,0,0,0,0.0,0,0,0,2.0,1,0,3.0,0,0,1,0,201.0,27,231.0,0.3543
0.0,3896.0,2.0,5,4.0,920.0,280.0,45.0,50.0,1.0,3.0,840.0,22.601,88.374,1,1.0,1,0,0,0,0,0,0,0.0,0,0,0,2.0,1,0,2.0,0,1,0,0,71.0,26,326.0,0.504
0.0,1950.0,3.0,3,10.0,823.0,408.0,43.0,49.0,0.0,4.0,1450.0,22.5468344,88.3530029,0,1.0,1,0,0,0,0,0,0,0.0,0,0,0,2.0,1,0,0.0,0,0,0,0,51.0,30,81.0,1.7
0.0,359.0,3.0,1,3.0,920.0,493.0,43.0,50.0,1.0,1.0,1650.0,22.52083,88.356995,1,3.0,0,0,1,0,0,0,0,1.0,1,0,0,2.0,1,0,3.0,0,0,1,0,211.0,27,207.0,1.8
0.0,407.0,3.0,1,11.0,1120.0,504.0,43.0,1.0,1.0,3.0,1515.0,22.431361,88.396724,1,6.0,0,0,0,0,0,1,0,0.0,0,0,0,2.0,1,0,3.0,0,0,1,0,292.0,27,231.0,0.66
0.0,414.0,3.0,3,4.0,920.0,481.0,43.0,50.0,1.0,2.0,1150.0,22.5050813878,88.3544763969,1,3.0,0,0,1,0,0,0,0,2.0,0,1,0,2.0,1,0,3.0,0,0,1,0,95.0,27,189.0,0.85
0.0,167.0,3.0,6,5.0,949.0,493.0,43.0,50.0,1.0,1.0,1540.0,22.520079,88.35098,1,3.0,0,0,1,0,0,0,0,0.0,0,0,0,2.0,1,0,3.0,0,0,1,0,90.0,27,207.0,1.5
0.0,706.0,2.0,3,3.0,920.0,114.0,43.0,50.0,0.0,1.0,860.0,22.480122,88.337,1,7.0,0,0,0,0,0,0,0,1.0,1,0,0,2.0,1,0,3.0,0,0,1,0,89.0,27,75.0,0.5
0.0,364.0,3.0,1,4.0,990.0,569.0,43.0,10.0,1.0,2.0,1120.0,22.439576,88.435783,1,4.0,0,0,0,1,0,0,0,0.0,0,0,0,2.0,1,0,3.0,0,0,1,0,213.0,27,336.0,0.3436999999999999
0.0,3961.0,3.0,6,4.0,920.0,481.0,43.0,50.0,2.0,1.0,1526.0,22.5050813878,88.3544763969,1,1.0,1,0,0,0,0,0,0,0.0,0,0,0,2.0,1,0,3.0,0,0,1,0,95.0,27,189.0,1.5
0.0,3962.0,3.0,3,10.0,921.0,602.0,43.0,49.0,1.0,1.0,950.0,22.536025,88.35469,0,1.0,1,0,0,0,0,0,0,0.0,0,0,0,2.0,1,0,3.0,0,0,1,0,164.0,27,384.0,0.75
0.0,3332.0,3.0,3,4.0,714.0,377.0,43.0,49.0,2.0,1.0,1250.0,22.533,88.359,1,5.0,0,0,0,0,1,0,0,0.0,0,0,0,2.0,1,0,3.0,0,0,1,0,290.0,27,39.0,1.17
0.0,2302.0,3.0,3,9.0,1132.0,362.0,43.0,50.0,2.0,9.0,1625.0,22.5375144,88.331826,0,1.0,1,0,0,0,0,0,0,0.0,0,0,0,2.0,1,0,3.0,0,0,1,0,160.0,27,10.0,1.9
0.0,1949.0,2.0,3,12.0,824.0,119.0,43.0,49.0,0.0,3.0,1450.0,22.5468344,88.3530029,0,7.0,0,0,0,0,0,0,0,0.0,0,0,0,2.0,1,0,0.0,0,0,0,0,51.0,30,81.0,1.7
0.0,343.0,3.0,3,10.0,922.0,452.0,43.0,50.0,1.0,7.0,2100.0,22.5228058,88.3500398,1,1.0,1,0,0,0,0,0,0,2.0,0,1,0,2.0,1,0,3.0,0,0,1,0,90.0,27,150.0,2.35
0.0,3749.0,3.0,3,12.0,847.0,378.0,43.0,49.0,2.0,4.0,1824.0,22.5363984,88.3576624,0,3.0,0,0,1,0,0,0,0,0.0,0,0,0,2.0,1,0,3.0,0,0,1,0,290.0,27,40.0,2.25
0.0,1305.0,2.0,2,4.0,1197.0,109.0,43.0,50.0,2.0,3.0,1350.0,22.50922,88.37177,1,6.0,0,0,0,0,0,1,0,1.0,1,0,0,2.0,1,0,3.0,0,0,1,0,204.0,27,68.0,1.3
0.0,2611.0,3.0,6,4.0,920.0,495.0,43.0,46.0,1.0,3.0,1500.0,22.55615,88.40706,1,1.0,1,0,0,0,0,0,0,0.0,0,0,0,2.0,1,0,1.0,1,0,0,0,163.0,28,210.0,1.04
0.0,3748.0,3.0,3,5.0,949.0,557.0,43.0,49.0,2.0,4.0,1861.0,22.5270755,88.3526547,1,1.0,1,0,0,0,0,0,0,2.0,0,1,0,2.0,1,0,3.0,0,0,1,0,90.0,27,310.0,2.8
0.0,2577.0,2.0,3,3.0,559.0,162.0,43.0,50.0,2.0,2.0,1000.0,22.50394,88.3372,1,3.0,0,0,1,0,0,0,0,1.0,1,0,0,2.0,1,0,3.0,0,0,1,0,94.0,27,153.0,0.9
0.0,3114.0,2.0,3,4.0,507.0,151.0,43.0,50.0,1.0,1.0,1500.0,22.4956601,88.3480203,1,3.0,0,0,1,0,0,0,0,1.0,1,0,0,2.0,1,0,3.0,0,0,1,0,82.0,27,134.0,1.0
0.0,3115.0,2.0,3,4.0,1378.0,151.0,43.0,50.0,1.0,1.0,1518.0,22.4956601,88.3480203,1,1.0,1,0,0,0,0,0,0,0.0,0,0,0,2.0,1,0,3.0,0,0,1,0,82.0,27,134.0,1.0
0.0,53.0,2.0,5,7.0,1527.0,147.0,44.0,14.0,1.0,4.0,848.0,22.4658051,88.384625,1,1.0,1,0,0,0,0,0,0,0.0,0,0,0,2.0,1,0,3.0,0,0,1,0,121.0,27,126.0,0.3198
0.0,406.0,3.0,2,3.0,920.0,501.0,43.0,48.0,1.0,3.0,1450.0,22.473848,88.37003,1,3.0,0,0,1,0,0,0,0,0.0,0,0,0,2.0,1,0,3.0,0,0,1,0,89.0,27,225.0,0.95
0.0,1315.0,3.0,3,4.0,920.0,583.0,43.0,50.0,2.0,4.0,1376.0,22.497051,88.34817,1,4.0,0,0,0,1,0,0,0,1.0,1,0,0,2.0,1,0,3.0,0,0,1,0,82.0,27,359.0,0.95
0.0,33.0,2.0,3,4.0,841.0,151.0,43.0,50.0,1.0,1.0,1000.0,22.497383,88.34834,1,3.0,0,0,1,0,0,0,0,0.0,0,0,0,2.0,1,0,3.0,0,0,1,0,82.0,27,134.0,0.75
0.0,3828.0,2.0,3,11.0,182.0,87.0,43.0,50.0,0.0,8.0,850.0,22.524519,88.36768,0,7.0,0,0,0,0,0,0,0,0.0,0,0,0,2.0,1,0,3.0,0,0,1,0,212.0,27,40.0,0.8
0.0,1140.0,2.0,3,3.0,949.0,157.0,43.0,50.0,1.0,3.0,680.0,22.48013,88.3369,1,4.0,0,0,0,1,0,0,0,0.0,0,0,0,2.0,1,0,3.0,0,0,1,0,89.0,27,144.0,0.3
0.0,432.0,2.0,1,4.0,990.0,288.0,43.0,21.0,1.0,4.0,955.0,22.446924,88.392635,1,4.0,0,0,0,1,0,0,0,0.0,0,0,0,2.0,1,0,3.0,0,0,1,0,172.0,27,336.0,0.3024
0.0,1485.0,3.0,5,11.0,1469.0,488.0,45.0,30.0,1.0,8.0,1169.0,22.45365,88.38791,1,1.0,1,0,0,0,0,0,0,0.0,0,0,0,2.0,1,0,3.0,0,0,1,0,74.0,27,198.0,0.7598999999999999
0.0,1870.0,3.0,5,7.0,1662.0,488.0,45.0,30.0,1.0,5.0,1175.0,22.45365,88.38791,1,1.0,1,0,0,0,0,0,0,0.0,0,0,0,2.0,1,0,3.0,0,0,1,0,74.0,27,198.0,0.6463
0.0,3602.0,3.0,5,4.0,316.0,471.0,45.0,26.0,1.0,2.0,1140.0,22.449487,88.395542,1,1.0,1,0,0,0,0,0,0,0.0,0,0,0,2.0,1,0,3.0,0,0,1,0,74.0,27,176.0,0.5529
0.0,1843.0,3.0,6,11.0,351.0,435.0,43.0,42.0,1.0,6.0,1075.0,22.548114,88.4004968,1,1.0,1,0,0,0,0,0,0,0.0,0,0,0,2.0,1,0,3.0,0,0,1,0,193.0,27,116.0,0.4945
0.0,388.0,2.0,1,3.0,920.0,179.0,43.0,1.0,1.0,1.0,719.0,22.429472,88.397316,1,1.0,1,0,0,0,0,0,0,0.0,0,0,0,2.0,1,0,3.0,0,0,1,0,292.0,27,176.0,0.2732
0.0,1395.0,4.0,1,12.0,1245.0,655.0,43.0,50.0,2.0,6.0,2800.0,22.527056,88.37104,1,3.0,0,0,1,0,0,0,0,0.0,0,0,0,2.0,1,0,3.0,0,0,1,0,291.0,27,42.0,3.98
0.0,387.0,2.0,3,4.0,920.0,152.0,43.0,50.0,1.0,3.0,854.0,22.496542,88.35328,1,6.0,0,0,0,0,0,1,0,1.0,1,0,0,2.0,1,0,3.0,0,0,1,0,82.0,27,135.0,0.55
0.0,2741.0,3.0,3,4.0,1638.0,583.0,43.0,50.0,2.0,4.0,1772.0,22.497414,88.35202,1,3.0,0,0,1,0,0,0,0,0.0,0,0,0,2.0,1,0,3.0,0,0,1,0,95.0,27,359.0,1.5
0.0,1481.0,3.0,1,4.0,954.0,481.0,43.0,50.0,2.0,1.0,1526.0,22.49732,88.35195,1,1.0,1,0,0,0,0,0,0,0.0,0,0,0,2.0,1,0,3.0,0,0,1,0,82.0,27,189.0,1.5
0.0,1845.0,3.0,3,5.0,763.0,377.0,43.0,50.0,1.0,1.0,1350.0,22.534313,88.36895,1,4.0,0,0,0,1,0,0,0,0.0,0,0,0,2.0,1,0,3.0,0,0,1,0,290.0,27,39.0,1.55
0.0,3409.0,4.0,3,11.0,1394.0,649.0,43.0,50.0,1.0,9.0,2525.0,22.522484,88.32527,1,5.0,0,0,0,0,1,0,0,0.0,0,0,0,2.0,1,0,2.0,0,1,0,0,285.0,26,10.0,2.5
0.0,2301.0,3.0,3,9.0,1132.0,362.0,43.0,50.0,2.0,9.0,1625.0,22.522295,88.32532,0,1.0,1,0,0,0,0,0,0,0.0,0,0,0,2.0,1,0,3.0,0,0,1,0,285.0,27,10.0,1.9
0.0,1929.0,3.0,3,4.0,758.0,378.0,43.0,49.0,1.0,2.0,1658.0,22.5363984,88.3576624,1,1.0,1,0,0,0,0,0,0,1.0,1,0,0,2.0,1,0,3.0,0,0,1,0,290.0,27,40.0,2.5
0.0,2674.0,2.0,3,3.0,920.0,233.0,43.0,50.0,0.0,1.0,840.0,22.509784,88.389646,1,1.0,1,0,0,0,0,0,0,0.0,0,0,0,2.0,1,0,3.0,0,0,1,0,192.0,27,256.0,0.55
0.0,3999.0,3.0,3,10.0,1466.0,534.0,43.0,50.0,1.0,1.0,1953.0,22.50261,88.39179,1,0.0,0,0,0,0,0,0,0,0.0,0,0,0,2.0,1,0,3.0,0,0,1,0,192.0,27,272.0,2.2
0.0,434.0,3.0,3,4.0,920.0,444.0,43.0,50.0,0.0,0.0,1050.0,22.52484897106661,88.36592574181033,1,3.0,0,0,1,0,0,0,0,1.0,1,0,0,2.0,1,0,3.0,0,0,1,0,212.0,27,129.0,0.95
0.0,404.0,3.0,2,3.0,1112.0,474.0,43.0,50.0,2.0,3.0,2380.0,22.519587,88.376107,1,0.0,0,0,0,0,0,0,0,1.0,1,0,0,2.0,1,0,3.0,0,0,1,0,178.0,27,179.0,1.3
0.0,373.0,4.0,3,5.0,1513.0,649.0,43.0,50.0,2.0,5.0,3085.0,22.5375144,88.331826,1,1.0,1,0,0,0,0,0,0,1.0,1,0,0,2.0,1,0,3.0,0,0,1,0,160.0,27,10.0,2.5
0.0,1557.0,3.0,3,4.0,1702.0,526.0,43.0,50.0,0.0,4.0,1240.0,22.5219079,88.3587831,1,1.0,1,0,0,0,0,0,0,0.0,0,0,0,2.0,1,0,3.0,0,0,1,0,40.0,27,260.0,1.1
0.0,771.0,2.0,3,14.0,1271.0,87.0,43.0,49.0,2.0,8.0,1150.0,22.5363984,88.3576624,0,1.0,1,0,0,0,0,0,0,0.0,0,0,0,2.0,1,0,3.0,0,0,1,0,290.0,27,40.0,1.2
0.0,2895.0,2.0,5,4.0,1544.0,62.0,45.0,28.0,1.0,2.0,1008.0,22.60134,88.471506,1,1.0,1,0,0,0,0,0,0,0.0,0,0,0,2.0,1,0,1.0,1,0,0,0,185.0,28,3.0,0.4379999999999999
0.0,3148.0,2.0,2,3.0,920.0,260.0,43.0,50.0,1.0,2.0,1100.0,22.52188,88.3705037,1,1.0,1,0,0,0,0,0,0,0.0,0,0,0,2.0,1,0,3.0,0,0,1,0,203.0,27,293.0,0.95
0.0,785.0,2.0,3,5.0,1558.0,199.0,43.0,50.0,1.0,3.0,1176.0,22.522419,88.367294,1,1.0,1,0,0,0,0,0,0,1.0,1,0,0,2.0,1,0,3.0,0,0,1,0,203.0,27,203.0,1.4
0.0,1312.0,3.0,3,11.0,637.0,377.0,43.0,49.0,1.0,3.0,1552.0,22.5305096,88.3627061,0,3.0,0,0,1,0,0,0,0,0.0,0,0,0,2.0,1,0,3.0,0,0,1,0,290.0,27,39.0,1.65
0.0,1412.0,2.0,3,5.0,907.0,109.0,43.0,50.0,1.0,5.0,1100.0,22.5323,88.34227,1,1.0,1,0,0,0,0,0,0,2.0,0,1,0,2.0,1,0,3.0,0,0,1,0,84.0,27,68.0,1.25
0.0,2432.0,3.0,3,5.0,1208.0,557.0,43.0,49.0,1.0,4.0,1861.0,22.526455,88.352621,1,1.0,1,0,0,0,0,0,0,2.0,0,1,0,2.0,1,0,3.0,0,0,1,0,90.0,27,310.0,2.5
0.0,2730.0,3.0,6,5.0,759.0,571.0,43.0,50.0,1.0,2.0,1500.0,22.5133969,88.356058,1,1.0,1,0,0,0,0,0,0,0.0,0,0,0,2.0,1,0,3.0,0,0,1,0,197.0,27,340.0,2.1
0.0,2064.0,3.0,6,5.0,920.0,484.0,43.0,49.0,0.0,2.0,2550.0,22.52703,88.35268,1,1.0,1,0,0,0,0,0,0,0.0,0,0,0,2.0,1,0,3.0,0,0,1,0,90.0,27,193.0,2.7
0.0,1454.0,3.0,3,4.0,580.0,460.0,43.0,50.0,1.0,3.0,2320.0,22.5058175,88.3639986,1,1.0,1,0,0,0,0,0,0,1.0,1,0,0,2.0,1,0,3.0,0,0,1,0,204.0,27,164.0,2.1
0.0,2619.0,4.0,6,35.0,1033.0,692.0,42.0,15.0,3.0,17.0,2678.0,22.573977,88.398249,1,0.0,0,0,0,0,0,0,0,0.0,0,0,0,2.0,1,0,2.0,0,1,0,0,58.0,26,233.0,3.05
0.0,3921.0,3.0,3,5.0,500.0,377.0,43.0,50.0,0.0,3.0,1400.0,22.5339823,88.3646805,1,1.0,1,0,0,0,0,0,0,0.0,0,0,0,2.0,1,0,3.0,0,0,1,0,290.0,27,39.0,1.4
0.0,1313.0,3.0,3,4.0,920.0,571.0,43.0,50.0,1.0,1.0,1700.0,22.5133969,88.356058,1,0.0,0,0,0,0,0,0,0,2.0,0,1,0,2.0,1,0,3.0,0,0,1,0,197.0,27,340.0,1.6
0.0,384.0,1.0,3,5.0,920.0,21.0,43.0,50.0,1.0,4.0,900.0,22.5158558,88.36764819999996,1,1.0,1,0,0,0,0,0,0,1.0,1,0,0,2.0,1,0,3.0,0,0,1,0,204.0,27,129.0,0.8
0.0,3113.0,2.0,3,3.0,949.0,211.0,43.0,48.0,1.0,1.0,750.0,22.473451,88.368155,1,1.0,1,0,0,0,0,0,0,0.0,0,0,0,2.0,1,0,3.0,0,0,1,0,89.0,27,225.0,0.37
0.0,413.0,3.0,6,4.0,990.0,569.0,43.0,21.0,1.0,4.0,1120.0,22.446924,88.392635,1,3.0,0,0,1,0,0,0,0,0.0,0,0,0,2.0,1,0,3.0,0,0,1,0,172.0,27,336.0,0.3436
0.0,326.0,2.0,6,4.0,949.0,215.0,43.0,18.0,1.0,4.0,715.0,22.44792,88.40389,1,4.0,0,0,0,1,0,0,0,0.0,0,0,0,2.0,1,0,3.0,0,0,1,0,201.0,27,231.0,0.2471999999999999
0.0,3756.0,4.0,1,35.0,1033.0,692.0,42.0,15.0,2.0,17.0,2800.0,22.57749,88.38099,1,3.0,0,0,1,0,0,0,0,0.0,0,0,0,2.0,1,0,2.0,0,1,0,0,58.0,26,233.0,3.0
0.0,3743.0,3.0,5,4.0,921.0,495.0,45.0,25.0,1.0,3.0,1500.0,22.715388,88.378133,0,0.0,0,0,0,0,0,0,0,0.0,0,0,0,2.0,1,0,1.0,1,0,0,0,200.0,28,210.0,0.975
0.0,351.0,3.0,3,4.0,942.0,460.0,43.0,50.0,2.0,4.0,2700.0,22.5058175,88.3639986,1,3.0,0,0,1,0,0,0,0,0.0,0,0,0,2.0,1,0,3.0,0,0,1,0,204.0,27,164.0,2.9
0.0,2563.0,3.0,3,5.0,503.0,440.0,43.0,50.0,0.0,3.0,1400.0,22.526062,88.36497,1,5.0,0,0,0,0,1,0,0,0.0,0,0,0,2.0,1,0,3.0,0,0,1,0,197.0,27,125.0,1.4
0.0,3742.0,3.0,1,11.0,1736.0,435.0,43.0,9.0,1.0,7.0,1293.0,22.548114,88.4004968,1,7.0,0,0,0,0,0,0,0,0.0,0,0,0,2.0,1,0,3.0,0,0,1,0,157.0,27,116.0,0.82
0.0,3907.0,2.0,3,14.0,139.0,305.0,43.0,50.0,1.0,0.0,1300.0,22.482574,88.350784,0,1.0,1,0,0,0,0,0,0,1.0,1,0,0,2.0,1,0,3.0,0,0,1,0,89.0,27,359.0,1.2
0.0,329.0,2.0,2,4.0,921.0,171.0,43.0,50.0,1.0,2.0,968.0,22.5058175,88.3639986,1,1.0,1,0,0,0,0,0,0,1.0,1,0,0,2.0,1,0,3.0,0,0,1,0,204.0,27,164.0,1.0
0.0,381.0,4.0,3,11.0,1394.0,649.0,43.0,50.0,1.0,9.0,2525.0,22.49766,88.35196,1,3.0,0,0,1,0,0,0,0,0.0,0,0,0,2.0,1,0,3.0,0,0,1,0,95.0,27,10.0,2.7
0.0,1453.0,3.0,1,3.0,920.0,457.0,43.0,50.0,1.0,2.0,1820.0,22.534313,88.36895,1,3.0,0,0,1,0,0,0,0,0.0,0,0,0,2.0,1,0,3.0,0,0,1,0,290.0,27,160.0,1.52
0.0,3868.0,2.0,5,4.0,1544.0,64.0,45.0,32.0,1.0,3.0,1065.0,22.626212,88.46577,1,0.0,0,0,0,0,0,0,0,0.0,0,0,0,2.0,1,0,1.0,1,0,0,0,208.0,28,5.0,0.53
0.0,584.0,2.0,5,6.0,441.0,88.0,45.0,12.0,1.0,2.0,920.0,22.923422,88.382006,1,3.0,0,0,1,0,0,0,0,0.0,0,0,0,2.0,1,0,4.0,0,0,0,1,213.0,29,43.0,0.2751
0.0,3516.0,2.0,1,4.0,405.0,219.0,43.0,49.0,2.0,1.0,1000.0,22.5143577,88.3251456,1,1.0,1,0,0,0,0,0,0,0.0,0,0,0,2.0,1,0,3.0,0,0,1,0,286.0,27,237.0,0.8
0.0,4062.0,3.0,6,11.0,347.0,441.0,43.0,50.0,1.0,11.0,1079.0,22.4658051,88.384625,1,3.0,0,0,1,0,0,0,0,0.0,0,0,0,2.0,1,0,3.0,0,0,1,0,80.0,27,126.0,0.4963
0.0,4061.0,2.0,6,11.0,347.0,147.0,43.0,50.0,1.0,6.0,950.0,22.4658051,88.384625,1,3.0,0,0,1,0,0,0,0,0.0,0,0,0,2.0,1,0,3.0,0,0,1,0,80.0,27,126.0,0.437
0.0,1119.0,3.0,6,15.0,1470.0,441.0,42.0,3.0,1.0,7.0,1240.0,22.407335,88.413744,1,3.0,0,0,1,0,0,0,0,0.0,0,0,0,2.0,1,0,3.0,0,0,1,0,41.0,27,126.0,0.68
0.0,2167.0,4.0,5,15.0,1040.0,671.0,45.0,3.0,2.0,6.0,1539.0,22.406595,88.413719,1,3.0,0,0,1,0,0,0,0,0.0,0,0,0,2.0,1,0,3.0,0,0,1,0,41.0,27,116.0,0.8
0.0,3605.0,3.0,6,3.0,920.0,481.0,43.0,50.0,1.0,2.0,1175.0,22.5050813878,88.3544763969,1,1.0,1,0,0,0,0,0,0,0.0,0,0,0,2.0,1,0,3.0,0,0,1,0,95.0,27,189.0,0.86
0.0,3317.0,3.0,3,11.0,920.0,378.0,43.0,49.0,1.0,7.0,2850.0,22.5363984,88.3576624,1,1.0,1,0,0,0,0,0,0,0.0,0,0,0,2.0,1,0,3.0,0,0,1,0,290.0,27,40.0,3.65
0.0,1542.0,1.0,2,4.0,1308.0,42.0,43.0,10.0,1.0,2.0,450.0,22.568151,88.51154,1,8.0,0,0,0,0,0,0,1,0.0,0,0,0,2.0,1,0,1.0,1,0,0,0,10.0,28,242.0,0.22
0.0,2661.0,2.0,2,14.0,1308.0,223.0,43.0,9.0,1.0,4.0,650.0,22.568007,88.51149,1,2.0,0,1,0,0,0,0,0,0.0,0,0,0,2.0,1,0,1.0,1,0,0,0,10.0,28,242.0,0.31
0.0,2463.0,2.0,2,14.0,1308.0,223.0,43.0,9.0,1.0,7.0,650.0,22.568007,88.51149,1,4.0,0,0,0,1,0,0,0,0.0,0,0,0,2.0,1,0,1.0,1,0,0,0,10.0,28,242.0,0.325
0.0,2662.0,3.0,1,14.0,1308.0,513.0,43.0,11.0,1.0,2.0,910.0,22.56997,88.50895,1,2.0,0,1,0,0,0,0,0,0.0,0,0,0,2.0,1,0,1.0,1,0,0,0,10.0,28,242.0,0.56
0.0,2464.0,3.0,1,14.0,1308.0,513.0,43.0,11.0,1.0,12.0,905.0,22.56997,88.50895,1,7.0,0,0,0,0,0,0,0,0.0,0,0,0,2.0,1,0,1.0,1,0,0,0,10.0,28,242.0,0.55
0.0,863.0,3.0,1,14.0,1308.0,513.0,43.0,11.0,1.0,12.0,909.0,22.569948,88.508965,1,3.0,0,0,1,0,0,0,0,0.0,0,0,0,2.0,1,0,1.0,1,0,0,0,10.0,28,242.0,0.52
0.0,1137.0,3.0,6,5.0,505.0,486.0,43.0,25.0,1.0,2.0,1115.0,22.702611,88.470965,1,0.0,0,0,0,0,0,0,0,2.0,0,1,0,2.0,1,0,2.0,0,1,0,0,213.0,26,195.0,0.55
0.0,882.0,3.0,1,16.0,1620.0,542.0,42.0,15.0,1.0,10.0,1350.0,22.5539607,88.3710407,1,0.0,0,0,0,0,0,0,0,0.0,0,0,0,2.0,1,0,1.0,1,0,0,0,250.0,28,284.0,1.12
0.0,2708.0,3.0,6,3.0,1620.0,542.0,42.0,15.0,1.0,3.0,1015.0,22.5539607,88.3710407,1,0.0,0,0,0,0,0,0,0,3.0,0,0,1,2.0,1,0,1.0,1,0,0,0,250.0,28,284.0,1.07
0.0,4092.0,2.0,6,16.0,1620.0,252.0,42.0,15.0,1.0,10.0,725.0,22.5539607,88.3710407,1,0.0,0,0,0,0,0,0,0,0.0,0,0,0,2.0,1,0,1.0,1,0,0,0,250.0,28,284.0,0.81
0.0,1255.0,2.0,1,16.0,1620.0,252.0,42.0,15.0,1.0,8.0,950.0,22.5539607,88.3710407,1,0.0,0,0,0,0,0,0,0,0.0,0,0,0,2.0,1,0,1.0,1,0,0,0,250.0,28,284.0,0.82
0.0,701.0,2.0,1,14.0,210.0,223.0,42.0,5.0,1.0,9.0,480.0,22.565687,88.513371,1,3.0,0,0,1,0,0,0,0,0.0,0,0,0,2.0,1,0,1.0,1,0,0,0,9.0,28,242.0,0.331
0.0,1764.0,3.0,1,14.0,210.0,513.0,42.0,35.0,1.0,9.0,910.0,22.6006912,88.4694535,1,5.0,0,0,0,0,1,0,0,0.0,0,0,0,2.0,1,0,1.0,1,0,0,0,185.0,28,242.0,0.55
0.0,3821.0,2.0,1,14.0,1533.0,65.0,43.0,10.0,1.0,7.0,480.0,22.570301,88.511528,1,5.0,0,0,0,0,1,0,0,3.0,0,0,1,2.0,1,0,1.0,1,0,0,0,10.0,28,6.0,0.34
0.0,1385.0,2.0,1,14.0,1533.0,65.0,43.0,10.0,1.0,9.0,480.0,22.5700416,88.5116943,1,8.0,0,0,0,0,0,0,1,0.0,0,0,0,2.0,1,0,1.0,1,0,0,0,10.0,28,6.0,0.326
0.0,2516.0,1.0,1,4.0,1533.0,1.0,43.0,10.0,1.0,1.0,320.0,22.570301,88.511528,1,1.0,1,0,0,0,0,0,0,0.0,0,0,0,2.0,1,0,1.0,1,0,0,0,10.0,28,6.0,0.215
0.0,2640.0,1.0,1,4.0,210.0,42.0,42.0,35.0,1.0,4.0,480.0,22.6006912,88.4694535,1,8.0,0,0,0,0,0,0,1,0.0,0,0,0,2.0,1,0,1.0,1,0,0,0,185.0,28,242.0,0.17
0.0,3461.0,2.0,1,14.0,1533.0,65.0,43.0,10.0,1.0,7.0,480.0,22.570301,88.511528,1,8.0,0,0,0,0,0,0,1,0.0,0,0,0,2.0,1,0,1.0,1,0,0,0,10.0,28,6.0,0.324
0.0,3518.0,2.0,1,14.0,210.0,223.0,42.0,5.0,1.0,1.0,480.0,22.565687,88.513371,1,8.0,0,0,0,0,0,0,1,0.0,0,0,0,2.0,1,0,1.0,1,0,0,0,9.0,28,242.0,0.28
0.0,3820.0,2.0,1,14.0,1533.0,65.0,43.0,10.0,1.0,14.0,480.0,22.570301,88.511528,1,8.0,0,0,0,0,0,0,1,0.0,0,0,0,2.0,1,0,1.0,1,0,0,0,10.0,28,6.0,0.301
0.0,2518.0,2.0,1,14.0,1533.0,65.0,43.0,10.0,1.0,2.0,480.0,22.570301,88.511528,1,1.0,1,0,0,0,0,0,0,0.0,0,0,0,2.0,1,0,1.0,1,0,0,0,10.0,28,6.0,0.3339999999999999
0.0,3197.0,2.0,1,14.0,1533.0,65.0,43.0,10.0,1.0,2.0,480.0,22.570301,88.511528,1,1.0,1,0,0,0,0,0,0,0.0,0,0,0,2.0,1,0,1.0,1,0,0,0,10.0,28,6.0,0.315
0.0,2336.0,3.0,1,5.0,1560.0,590.0,43.0,45.0,2.0,4.0,1525.0,22.627742,88.4334129,1,2.0,0,1,0,0,0,0,0,2.0,0,1,0,2.0,1,0,2.0,0,1,0,0,180.0,26,368.0,0.68
0.0,2646.0,3.0,2,29.0,439.0,513.0,43.0,15.0,2.0,4.0,1955.0,22.5678062,88.5167799,1,0.0,0,0,0,0,0,0,0,1.0,1,0,0,2.0,1,0,1.0,1,0,0,0,254.0,28,242.0,1.35
0.0,3325.0,3.0,2,29.0,439.0,513.0,43.0,15.0,2.0,6.0,1697.0,22.5677248,88.5183136,1,0.0,0,0,0,0,0,0,0,0.0,0,0,0,2.0,1,0,1.0,1,0,0,0,254.0,28,242.0,1.05
0.0,805.0,3.0,1,30.0,440.0,513.0,42.0,15.0,2.0,14.0,1528.0,22.5652168,88.5189098,1,0.0,0,0,0,0,0,0,0,1.0,1,0,0,2.0,1,0,1.0,1,0,0,0,263.0,28,242.0,1.15
0.0,3553.0,2.0,6,16.0,1620.0,252.0,42.0,15.0,2.0,7.0,940.0,22.6006912,88.4694535,1,0.0,0,0,0,0,0,0,0,0.0,0,0,0,2.0,1,0,1.0,1,0,0,0,250.0,28,284.0,0.75
0.0,1679.0,2.0,6,16.0,1620.0,252.0,42.0,15.0,2.0,12.0,1200.0,22.6006912,88.4694535,1,0.0,0,0,0,0,0,0,0,0.0,0,0,0,2.0,1,0,1.0,1,0,0,0,250.0,28,284.0,0.95
0.0,3554.0,2.0,6,16.0,1620.0,252.0,42.0,15.0,1.0,16.0,950.0,22.6006912,88.4694535,1,0.0,0,0,0,0,0,0,0,0.0,0,0,0,2.0,1,0,1.0,1,0,0,0,250.0,28,284.0,0.8
0.0,1883.0,4.0,6,16.0,1620.0,705.0,42.0,15.0,3.0,7.0,1600.0,22.6006912,88.4694535,1,0.0,0,0,0,0,0,0,0,0.0,0,0,0,2.0,1,0,1.0,1,0,0,0,250.0,28,284.0,1.2
0.0,774.0,2.0,2,14.0,1309.0,252.0,43.0,35.0,1.0,10.0,650.0,22.6006912,88.4694535,1,0.0,0,0,0,0,0,0,0,0.0,0,0,0,2.0,1,0,1.0,1,0,0,0,185.0,28,284.0,0.35
0.0,2650.0,3.0,1,21.0,440.0,513.0,42.0,15.0,2.0,10.0,1606.0,22.6006912,88.4694535,1,0.0,0,0,0,0,0,0,0,0.0,0,0,0,2.0,1,0,1.0,1,0,0,0,263.0,28,242.0,1.15
0.0,3724.0,4.0,3,5.0,1102.0,685.0,43.0,49.0,1.0,3.0,1950.0,22.6030366,88.4040291,1,1.0,1,0,0,0,0,0,0,1.0,1,0,0,2.0,1,0,2.0,0,1,0,0,172.0,26,192.0,0.82
0.0,372.0,4.0,3,4.0,1276.0,681.0,43.0,49.0,1.0,2.0,1875.0,22.578176,88.390575,1,5.0,0,0,0,0,1,0,0,0.0,0,0,0,2.0,1,0,2.0,0,1,0,0,42.0,26,178.0,1.4
0.0,3735.0,2.0,1,4.0,48.0,241.0,43.0,49.0,1.0,2.0,1020.0,22.5723279,88.3888062,1,1.0,1,0,0,0,0,0,0,0.0,0,0,0,2.0,1,0,2.0,0,1,0,0,50.0,26,267.0,0.65
0.0,185.0,3.0,3,5.0,662.0,473.0,43.0,49.0,1.0,1.0,1523.0,22.577629,88.393108,1,5.0,0,0,0,0,1,0,0,0.0,0,0,0,2.0,1,0,2.0,0,1,0,0,101.0,26,178.0,1.35
0.0,3758.0,4.0,1,17.0,57.0,685.0,43.0,49.0,1.0,5.0,1940.0,22.597863,88.402625,1,1.0,1,0,0,0,0,0,0,0.0,0,0,0,2.0,1,0,2.0,0,1,0,0,74.0,26,192.0,1.7
0.0,3750.0,3.0,6,4.0,478.0,382.0,43.0,50.0,1.0,3.0,1400.0,22.607995,88.405566,1,1.0,1,0,0,0,0,0,0,0.0,0,0,0,2.0,1,0,2.0,0,1,0,0,74.0,26,44.0,0.75
0.0,112.0,2.0,2,5.0,972.0,252.0,43.0,42.0,1.0,4.0,850.0,22.572338,88.43358,1,6.0,0,0,0,0,0,1,0,0.0,0,0,0,2.0,1,0,1.0,1,0,0,0,46.0,28,284.0,0.24
0.0,3359.0,3.0,1,5.0,972.0,464.0,43.0,29.0,1.0,4.0,1267.0,22.632324,88.48269,1,7.0,0,0,0,0,0,0,0,0.0,0,0,0,2.0,1,0,2.0,0,1,0,0,208.0,26,168.0,0.5
0.0,249.0,2.0,2,5.0,1143.0,210.0,43.0,29.0,1.0,2.0,945.0,22.632324,88.48269,1,7.0,0,0,0,0,0,0,0,3.0,0,0,1,2.0,1,0,1.0,1,0,0,0,208.0,28,224.0,0.45
0.0,1077.0,3.0,6,4.0,674.0,507.0,43.0,34.0,1.0,3.0,1170.0,22.480657,88.4133019,1,3.0,0,0,1,0,0,0,0,0.0,0,0,0,2.0,1,0,3.0,0,0,1,0,77.0,27,236.0,0.4679999999999999
0.0,1062.0,3.0,1,3.0,1424.0,507.0,43.0,28.0,1.0,1.0,1400.0,22.4839366,88.4155979,1,5.0,0,0,0,0,1,0,0,0.0,0,0,0,2.0,1,0,3.0,0,0,1,0,189.0,27,236.0,0.65
0.0,2880.0,2.0,1,3.0,285.0,222.0,43.0,41.0,1.0,2.0,800.0,22.481123,88.4085,1,4.0,0,0,0,1,0,0,0,0.0,0,0,0,2.0,1,0,3.0,0,0,1,0,77.0,27,240.0,0.336
0.0,2879.0,1.0,1,3.0,285.0,41.0,43.0,41.0,1.0,2.0,502.0,22.481123,88.4085,1,1.0,1,0,0,0,0,0,0,0.0,0,0,0,2.0,1,0,3.0,0,0,1,0,77.0,27,240.0,0.2108
0.0,1066.0,2.0,5,3.0,992.0,240.0,45.0,50.0,1.0,1.0,989.0,22.47636,88.38565,1,1.0,1,0,0,0,0,0,0,0.0,0,0,0,2.0,1,0,3.0,0,0,1,0,80.0,27,266.0,0.6132
0.0,78.0,3.0,5,4.0,515.0,501.0,45.0,48.0,1.0,1.0,1143.0,22.473451,88.368155,1,1.0,1,0,0,0,0,0,0,0.0,0,0,0,2.0,1,0,3.0,0,0,1,0,89.0,27,225.0,0.7772
0.0,77.0,2.0,5,4.0,515.0,211.0,45.0,48.0,1.0,1.0,984.0,22.473451,88.368155,1,1.0,1,0,0,0,0,0,0,0.0,0,0,0,2.0,1,0,3.0,0,0,1,0,89.0,27,225.0,0.6690999999999999
0.0,1032.0,2.0,1,3.0,657.0,218.0,43.0,43.0,1.0,2.0,818.0,22.4876851,88.4110104,1,3.0,0,0,1,0,0,0,0,0.0,0,0,0,2.0,1,0,3.0,0,0,1,0,189.0,27,236.0,0.3354
0.0,1065.0,3.0,6,3.0,1418.0,507.0,43.0,38.0,1.0,2.0,1079.0,22.4892071,88.4128952,1,1.0,1,0,0,0,0,0,0,0.0,0,0,0,2.0,1,0,3.0,0,0,1,0,188.0,27,236.0,0.4532
0.0,76.0,3.0,1,3.0,671.0,507.0,43.0,43.0,1.0,1.0,2016.0,22.4874514,88.4111436,1,1.0,1,0,0,0,0,0,0,0.0,0,0,0,2.0,1,0,3.0,0,0,1,0,189.0,27,236.0,0.8467
0.0,1031.0,2.0,1,3.0,673.0,222.0,43.0,34.0,1.0,3.0,774.0,22.480362,88.41301,1,4.0,0,0,0,1,0,0,0,0.0,0,0,0,2.0,1,0,3.0,0,0,1,0,77.0,27,240.0,0.2941
0.0,1030.0,2.0,1,3.0,28.0,218.0,43.0,34.0,1.0,2.0,873.0,22.480362,88.41301,1,6.0,0,0,0,0,0,1,0,0.0,0,0,0,2.0,1,0,3.0,0,0,1,0,77.0,27,236.0,0.3667
0.0,2339.0,3.0,6,3.0,442.0,507.0,43.0,30.0,1.0,1.0,1357.0,22.4828201,88.4143239,1,1.0,1,0,0,0,0,0,0,0.0,0,0,0,2.0,1,0,3.0,0,0,1,0,189.0,27,236.0,0.5699000000000001
0.0,1074.0,2.0,1,4.0,145.0,218.0,43.0,27.0,1.0,4.0,870.0,22.481484,88.4156602,1,1.0,1,0,0,0,0,0,0,0.0,0,0,0,2.0,1,0,3.0,0,0,1,0,189.0,27,236.0,0.3218999999999999
0.0,75.0,3.0,1,3.0,138.0,507.0,43.0,43.0,1.0,2.0,1338.0,22.48885,88.40936,1,3.0,0,0,1,0,0,0,0,0.0,0,0,0,2.0,1,0,3.0,0,0,1,0,189.0,27,236.0,0.5218
0.0,2877.0,2.0,1,3.0,1016.0,218.0,43.0,32.0,1.0,1.0,576.0,22.480198,88.41422,1,3.0,0,0,1,0,0,0,0,0.0,0,0,0,2.0,1,0,3.0,0,0,1,0,77.0,27,236.0,0.2073999999999999
0.0,2877.0,2.0,1,3.0,1016.0,218.0,43.0,32.0,1.0,1.0,668.0,22.480198,88.41422,1,6.0,0,0,0,0,0,1,0,0.0,0,0,0,2.0,1,0,3.0,0,0,1,0,77.0,27,236.0,0.2405
0.0,2340.0,3.0,1,3.0,442.0,507.0,43.0,32.0,1.0,1.0,1357.0,22.480097,88.41423,1,6.0,0,0,0,0,0,1,0,0.0,0,0,0,2.0,1,0,3.0,0,0,1,0,77.0,27,236.0,0.5699000000000001
0.0,1063.0,2.0,1,3.0,28.0,218.0,43.0,34.0,1.0,3.0,765.0,22.48234,88.41252,1,3.0,0,0,1,0,0,0,0,0.0,0,0,0,2.0,1,0,3.0,0,0,1,0,77.0,27,236.0,0.2907
0.0,1033.0,2.0,1,3.0,522.0,206.0,43.0,36.0,1.0,1.0,1051.0,22.493618,88.411896,1,6.0,0,0,0,0,0,1,0,0.0,0,0,0,2.0,1,0,3.0,0,0,1,0,188.0,27,219.0,0.4414
0.0,1033.0,2.0,1,3.0,522.0,142.0,43.0,44.0,1.0,1.0,965.0,22.494852,88.40765,1,4.0,0,0,0,1,0,0,0,0.0,0,0,0,2.0,1,0,3.0,0,0,1,0,188.0,27,116.0,0.4053
0.0,578.0,2.0,1,7.0,878.0,240.0,43.0,50.0,1.0,3.0,1535.0,22.47636,88.38565,1,1.0,1,0,0,0,0,0,0,0.0,0,0,0,2.0,1,0,3.0,0,0,1,0,80.0,27,266.0,1.05
0.0,577.0,2.0,1,7.0,878.0,240.0,43.0,50.0,1.0,3.0,1026.0,22.47636,88.38565,1,1.0,1,0,0,0,0,0,0,0.0,0,0,0,2.0,1,0,3.0,0,0,1,0,80.0,27,266.0,0.7028
0.0,579.0,2.0,1,7.0,878.0,240.0,43.0,50.0,1.0,4.0,981.0,22.47636,88.38565,1,1.0,1,0,0,0,0,0,0,0.0,0,0,0,2.0,1,0,3.0,0,0,1,0,80.0,27,266.0,0.672
0.0,74.0,2.0,1,3.0,817.0,288.0,43.0,8.0,1.0,2.0,802.0,22.438364,88.41258,1,6.0,0,0,0,0,0,1,0,0.0,0,0,0,2.0,1,0,3.0,0,0,1,0,213.0,27,336.0,0.2607
0.0,74.0,3.0,1,3.0,817.0,569.0,43.0,8.0,1.0,3.0,1001.0,22.438364,88.41258,1,3.0,0,0,1,0,0,0,0,0.0,0,0,0,2.0,1,0,3.0,0,0,1,0,213.0,27,336.0,0.3253
0.0,74.0,1.0,1,3.0,817.0,51.0,43.0,8.0,1.0,3.0,505.0,22.43772,88.4126,1,1.0,1,0,0,0,0,0,0,0.0,0,0,0,2.0,1,0,3.0,0,0,1,0,213.0,27,336.0,0.1641
0.0,2330.0,2.0,1,3.0,136.0,142.0,43.0,41.0,1.0,3.0,854.0,22.502407,88.408775,1,3.0,0,0,1,0,0,0,0,0.0,0,0,0,2.0,1,0,3.0,0,0,1,0,188.0,27,116.0,0.3843
0.0,73.0,3.0,1,3.0,817.0,569.0,43.0,10.0,1.0,3.0,1060.0,22.439576,88.435783,1,1.0,1,0,0,0,0,0,0,0.0,0,0,0,2.0,1,0,3.0,0,0,1,0,213.0,27,336.0,0.3445
0.0,1064.0,3.0,5,3.0,1418.0,507.0,45.0,34.0,1.0,2.0,1079.0,22.48234,88.41252,1,1.0,1,0,0,0,0,0,0,0.0,0,0,0,2.0,1,0,3.0,0,0,1,0,77.0,27,236.0,0.4532
0.0,1069.0,3.0,1,3.0,92.0,487.0,43.0,47.0,1.0,2.0,1726.0,22.501139,88.406038,1,1.0,1,0,0,0,0,0,0,0.0,0,0,0,2.0,1,0,3.0,0,0,1,0,188.0,27,197.0,0.863
0.0,1068.0,2.0,1,3.0,522.0,206.0,43.0,36.0,1.0,1.0,965.0,22.493618,88.411896,1,1.0,1,0,0,0,0,0,0,0.0,0,0,0,2.0,1,0,3.0,0,0,1,0,188.0,27,219.0,0.4053
0.0,1076.0,3.0,5,4.0,160.0,487.0,45.0,47.0,2.0,4.0,1358.0,22.501139,88.406038,1,1.0,1,0,0,0,0,0,0,0.0,0,0,0,2.0,1,0,3.0,0,0,1,0,188.0,27,197.0,0.8148000000000001
0.0,1067.0,2.0,5,3.0,631.0,179.0,45.0,26.0,1.0,2.0,776.0,22.449487,88.395542,1,1.0,1,0,0,0,0,0,0,0.0,0,0,0,2.0,1,0,3.0,0,0,1,0,74.0,27,176.0,0.2794
0.0,1067.0,2.0,5,3.0,631.0,179.0,45.0,26.0,1.0,2.0,669.0,22.449487,88.395542,1,1.0,1,0,0,0,0,0,0,0.0,0,0,0,2.0,1,0,3.0,0,0,1,0,74.0,27,176.0,0.2408
0.0,1067.0,2.0,5,3.0,631.0,147.0,45.0,50.0,1.0,2.0,669.0,22.4658051,88.384625,1,1.0,1,0,0,0,0,0,0,0.0,0,0,0,2.0,1,0,3.0,0,0,1,0,80.0,27,126.0,0.2408
0.0,1034.0,3.0,1,3.0,92.0,487.0,43.0,50.0,1.0,2.0,1726.0,22.503748,88.40019,1,3.0,0,0,1,0,0,0,0,0.0,0,0,0,2.0,1,0,3.0,0,0,1,0,188.0,27,197.0,0.863
0.0,1041.0,3.0,1,4.0,923.0,487.0,43.0,41.0,1.0,2.0,1276.0,22.503242,88.40912,1,3.0,0,0,1,0,0,0,0,0.0,0,0,0,2.0,1,0,3.0,0,0,1,0,188.0,27,197.0,0.638
0.0,2329.0,2.0,1,3.0,87.0,194.0,43.0,41.0,1.0,3.0,854.0,22.5023183,88.40882,1,5.0,0,0,0,0,1,0,0,0.0,0,0,0,2.0,1,0,3.0,0,0,1,0,188.0,27,197.0,0.3843
0.0,2329.0,3.0,1,3.0,87.0,487.0,43.0,47.0,1.0,3.0,1053.0,22.501139,88.406038,1,3.0,0,0,1,0,0,0,0,0.0,0,0,0,2.0,1,0,3.0,0,0,1,0,188.0,27,197.0,0.4738
0.0,1040.0,3.0,1,4.0,144.0,507.0,43.0,33.0,1.0,3.0,951.0,22.480759,88.41315,1,5.0,0,0,0,0,1,0,0,0.0,0,0,0,2.0,1,0,3.0,0,0,1,0,77.0,27,236.0,0.3804
0.0,202.0,3.0,5,4.0,160.0,465.0,45.0,50.0,1.0,4.0,1354.0,22.4982976,88.394025,1,1.0,1,0,0,0,0,0,0,0.0,0,0,0,2.0,1,0,3.0,0,0,1,0,192.0,27,169.0,0.7989
0.0,1078.0,3.0,1,4.0,923.0,465.0,43.0,50.0,1.0,2.0,1276.0,22.4982976,88.394025,1,6.0,0,0,0,0,0,1,0,0.0,0,0,0,2.0,1,0,3.0,0,0,1,0,192.0,27,169.0,0.638
0.0,2878.0,2.0,1,3.0,1080.0,79.0,43.0,49.0,1.0,1.0,750.0,22.482315,88.38387,1,7.0,0,0,0,0,0,0,0,0.0,0,0,0,2.0,1,0,3.0,0,0,1,0,91.0,27,31.0,0.3375
0.0,1075.0,2.0,1,4.0,1652.0,79.0,43.0,47.0,1.0,4.0,950.0,22.48369,88.37969,1,1.0,1,0,0,0,0,0,0,0.0,0,0,0,2.0,1,0,3.0,0,0,1,0,194.0,27,31.0,0.494
0.0,1058.0,2.0,5,3.0,1123.0,79.0,45.0,47.0,1.0,3.0,915.0,22.48369,88.37969,1,1.0,1,0,0,0,0,0,0,0.0,0,0,0,2.0,1,0,3.0,0,0,1,0,194.0,27,31.0,0.4575
0.0,1265.0,3.0,2,35.0,1462.0,533.0,43.0,15.0,2.0,15.0,1686.0,22.5026325,88.3664528,1,3.0,0,0,1,0,0,0,0,2.0,0,1,0,2.0,1,0,3.0,0,0,1,0,247.0,27,271.0,2.2
0.0,1447.0,3.0,1,45.0,1692.0,435.0,42.0,15.0,0.0,25.0,2867.0,22.548114,88.4004968,1,1.0,1,0,0,0,0,0,0,1.0,1,0,0,2.0,1,0,3.0,0,0,1,0,64.0,27,116.0,3.9
0.0,621.0,1.0,1,4.0,210.0,42.0,42.0,11.0,1.0,1.0,320.0,22.5725531,88.508586,1,3.0,0,0,1,0,0,0,0,0.0,0,0,0,2.0,1,0,1.0,1,0,0,0,10.0,28,242.0,0.22
0.0,3319.0,3.0,1,14.0,210.0,513.0,42.0,11.0,1.0,4.0,690.0,22.570371,88.5088314,1,1.0,1,0,0,0,0,0,0,0.0,0,0,0,2.0,1,0,1.0,1,0,0,0,10.0,28,242.0,0.56
0.0,617.0,2.0,2,14.0,210.0,223.0,42.0,10.0,1.0,6.0,480.0,22.5698224,88.5127985,1,1.0,1,0,0,0,0,0,0,0.0,0,0,0,2.0,1,0,1.0,1,0,0,0,10.0,28,242.0,0.34
0.0,1763.0,3.0,1,14.0,210.0,513.0,42.0,11.0,1.0,3.0,690.0,22.5700155,88.5092829,1,6.0,0,0,0,0,0,1,0,2.0,0,1,0,2.0,1,0,1.0,1,0,0,0,10.0,28,242.0,0.526
0.0,2644.0,3.0,1,30.0,439.0,513.0,43.0,15.0,1.0,11.0,1200.0,22.6006912,88.4694535,1,1.0,1,0,0,0,0,0,0,0.0,0,0,0,2.0,1,0,1.0,1,0,0,0,254.0,28,242.0,1.15
0.0,807.0,3.0,1,33.0,440.0,513.0,42.0,15.0,1.0,8.0,1200.0,22.6006912,88.4694535,1,6.0,0,0,0,0,0,1,0,1.0,1,0,0,2.0,1,0,1.0,1,0,0,0,263.0,28,242.0,1.09
0.0,622.0,2.0,2,14.0,210.0,223.0,42.0,10.0,1.0,3.0,480.0,22.5698208,88.5114582,1,3.0,0,0,1,0,0,0,0,0.0,0,0,0,2.0,1,0,1.0,1,0,0,0,10.0,28,242.0,0.3
0.0,2649.0,3.0,1,33.0,440.0,513.0,42.0,15.0,1.0,6.0,1300.0,22.5670337,88.517952,1,6.0,0,0,0,0,0,1,0,1.0,1,0,0,2.0,1,0,1.0,1,0,0,0,263.0,28,242.0,1.12
0.0,1775.0,3.0,1,30.0,439.0,513.0,43.0,15.0,1.0,12.0,1250.0,22.567407,88.517945,1,3.0,0,0,1,0,0,0,0,1.0,1,0,0,2.0,1,0,1.0,1,0,0,0,254.0,28,242.0,1.22
0.0,3125.0,2.0,2,14.0,210.0,223.0,42.0,35.0,1.0,10.0,480.0,22.6006912,88.4694535,1,1.0,1,0,0,0,0,0,0,0.0,0,0,0,2.0,1,0,1.0,1,0,0,0,185.0,28,242.0,0.3279999999999999
0.0,1524.0,2.0,1,14.0,210.0,223.0,42.0,7.0,1.0,10.0,480.0,22.5692682,88.513732,1,1.0,1,0,0,0,0,0,0,0.0,0,0,0,2.0,1,0,1.0,1,0,0,0,10.0,28,242.0,0.315
0.0,1647.0,2.0,2,14.0,210.0,223.0,42.0,10.0,1.0,3.0,480.0,22.5702023,88.5118385,1,6.0,0,0,0,0,0,1,0,0.0,0,0,0,2.0,1,0,1.0,1,0,0,0,10.0,28,242.0,0.3211
0.0,620.0,3.0,1,14.0,210.0,513.0,42.0,10.0,1.0,5.0,690.0,22.568603,88.5112548,1,6.0,0,0,0,0,0,1,0,0.0,0,0,0,2.0,1,0,1.0,1,0,0,0,10.0,28,242.0,0.465
0.0,981.0,3.0,1,33.0,440.0,513.0,42.0,15.0,1.0,6.0,1350.0,22.6006912,88.4694535,1,6.0,0,0,0,0,0,1,0,0.0,0,0,0,2.0,1,0,1.0,1,0,0,0,263.0,28,242.0,1.21
0.0,3320.0,3.0,1,14.0,210.0,513.0,42.0,10.0,1.0,3.0,690.0,22.569251,88.5113171,1,6.0,0,0,0,0,0,1,0,0.0,0,0,0,2.0,1,0,1.0,1,0,0,0,10.0,28,242.0,0.48
0.0,3870.0,2.0,1,14.0,210.0,223.0,42.0,7.0,1.0,5.0,480.0,22.5689196,88.5134214,1,6.0,0,0,0,0,0,1,0,0.0,0,0,0,2.0,1,0,1.0,1,0,0,0,10.0,28,242.0,0.33
0.0,796.0,3.0,1,14.0,210.0,513.0,42.0,10.0,1.0,5.0,690.0,22.5693717,88.511155,1,6.0,0,0,0,0,0,1,0,0.0,0,0,0,2.0,1,0,1.0,1,0,0,0,10.0,28,242.0,0.54
0.0,1314.0,3.0,3,11.0,973.0,379.0,43.0,50.0,2.0,9.0,1668.0,22.518518,88.368277,1,8.0,0,0,0,0,0,0,1,2.0,0,1,0,2.0,1,0,3.0,0,0,1,0,203.0,27,41.0,2.1
0.0,2067.0,3.0,2,5.0,843.0,541.0,43.0,50.0,1.0,2.0,1200.0,22.51392,88.35387,1,0.0,0,0,0,0,0,0,0,0.0,0,0,0,2.0,1,0,3.0,0,0,1,0,94.0,27,283.0,1.3
0.0,1347.0,2.0,2,4.0,1234.0,81.0,43.0,49.0,1.0,3.0,900.0,22.615848,88.430668,1,1.0,1,0,0,0,0,0,0,1.0,1,0,0,2.0,1,0,2.0,0,1,0,0,174.0,26,33.0,0.4
0.0,1345.0,2.0,2,5.0,806.0,276.0,43.0,42.0,1.0,5.0,1300.0,22.57459,88.435867,1,3.0,0,0,1,0,0,0,0,0.0,0,0,0,2.0,1,0,2.0,0,1,0,0,46.0,26,319.0,0.75
0.0,1318.0,3.0,2,24.0,86.0,499.0,42.0,15.0,2.0,3.0,3495.0,22.493033,88.403437,1,5.0,0,0,0,0,1,0,0,1.0,1,0,0,2.0,1,0,3.0,0,0,1,0,260.0,27,219.0,4.0
0.0,1334.0,3.0,2,21.0,1600.0,356.0,43.0,22.0,1.0,7.0,1555.0,22.582101,88.493805,1,0.0,0,0,0,0,0,0,0,0.0,0,0,0,2.0,1,0,1.0,1,0,0,0,196.0,28,3.0,1.3
0.0,1343.0,4.0,2,24.0,369.0,647.0,43.0,11.0,2.0,14.0,3291.0,22.568326,88.510594,1,5.0,0,0,0,0,1,0,0,0.0,0,0,0,2.0,1,0,1.0,1,0,0,0,10.0,28,6.0,2.35
0.0,1326.0,3.0,2,12.0,1122.0,471.0,42.0,14.0,2.0,6.0,1560.0,22.43858,88.395019,1,4.0,0,0,0,1,0,0,0,0.0,0,0,0,2.0,1,0,3.0,0,0,1,0,125.0,27,176.0,0.67
0.0,1348.0,2.0,3,4.0,203.0,223.0,43.0,26.0,1.0,0.0,795.0,22.617275,88.480891,1,0.0,0,0,0,0,0,0,0,0.0,0,0,0,2.0,1,0,1.0,1,0,0,0,209.0,28,242.0,0.3
0.0,1330.0,3.0,3,4.0,183.0,377.0,43.0,49.0,1.0,1.0,1900.0,22.528316,88.36281,1,0.0,0,0,0,0,0,0,0,0.0,0,0,0,2.0,1,0,3.0,0,0,1,0,288.0,27,39.0,2.35
0.0,1335.0,3.0,1,21.0,1600.0,356.0,43.0,22.0,2.0,4.0,1355.0,22.582101,88.493805,1,3.0,0,0,1,0,0,0,0,0.0,0,0,0,2.0,1,0,1.0,1,0,0,0,196.0,28,3.0,1.05
0.0,1324.0,3.0,2,30.0,439.0,513.0,43.0,15.0,1.0,5.0,1607.0,22.567407,88.517945,1,1.0,1,0,0,0,0,0,0,1.0,1,0,0,2.0,1,0,1.0,1,0,0,0,254.0,28,242.0,1.3
0.0,1332.0,2.0,2,12.0,594.0,74.0,43.0,42.0,1.0,5.0,1300.0,22.571148,88.43248,1,6.0,0,0,0,0,0,1,0,1.0,1,0,0,2.0,1,0,0.0,0,0,0,0,46.0,30,24.0,1.5
0.0,1327.0,3.0,5,46.0,209.0,499.0,44.0,15.0,2.0,5.0,1677.0,22.493499,88.398394,1,0.0,0,0,0,0,0,0,0,0.0,0,0,0,2.0,1,0,3.0,0,0,1,0,150.0,27,219.0,2.41
0.0,1340.0,3.0,3,26.0,1671.0,513.0,43.0,16.0,2.0,8.0,1768.0,22.562535,88.495311,1,3.0,0,0,1,0,0,0,0,2.0,0,1,0,2.0,1,0,1.0,1,0,0,0,10.0,28,242.0,1.17
0.0,1316.0,3.0,5,18.0,445.0,533.0,45.0,50.0,1.0,2.0,2150.0,22.5026325,88.3664528,1,5.0,0,0,0,0,1,0,0,0.0,0,0,0,2.0,1,0,3.0,0,0,1,0,204.0,27,271.0,2.3
0.0,1339.0,4.0,1,25.0,566.0,695.0,42.0,15.0,1.0,1.0,1950.0,22.571168,88.448828,1,0.0,0,0,0,0,0,0,0,0.0,0,0,0,2.0,1,0,1.0,1,0,0,0,259.0,28,242.0,1.5
0.0,2903.0,4.0,6,32.0,1579.0,671.0,42.0,6.0,1.0,10.0,3350.0,22.581705,88.399053,1,3.0,0,0,1,0,0,0,0,0.0,0,0,0,2.0,1,0,2.0,0,1,0,0,34.0,26,116.0,5.0
0.0,1344.0,3.0,2,21.0,1600.0,356.0,43.0,22.0,1.0,16.0,1555.0,22.582101,88.493805,1,1.0,1,0,0,0,0,0,0,0.0,0,0,0,2.0,1,0,1.0,1,0,0,0,196.0,28,3.0,1.28
0.0,1331.0,3.0,2,30.0,439.0,513.0,43.0,15.0,1.0,4.0,1955.0,22.567407,88.517945,1,1.0,1,0,0,0,0,0,0,0.0,0,0,0,2.0,1,0,1.0,1,0,0,0,254.0,28,242.0,1.2
0.0,1325.0,3.0,1,29.0,76.0,513.0,42.0,21.0,1.0,3.0,1476.0,22.586873,88.48828,1,0.0,0,0,0,0,0,0,0,0.0,0,0,0,2.0,1,0,1.0,1,0,0,0,186.0,28,242.0,1.37
0.0,1338.0,3.0,2,6.0,1626.0,531.0,43.0,49.0,1.0,3.0,950.0,22.566864,88.39296,1,4.0,0,0,0,1,0,0,0,2.0,0,1,0,2.0,1,0,2.0,0,1,0,0,163.0,26,267.0,1.0
0.0,3871.0,3.0,6,20.0,1069.0,513.0,42.0,7.0,1.0,11.0,996.0,22.570637,88.4617767,1,3.0,0,0,1,0,0,0,0,0.0,0,0,0,2.0,1,0,1.0,1,0,0,0,146.0,28,242.0,1.4
0.0,1321.0,3.0,2,5.0,1708.0,513.0,43.0,3.0,2.0,4.0,1300.0,22.588207,88.524436,1,3.0,0,0,1,0,0,0,0,1.0,1,0,0,2.0,1,0,1.0,1,0,0,0,13.0,28,242.0,0.78
0.0,1320.0,2.0,1,24.0,779.0,268.0,42.0,15.0,1.0,17.0,940.0,22.567901,88.446208,1,0.0,0,0,0,0,0,0,0,0.0,0,0,0,2.0,1,0,2.0,0,1,0,0,266.0,26,305.0,1.0
0.0,1322.0,3.0,2,21.0,1600.0,356.0,43.0,22.0,1.0,18.0,2180.0,22.582101,88.493805,1,1.0,1,0,0,0,0,0,0,0.0,0,0,0,2.0,1,0,1.0,1,0,0,0,196.0,28,3.0,1.65
0.0,1333.0,2.0,2,14.0,646.0,168.0,43.0,49.0,1.0,1.0,1163.0,22.474305,88.377042,1,0.0,0,0,0,0,0,0,0,2.0,0,1,0,2.0,1,0,3.0,0,0,1,0,80.0,27,160.0,1.05
0.0,1341.0,4.0,2,11.0,578.0,695.0,43.0,42.0,3.0,1.0,1509.0,22.583886,88.4496,1,0.0,0,0,0,0,0,0,0,2.0,0,1,0,2.0,1,0,1.0,1,0,0,0,49.0,28,242.0,1.45
0.0,1336.0,4.0,1,26.0,1671.0,695.0,43.0,13.0,2.0,20.0,3596.0,22.562535,88.495311,1,0.0,0,0,0,0,0,0,0,0.0,0,0,0,2.0,1,0,1.0,1,0,0,0,10.0,28,242.0,1.8
0.0,1342.0,3.0,2,21.0,1667.0,513.0,43.0,16.0,3.0,4.0,2204.0,22.561032,88.492048,1,0.0,0,0,0,0,0,0,0,1.0,1,0,0,2.0,1,0,1.0,1,0,0,0,195.0,28,242.0,1.55
0.0,1319.0,4.0,3,13.0,80.0,695.0,43.0,49.0,2.0,12.0,3550.0,22.487848,88.345261,1,5.0,0,0,0,0,1,0,0,1.0,1,0,0,2.0,1,0,1.0,1,0,0,0,89.0,28,242.0,4.0
0.0,1317.0,3.0,1,29.0,1599.0,513.0,42.0,15.0,3.0,5.0,2220.0,22.5811785,88.4961337,1,5.0,0,0,0,0,1,0,0,1.0,1,0,0,2.0,1,0,1.0,1,0,0,0,251.0,28,242.0,3.05
0.0,1349.0,3.0,2,13.0,796.0,586.0,43.0,48.0,1.0,7.0,1383.0,22.592136,88.390469,1,0.0,0,0,0,0,0,0,0,0.0,0,0,0,2.0,1,0,2.0,0,1,0,0,42.0,26,363.0,1.1
0.0,1691.0,2.0,1,4.0,960.0,221.0,43.0,21.0,1.0,1.0,800.0,22.6915021,88.4477337,1,3.0,0,0,1,0,0,0,0,0.0,0,0,0,2.0,1,0,2.0,0,1,0,0,200.0,26,239.0,0.2
0.0,745.0,2.0,1,4.0,949.0,289.0,43.0,27.0,1.0,4.0,849.0,22.6910305,88.4573867,1,3.0,0,0,1,0,0,0,0,0.0,0,0,0,2.0,1,0,2.0,0,1,0,0,200.0,26,337.0,0.2475
0.0,2295.0,3.0,1,4.0,1128.0,486.0,43.0,27.0,1.0,4.0,1145.0,22.6906553,88.457686,1,3.0,0,0,1,0,0,0,0,0.0,0,0,0,2.0,1,0,2.0,0,1,0,0,200.0,26,195.0,0.34
0.0,3070.0,2.0,1,4.0,949.0,193.0,43.0,27.0,1.0,4.0,900.0,22.692983,88.4562325,1,3.0,0,0,1,0,0,0,0,0.0,0,0,0,2.0,1,0,2.0,0,1,0,0,200.0,26,195.0,0.25
0.0,830.0,3.0,1,4.0,958.0,486.0,43.0,27.0,1.0,2.0,1008.0,22.6928241,88.4560188,1,3.0,0,0,1,0,0,0,0,0.0,0,0,0,2.0,1,0,2.0,0,1,0,0,200.0,26,195.0,0.325
0.0,2156.0,2.0,1,3.0,961.0,193.0,43.0,27.0,1.0,3.0,850.0,22.6910179,88.4574017,1,6.0,0,0,0,0,0,1,0,0.0,0,0,0,2.0,1,0,2.0,0,1,0,0,200.0,26,195.0,0.25
0.0,2144.0,2.0,1,4.0,949.0,221.0,43.0,22.0,1.0,4.0,796.0,22.6903035,88.4496956,1,6.0,0,0,0,0,0,1,0,0.0,0,0,0,2.0,1,0,2.0,0,1,0,0,200.0,26,239.0,0.1968
0.0,3040.0,2.0,1,4.0,487.0,221.0,43.0,22.0,1.0,4.0,800.0,22.6900034,88.4495601,1,3.0,0,0,1,0,0,0,0,0.0,0,0,0,2.0,1,0,2.0,0,1,0,0,200.0,26,239.0,0.2
0.0,2627.0,2.0,1,4.0,959.0,221.0,43.0,18.0,1.0,3.0,800.0,22.6874292,88.4438704,1,3.0,0,0,1,0,0,0,0,0.0,0,0,0,2.0,1,0,2.0,0,1,0,0,200.0,26,239.0,0.2
0.0,1692.0,2.0,1,4.0,962.0,221.0,43.0,21.0,1.0,4.0,800.0,22.6899911,88.4492891,1,3.0,0,0,1,0,0,0,0,0.0,0,0,0,2.0,1,0,2.0,0,1,0,0,200.0,26,239.0,0.25
0.0,2628.0,3.0,1,3.0,949.0,510.0,43.0,24.0,1.0,3.0,1000.0,22.69327,88.44987,1,8.0,0,0,0,0,0,0,1,0.0,0,0,0,2.0,1,0,2.0,0,1,0,0,200.0,26,239.0,0.26
0.0,2155.0,1.0,1,4.0,959.0,40.0,43.0,23.0,1.0,1.0,546.0,22.68752,88.453545,1,1.0,1,0,0,0,0,0,0,0.0,0,0,0,2.0,1,0,2.0,0,1,0,0,200.0,26,239.0,0.1375
0.0,3152.0,2.0,1,4.0,960.0,221.0,43.0,23.0,1.0,3.0,823.0,22.68752,88.453545,1,6.0,0,0,0,0,0,1,0,0.0,0,0,0,2.0,1,0,2.0,0,1,0,0,200.0,26,239.0,0.21
0.0,2080.0,2.0,1,3.0,949.0,193.0,43.0,23.0,1.0,3.0,665.0,22.68752,88.453545,1,3.0,0,0,1,0,0,0,0,0.0,0,0,0,2.0,1,0,2.0,0,1,0,0,200.0,26,195.0,0.1669999999999999
0.0,3342.0,3.0,1,4.0,949.0,486.0,43.0,23.0,1.0,1.0,1018.0,22.68752,88.453545,1,8.0,0,0,0,0,0,0,1,0.0,0,0,0,2.0,1,0,2.0,0,1,0,0,200.0,26,195.0,0.322
0.0,860.0,3.0,1,4.0,1190.0,486.0,43.0,27.0,1.0,4.0,1155.0,22.693121,88.45603,1,8.0,0,0,0,0,0,0,1,0.0,0,0,0,2.0,1,0,2.0,0,1,0,0,200.0,26,195.0,0.3389999999999999
0.0,731.0,2.0,1,4.0,957.0,193.0,43.0,16.0,1.0,3.0,678.0,22.6786431,88.4720764,1,3.0,0,0,1,0,0,0,0,0.0,0,0,0,2.0,1,0,2.0,0,1,0,0,200.0,26,195.0,0.165
0.0,2663.0,3.0,2,5.0,1474.0,513.0,43.0,15.0,1.0,2.0,1340.0,22.617878,88.448016,1,5.0,0,0,0,0,1,0,0,0.0,0,0,0,2.0,1,0,1.0,1,0,0,0,271.0,28,242.0,0.9
0.0,618.0,2.0,2,14.0,210.0,223.0,42.0,5.0,1.0,8.0,680.0,22.565687,88.513371,1,8.0,0,0,0,0,0,0,1,0.0,0,0,0,2.0,1,0,1.0,1,0,0,0,9.0,28,242.0,0.325
0.0,1673.0,2.0,2,8.0,1367.0,223.0,43.0,37.0,1.0,2.0,800.0,22.629392,88.456195,1,8.0,0,0,0,0,0,0,1,0.0,0,0,0,2.0,1,0,1.0,1,0,0,0,183.0,28,242.0,0.45
0.0,3684.0,4.0,5,19.0,833.0,720.0,44.0,10.0,2.0,19.0,1967.0,22.492559,88.339088,1,1.0,1,0,0,0,0,0,0,0.0,0,0,0,2.0,1,0,3.0,0,0,1,0,116.0,27,359.0,3.0
0.0,2119.0,2.0,1,4.0,949.0,61.0,43.0,50.0,1.0,2.0,907.0,22.597982,88.43143,1,3.0,0,0,1,0,0,0,0,0.0,0,0,0,2.0,1,0,1.0,1,0,0,0,75.0,28,2.0,0.5623
0.0,2138.0,1.0,1,5.0,949.0,30.0,43.0,50.0,1.0,3.0,400.0,22.597982,88.43143,1,2.0,0,1,0,0,0,0,0,0.0,0,0,0,2.0,1,0,2.0,0,1,0,0,75.0,26,181.0,0.148
0.0,2599.0,2.0,2,4.0,856.0,184.0,43.0,50.0,1.0,2.0,750.0,22.597982,88.43143,1,1.0,1,0,0,0,0,0,0,0.0,0,0,0,2.0,1,0,2.0,0,1,0,0,75.0,26,181.0,0.24
0.0,2605.0,2.0,1,4.0,1433.0,184.0,43.0,50.0,1.0,2.0,830.0,22.597982,88.43143,1,3.0,0,0,1,0,0,0,0,0.0,0,0,0,2.0,1,0,2.0,0,1,0,0,75.0,26,181.0,0.28
0.0,3292.0,3.0,1,4.0,1410.0,479.0,43.0,18.0,2.0,4.0,1250.0,22.699474,88.357346,1,5.0,0,0,0,0,1,0,0,0.0,0,0,0,2.0,1,0,4.0,0,0,0,1,38.0,29,186.0,0.325
0.0,572.0,2.0,1,4.0,158.0,186.0,43.0,18.0,1.0,4.0,570.0,22.699474,88.357346,1,8.0,0,0,0,0,0,0,1,0.0,0,0,0,2.0,1,0,4.0,0,0,0,1,38.0,29,186.0,0.1482
0.0,1749.0,2.0,1,4.0,1411.0,186.0,43.0,18.0,1.0,4.0,700.0,22.699474,88.357346,1,7.0,0,0,0,0,0,0,0,0.0,0,0,0,2.0,1,0,4.0,0,0,0,1,38.0,29,186.0,0.182
0.0,3505.0,2.0,1,4.0,159.0,186.0,43.0,9.0,1.0,1.0,799.0,22.708796,88.33889,1,6.0,0,0,0,0,0,1,0,0.0,0,0,0,2.0,1,0,4.0,0,0,0,1,198.0,29,186.0,0.2077
0.0,1472.0,2.0,1,5.0,949.0,184.0,43.0,48.0,1.0,4.0,640.0,22.602957,88.43051,1,4.0,0,0,0,1,0,0,0,0.0,0,0,0,2.0,1,0,2.0,0,1,0,0,174.0,26,181.0,0.2368
0.0,1644.0,1.0,1,4.0,849.0,32.0,43.0,9.0,1.0,0.0,466.0,22.708796,88.33889,1,2.0,0,1,0,0,0,0,0,0.0,0,0,0,2.0,1,0,4.0,0,0,0,1,198.0,29,186.0,0.1048
0.0,2603.0,2.0,1,4.0,949.0,184.0,43.0,48.0,1.0,4.0,988.0,22.602957,88.43051,1,5.0,0,0,0,0,1,0,0,0.0,0,0,0,2.0,1,0,2.0,0,1,0,0,174.0,26,181.0,0.3853
0.0,3160.0,2.0,1,4.0,949.0,184.0,43.0,48.0,1.0,2.0,722.0,22.602957,88.43051,1,8.0,0,0,0,0,0,0,1,0.0,0,0,0,2.0,1,0,2.0,0,1,0,0,174.0,26,181.0,0.2635
0.0,1962.0,2.0,1,4.0,848.0,186.0,43.0,9.0,1.0,4.0,790.0,22.708796,88.33889,1,2.0,0,1,0,0,0,0,0,0.0,0,0,0,2.0,1,0,4.0,0,0,0,1,198.0,29,186.0,0.1817
0.0,3282.0,3.0,1,4.0,949.0,476.0,43.0,49.0,2.0,2.0,1127.0,22.60047,88.42966,1,1.0,1,0,0,0,0,0,0,0.0,0,0,0,2.0,1,0,2.0,0,1,0,0,75.0,26,181.0,0.4114
0.0,3023.0,2.0,1,4.0,119.0,184.0,43.0,49.0,1.0,1.0,860.0,22.599998,88.42951,1,3.0,0,0,1,0,0,0,0,0.0,0,0,0,2.0,1,0,2.0,0,1,0,0,75.0,26,181.0,0.344
0.0,553.0,1.0,1,4.0,119.0,30.0,43.0,49.0,1.0,1.0,523.0,22.599998,88.42951,1,1.0,1,0,0,0,0,0,0,0.0,0,0,0,2.0,1,0,2.0,0,1,0,0,75.0,26,181.0,0.2092
0.0,1945.0,1.0,1,4.0,805.0,32.0,43.0,9.0,1.0,4.0,667.0,22.708796,88.33889,1,4.0,0,0,0,1,0,0,0,0.0,0,0,0,2.0,1,0,4.0,0,0,0,1,198.0,29,186.0,0.1334
0.0,3145.0,2.0,1,4.0,805.0,186.0,43.0,5.0,1.0,0.0,836.0,22.6998045,88.3111348,1,6.0,0,0,0,0,0,1,0,0.0,0,0,0,2.0,1,0,4.0,0,0,0,1,213.0,29,186.0,0.1755999999999999
0.0,548.0,2.0,1,4.0,114.0,184.0,43.0,49.0,1.0,2.0,813.0,22.599998,88.42951,1,3.0,0,0,1,0,0,0,0,0.0,0,0,0,2.0,1,0,2.0,0,1,0,0,75.0,26,181.0,0.3252
0.0,2596.0,3.0,1,4.0,120.0,476.0,43.0,49.0,1.0,2.0,1040.0,22.599998,88.42951,1,8.0,0,0,0,0,0,0,1,0.0,0,0,0,2.0,1,0,2.0,0,1,0,0,75.0,26,181.0,0.416
0.0,1961.0,2.0,1,4.0,848.0,186.0,43.0,12.0,1.0,2.0,695.0,22.706066,88.34099,1,2.0,0,1,0,0,0,0,0,0.0,0,0,0,2.0,1,0,4.0,0,0,0,1,198.0,29,186.0,0.1598
0.0,1960.0,2.0,1,4.0,848.0,186.0,43.0,12.0,1.0,1.0,990.0,22.706066,88.34099,1,2.0,0,1,0,0,0,0,0,0.0,0,0,0,2.0,1,0,4.0,0,0,0,1,198.0,29,186.0,0.2376
0.0,3960.0,3.0,1,4.0,1005.0,476.0,43.0,50.0,2.0,4.0,1100.0,22.59844,88.43054,1,4.0,0,0,0,1,0,0,0,0.0,0,0,0,2.0,1,0,2.0,0,1,0,0,75.0,26,181.0,0.44
0.0,3144.0,2.0,6,11.0,783.0,186.0,42.0,15.0,1.0,8.0,750.0,22.6915913,88.3553568,1,6.0,0,0,0,0,0,1,0,0.0,0,0,0,2.0,1,0,4.0,0,0,0,1,236.0,29,186.0,0.42
0.0,3079.0,2.0,1,4.0,1005.0,184.0,43.0,50.0,1.0,1.0,830.0,22.598305,88.43074,1,1.0,1,0,0,0,0,0,0,0.0,0,0,0,2.0,1,0,2.0,0,1,0,0,75.0,26,181.0,0.332
0.0,3263.0,3.0,1,4.0,949.0,513.0,43.0,41.0,1.0,2.0,1250.0,22.587595,88.45508,1,8.0,0,0,0,0,0,0,1,3.0,0,0,1,2.0,1,0,1.0,1,0,0,0,86.0,28,242.0,0.85
0.0,3634.0,3.0,1,4.0,949.0,513.0,43.0,41.0,1.0,4.0,1250.0,22.587595,88.45508,1,8.0,0,0,0,0,0,0,1,0.0,0,0,0,2.0,1,0,1.0,1,0,0,0,86.0,28,242.0,0.76
0.0,3910.0,3.0,1,4.0,949.0,355.0,43.0,41.0,1.0,3.0,1150.0,22.587595,88.45508,1,4.0,0,0,0,1,0,0,0,0.0,0,0,0,2.0,1,0,1.0,1,0,0,0,86.0,28,2.0,0.7
0.0,2088.0,3.0,1,4.0,949.0,355.0,43.0,41.0,1.0,2.0,1360.0,22.581047,88.462231,1,3.0,0,0,1,0,0,0,0,0.0,0,0,0,2.0,1,0,1.0,1,0,0,0,86.0,28,2.0,0.8432
0.0,4091.0,3.0,3,4.0,949.0,586.0,43.0,48.0,2.0,2.0,1100.0,22.59174,88.39221,1,3.0,0,0,1,0,0,0,0,2.0,0,1,0,2.0,1,0,2.0,0,1,0,0,42.0,26,363.0,0.85
0.0,25.0,3.0,1,4.0,548.0,355.0,43.0,41.0,2.0,3.0,1660.0,22.585785,88.46386,1,6.0,0,0,0,0,0,1,0,0.0,0,0,0,2.0,1,0,1.0,1,0,0,0,86.0,28,2.0,1.1
0.0,1625.0,3.0,1,5.0,90.0,413.0,43.0,41.0,2.0,3.0,1100.0,22.585785,88.46386,1,3.0,0,0,1,0,0,0,0,0.0,0,0,0,2.0,1,0,1.0,1,0,0,0,86.0,28,86.0,0.49
0.0,2606.0,3.0,2,5.0,1633.0,476.0,43.0,41.0,1.0,2.0,1100.0,22.585785,88.46386,1,8.0,0,0,0,0,0,0,1,1.0,1,0,0,2.0,1,0,2.0,0,1,0,0,86.0,26,181.0,0.45
0.0,787.0,2.0,6,3.0,1631.0,160.0,43.0,13.0,1.0,3.0,852.0,22.68576,88.33608,1,6.0,0,0,0,0,0,1,0,0.0,0,0,0,2.0,1,0,4.0,0,0,0,1,213.0,29,151.0,0.23
0.0,2597.0,2.0,2,4.0,605.0,184.0,43.0,41.0,2.0,2.0,860.0,22.585785,88.46386,1,4.0,0,0,0,1,0,0,0,0.0,0,0,0,2.0,1,0,2.0,0,1,0,0,86.0,26,181.0,0.24
0.0,3500.0,2.0,2,4.0,604.0,184.0,43.0,41.0,1.0,2.0,711.0,22.585785,88.46386,1,3.0,0,0,1,0,0,0,0,0.0,0,0,0,2.0,1,0,2.0,0,1,0,0,86.0,26,181.0,0.24
0.0,3022.0,2.0,2,4.0,106.0,184.0,43.0,41.0,1.0,3.0,680.0,22.585785,88.46386,1,7.0,0,0,0,0,0,0,0,0.0,0,0,0,2.0,1,0,2.0,0,1,0,0,86.0,26,181.0,0.205
0.0,2510.0,2.0,1,4.0,949.0,62.0,43.0,49.0,1.0,3.0,900.0,22.565252,88.35891,1,4.0,0,0,0,1,0,0,0,0.0,0,0,0,2.0,1,0,1.0,1,0,0,0,97.0,28,3.0,0.52
0.0,2121.0,2.0,1,4.0,949.0,62.0,43.0,49.0,1.0,3.0,900.0,22.565252,88.35891,1,6.0,0,0,0,0,0,1,0,0.0,0,0,0,2.0,1,0,1.0,1,0,0,0,97.0,28,3.0,0.495
0.0,2122.0,3.0,1,4.0,949.0,356.0,43.0,49.0,1.0,2.0,1308.0,22.565252,88.35891,1,3.0,0,0,1,0,0,0,0,0.0,0,0,0,2.0,1,0,1.0,1,0,0,0,97.0,28,3.0,0.7193999999999999
0.0,3906.0,2.0,6,3.0,464.0,308.0,43.0,16.0,1.0,2.0,824.0,22.6794025,88.3448383,1,6.0,0,0,0,0,0,1,0,0.0,0,0,0,2.0,1,0,4.0,0,0,0,1,41.0,29,366.0,0.1978
0.0,1745.0,2.0,6,3.0,464.0,308.0,43.0,16.0,1.0,1.0,819.0,22.6792439,88.3445691,1,7.0,0,0,0,0,0,0,0,0.0,0,0,0,2.0,1,0,4.0,0,0,0,1,41.0,29,366.0,0.1966
0.0,2185.0,3.0,1,4.0,993.0,356.0,43.0,49.0,2.0,2.0,1480.0,22.565252,88.35891,0,3.0,0,0,1,0,0,0,0,0.0,0,0,0,2.0,1,0,1.0,1,0,0,0,97.0,28,3.0,0.77
0.0,3343.0,3.0,1,4.0,949.0,356.0,43.0,49.0,2.0,2.0,1315.0,22.565252,88.35891,1,6.0,0,0,0,0,0,1,0,0.0,0,0,0,2.0,1,0,1.0,1,0,0,0,97.0,28,3.0,0.7232
0.0,831.0,3.0,1,4.0,949.0,356.0,43.0,49.0,1.0,2.0,1104.0,22.565252,88.35891,1,4.0,0,0,0,1,0,0,0,0.0,0,0,0,2.0,1,0,1.0,1,0,0,0,97.0,28,3.0,0.6072
0.0,3074.0,2.0,1,4.0,949.0,61.0,43.0,49.0,2.0,4.0,1000.0,22.565252,88.35891,1,8.0,0,0,0,0,0,0,1,0.0,0,0,0,2.0,1,0,1.0,1,0,0,0,97.0,28,2.0,0.5
0.0,758.0,2.0,1,4.0,1043.0,61.0,43.0,49.0,1.0,2.0,938.0,22.565252,88.35891,1,1.0,1,0,0,0,0,0,0,0.0,0,0,0,2.0,1,0,1.0,1,0,0,0,97.0,28,2.0,0.53
0.0,2092.0,3.0,1,4.0,949.0,513.0,43.0,49.0,1.0,1.0,1104.0,22.565252,88.35891,1,4.0,0,0,0,1,0,0,0,0.0,0,0,0,2.0,1,0,1.0,1,0,0,0,97.0,28,242.0,0.6672
0.0,2120.0,2.0,1,4.0,949.0,62.0,43.0,49.0,1.0,1.0,900.0,22.565252,88.35891,1,6.0,0,0,0,0,0,1,0,0.0,0,0,0,2.0,1,0,1.0,1,0,0,0,97.0,28,3.0,0.58
0.0,3212.0,3.0,1,17.0,162.0,499.0,43.0,49.0,2.0,8.0,1610.0,22.4927703,88.3986798,1,1.0,1,0,0,0,0,0,0,2.0,0,1,0,2.0,1,0,3.0,0,0,1,0,188.0,27,219.0,1.75
0.0,631.0,3.0,1,4.0,554.0,435.0,43.0,49.0,1.0,1.0,1370.0,22.484581,88.389555,1,4.0,0,0,0,1,0,0,0,0.0,0,0,0,2.0,1,0,3.0,0,0,1,0,91.0,27,116.0,0.66
0.0,330.0,2.0,1,18.0,162.0,206.0,43.0,49.0,1.0,12.0,1008.0,22.4937619,88.3999788,1,3.0,0,0,1,0,0,0,0,0.0,0,0,0,2.0,1,0,3.0,0,0,1,0,188.0,27,219.0,0.85
0.0,1173.0,3.0,2,27.0,554.0,435.0,43.0,49.0,1.0,14.0,1328.0,22.4842194,88.3889419,1,3.0,0,0,1,0,0,0,0,0.0,0,0,0,2.0,1,0,3.0,0,0,1,0,91.0,27,116.0,1.05
0.0,1607.0,2.0,2,14.0,79.0,296.0,43.0,49.0,1.0,5.0,1210.0,22.49194,88.393071,1,0.0,0,0,0,0,0,0,0,2.0,0,1,0,2.0,1,0,3.0,0,0,1,0,188.0,27,348.0,1.1
0.0,3944.0,3.0,2,18.0,81.0,441.0,43.0,50.0,1.0,10.0,1843.0,22.4658051,88.384625,1,6.0,0,0,0,0,0,1,0,0.0,0,0,0,2.0,1,0,3.0,0,0,1,0,80.0,27,126.0,1.42
0.0,3506.0,2.0,6,4.0,1280.0,186.0,43.0,11.0,1.0,3.0,804.0,22.7083815,88.341343,1,4.0,0,0,0,1,0,0,0,0.0,0,0,0,2.0,1,0,4.0,0,0,0,1,181.0,29,186.0,0.1687999999999999
0.0,3093.0,2.0,6,4.0,1416.0,186.0,43.0,18.0,1.0,1.0,673.0,22.7040336,88.3512777,1,7.0,0,0,0,0,0,0,0,0.0,0,0,0,2.0,1,0,4.0,0,0,0,1,181.0,29,186.0,0.1682999999999999
0.0,3193.0,2.0,6,4.0,1416.0,186.0,43.0,18.0,1.0,3.0,676.0,22.7036241,88.3510165,1,6.0,0,0,0,0,0,1,0,0.0,0,0,0,2.0,1,0,4.0,0,0,0,1,181.0,29,186.0,0.1689999999999999
0.0,1750.0,2.0,6,4.0,1416.0,186.0,43.0,18.0,1.0,2.0,702.0,22.7036674,88.351137,1,4.0,0,0,0,1,0,0,0,0.0,0,0,0,2.0,1,0,4.0,0,0,0,1,181.0,29,186.0,0.1755
0.0,2607.0,1.0,6,4.0,1374.0,32.0,43.0,18.0,1.0,4.0,575.0,22.6970971,88.3573004,1,6.0,0,0,0,0,0,1,0,0.0,0,0,0,2.0,1,0,4.0,0,0,0,1,38.0,29,186.0,0.1323
0.0,3094.0,2.0,6,3.0,1416.0,308.0,43.0,27.0,0.0,0.0,650.0,22.66118,88.3459,1,4.0,0,0,0,1,0,0,0,0.0,0,0,0,2.0,1,0,4.0,0,0,0,1,69.0,29,366.0,0.13
0.0,1618.0,2.0,6,3.0,1416.0,308.0,43.0,27.0,0.0,0.0,600.0,22.66118,88.3459,1,4.0,0,0,0,1,0,0,0,0.0,0,0,0,2.0,1,0,4.0,0,0,0,1,69.0,29,366.0,0.12
0.0,864.0,3.0,6,4.0,1375.0,479.0,43.0,18.0,1.0,2.0,1130.0,22.696774,88.3571651,1,3.0,0,0,1,0,0,0,0,0.0,0,0,0,2.0,1,0,4.0,0,0,0,1,38.0,29,186.0,0.2598999999999999
0.0,777.0,2.0,6,4.0,1374.0,186.0,43.0,18.0,1.0,1.0,870.0,22.6967494,88.3569521,1,4.0,0,0,0,1,0,0,0,0.0,0,0,0,2.0,1,0,4.0,0,0,0,1,38.0,29,186.0,0.2001
0.0,2482.0,3.0,6,4.0,1375.0,479.0,43.0,19.0,1.0,1.0,1114.0,22.6972791,88.3571748,1,6.0,0,0,0,0,0,1,0,0.0,0,0,0,2.0,1,0,4.0,0,0,0,1,38.0,29,186.0,0.2562
0.0,2451.0,2.0,1,4.0,1264.0,208.0,43.0,50.0,1.0,1.0,860.0,22.620927,88.417171,1,3.0,0,0,1,0,0,0,0,0.0,0,0,0,2.0,1,0,2.0,0,1,0,0,182.0,26,222.0,0.3
0.0,3568.0,2.0,1,5.0,1421.0,300.0,43.0,43.0,1.0,1.0,955.0,22.624168,88.434074,1,1.0,1,0,0,0,0,0,0,0.0,0,0,0,2.0,1,0,2.0,0,1,0,0,180.0,26,353.0,0.432
0.0,3099.0,2.0,1,4.0,1534.0,82.0,43.0,43.0,1.0,2.0,700.0,22.624168,88.434074,1,2.0,0,1,0,0,0,0,0,0.0,0,0,0,2.0,1,0,2.0,0,1,0,0,180.0,26,34.0,0.259
0.0,995.0,2.0,1,4.0,949.0,123.0,43.0,39.0,1.0,1.0,705.0,22.629532,88.44385,1,1.0,1,0,0,0,0,0,0,0.0,0,0,0,2.0,1,0,1.0,1,0,0,0,181.0,28,86.0,0.32
0.0,995.0,3.0,1,4.0,949.0,422.0,43.0,39.0,1.0,2.0,905.0,22.62951,88.44399,1,8.0,0,0,0,0,0,0,1,0.0,0,0,0,2.0,1,0,1.0,1,0,0,0,181.0,28,98.0,0.42
0.0,995.0,3.0,1,4.0,963.0,413.0,43.0,39.0,2.0,2.0,1085.0,22.62951,88.44399,1,6.0,0,0,0,0,0,1,0,0.0,0,0,0,2.0,1,0,1.0,1,0,0,0,181.0,28,86.0,0.46
0.0,995.0,3.0,1,4.0,949.0,413.0,43.0,39.0,1.0,3.0,1034.0,22.62967,88.44396,1,1.0,1,0,0,0,0,0,0,0.0,0,0,0,2.0,1,0,1.0,1,0,0,0,181.0,28,86.0,0.45
0.0,2452.0,2.0,1,4.0,1263.0,208.0,43.0,50.0,1.0,4.0,600.0,22.616882,88.41949,1,4.0,0,0,0,1,0,0,0,0.0,0,0,0,2.0,1,0,2.0,0,1,0,0,172.0,26,222.0,0.2
0.0,3845.0,2.0,6,3.0,468.0,160.0,43.0,18.0,1.0,3.0,723.0,22.6843216,88.3543584,1,6.0,0,0,0,0,0,1,0,0.0,0,0,0,2.0,1,0,4.0,0,0,0,1,41.0,29,151.0,0.1808
0.0,1873.0,3.0,6,6.0,1684.0,479.0,43.0,16.0,2.0,5.0,1304.0,22.6968456,88.3534388,1,3.0,0,0,1,0,0,0,0,0.0,0,0,0,2.0,1,0,4.0,0,0,0,1,206.0,29,186.0,0.3521
0.0,3403.0,4.0,1,17.0,778.0,699.0,42.0,12.0,2.0,9.0,1947.0,22.614686,88.390668,1,4.0,0,0,0,1,0,0,0,0.0,0,0,0,2.0,1,0,2.0,0,1,0,0,132.0,26,258.0,1.45
0.0,3393.0,3.0,6,6.0,1684.0,479.0,43.0,15.0,1.0,3.0,1065.0,22.69745,88.3530527,1,4.0,0,0,0,1,0,0,0,0.0,0,0,0,2.0,1,0,4.0,0,0,0,1,206.0,29,186.0,0.2875
0.0,4119.0,2.0,6,6.0,1684.0,186.0,43.0,15.0,2.0,5.0,1080.0,22.6972837,88.3528665,1,7.0,0,0,0,0,0,0,0,0.0,0,0,0,2.0,1,0,4.0,0,0,0,1,206.0,29,186.0,0.2916
0.0,3106.0,2.0,6,6.0,1684.0,186.0,43.0,17.0,1.0,1.0,1085.0,22.6971812,88.3536109,1,6.0,0,0,0,0,0,1,0,0.0,0,0,0,2.0,1,0,4.0,0,0,0,1,206.0,29,186.0,0.293
0.0,2044.0,2.0,6,4.0,901.0,186.0,43.0,16.0,1.0,0.0,635.0,22.694144,88.3547586,1,6.0,0,0,0,0,0,1,0,0.0,0,0,0,2.0,1,0,4.0,0,0,0,1,41.0,29,186.0,0.1397
0.0,3254.0,3.0,6,4.0,900.0,479.0,43.0,16.0,1.0,2.0,875.0,22.6942972,88.3549273,1,6.0,0,0,0,0,0,1,0,0.0,0,0,0,2.0,1,0,4.0,0,0,0,1,41.0,29,186.0,0.2144
0.0,1748.0,2.0,6,4.0,901.0,186.0,43.0,16.0,1.0,1.0,875.0,22.6943718,88.3549707,1,7.0,0,0,0,0,0,0,0,0.0,0,0,0,2.0,1,0,4.0,0,0,0,1,41.0,29,186.0,0.2055999999999999
0.0,715.0,2.0,6,4.0,494.0,160.0,43.0,15.0,1.0,1.0,675.0,22.6888863,88.3477141,1,6.0,0,0,0,0,0,1,0,0.0,0,0,0,2.0,1,0,4.0,0,0,0,1,213.0,29,151.0,0.162
0.0,1746.0,2.0,6,4.0,467.0,186.0,43.0,10.0,1.0,2.0,602.0,22.69138,88.3456732,1,7.0,0,0,0,0,0,0,0,0.0,0,0,0,2.0,1,0,4.0,0,0,0,1,213.0,29,186.0,0.1445
0.0,3137.0,2.0,6,5.0,586.0,186.0,43.0,17.0,1.0,5.0,906.0,22.6954107,88.3548328,1,4.0,0,0,0,1,0,0,0,0.0,0,0,0,2.0,1,0,4.0,0,0,0,1,41.0,29,186.0,0.2264999999999999
0.0,1297.0,2.0,6,5.0,586.0,186.0,43.0,17.0,1.0,5.0,728.0,22.6955777,88.3557508,1,3.0,0,0,1,0,0,0,0,0.0,0,0,0,2.0,1,0,4.0,0,0,0,1,41.0,29,186.0,0.182
0.0,1744.0,2.0,6,4.0,464.0,186.0,43.0,12.0,1.0,1.0,760.0,22.6909168,88.3435953,1,3.0,0,0,1,0,0,0,0,0.0,0,0,0,2.0,1,0,4.0,0,0,0,1,213.0,29,186.0,0.1748
0.0,1743.0,2.0,6,4.0,463.0,186.0,43.0,12.0,1.0,2.0,676.0,22.6903178,88.3442315,1,6.0,0,0,0,0,0,1,0,0.0,0,0,0,2.0,1,0,4.0,0,0,0,1,213.0,29,186.0,0.1555
0.0,713.0,2.0,6,4.0,464.0,186.0,43.0,12.0,1.0,0.0,740.0,22.6908805,88.3437854,1,3.0,0,0,1,0,0,0,0,0.0,0,0,0,2.0,1,0,4.0,0,0,0,1,213.0,29,186.0,0.1553999999999999
0.0,4075.0,2.0,6,4.0,1634.0,255.0,43.0,3.0,1.0,3.0,999.0,22.40946,88.4113,1,5.0,0,0,0,0,1,0,0,0.0,0,0,0,2.0,1,0,3.0,0,0,1,0,41.0,27,288.0,0.26
0.0,3202.0,2.0,2,5.0,1573.0,184.0,43.0,46.0,1.0,5.0,920.0,22.629862,88.43454,1,5.0,0,0,0,0,1,0,0,0.0,0,0,0,2.0,1,0,2.0,0,1,0,0,180.0,26,181.0,0.32
0.0,3826.0,2.0,1,4.0,949.0,81.0,43.0,46.0,1.0,1.0,800.0,22.629862,88.43454,1,7.0,0,0,0,0,0,0,0,0.0,0,0,0,2.0,1,0,2.0,0,1,0,0,180.0,26,33.0,0.336
0.0,2598.0,3.0,1,4.0,754.0,476.0,43.0,46.0,2.0,2.0,1020.0,22.629862,88.43454,1,4.0,0,0,0,1,0,0,0,0.0,0,0,0,2.0,1,0,2.0,0,1,0,0,180.0,26,181.0,0.3978
0.0,1882.0,4.0,1,29.0,1599.0,695.0,42.0,15.0,2.0,6.0,3450.0,22.5811785,88.4961337,1,4.0,0,0,0,1,0,0,0,0.0,0,0,0,2.0,1,0,1.0,1,0,0,0,251.0,28,242.0,3.7
0.0,1416.0,3.0,5,12.0,974.0,369.0,44.0,8.0,1.0,1.0,1420.0,22.621845669308,88.380510050037,0,4.0,0,0,0,1,0,0,0,0.0,0,0,0,2.0,1,0,2.0,0,1,0,0,118.0,26,28.0,1.12
0.0,3930.0,3.0,5,12.0,974.0,369.0,44.0,8.0,1.0,7.0,1290.0,22.621845669308,88.380510050037,0,6.0,0,0,0,0,0,1,0,0.0,0,0,0,2.0,1,0,2.0,0,1,0,0,118.0,26,28.0,1.09
0.0,3228.0,3.0,1,30.0,439.0,513.0,43.0,15.0,1.0,28.0,1809.0,22.567407,88.517945,1,1.0,1,0,0,0,0,0,0,0.0,0,0,0,2.0,1,0,1.0,1,0,0,0,254.0,28,242.0,0.99
0.0,3857.0,2.0,6,5.0,1281.0,186.0,43.0,11.0,1.0,5.0,859.0,22.7083154,88.34118,1,3.0,0,0,1,0,0,0,0,0.0,0,0,0,2.0,1,0,4.0,0,0,0,1,181.0,29,186.0,0.155
0.0,4166.0,3.0,5,25.0,1714.0,513.0,45.0,8.0,1.0,5.0,1934.0,22.567199,88.466205,1,3.0,0,0,1,0,0,0,0,0.0,0,0,0,2.0,1,0,1.0,1,0,0,0,106.0,28,242.0,1.72
0.0,1924.0,3.0,5,23.0,738.0,513.0,44.0,9.0,1.0,2.0,1426.0,22.586413,88.486072,1,4.0,0,0,0,1,0,0,0,0.0,0,0,0,2.0,1,0,1.0,1,0,0,0,141.0,28,242.0,1.3
0.0,818.0,3.0,5,23.0,738.0,513.0,44.0,9.0,1.0,15.0,1736.0,22.586413,88.486072,1,7.0,0,0,0,0,0,0,0,0.0,0,0,0,2.0,1,0,1.0,1,0,0,0,141.0,28,242.0,1.55
0.0,2050.0,3.0,5,7.0,911.0,386.0,45.0,49.0,1.0,4.0,1406.0,22.608378,88.405796,1,7.0,0,0,0,0,0,0,0,0.0,0,0,0,2.0,1,0,2.0,0,1,0,0,74.0,26,49.0,0.94
0.0,828.0,3.0,5,7.0,911.0,386.0,45.0,49.0,1.0,2.0,1315.0,22.608378,88.405796,1,6.0,0,0,0,0,0,1,0,0.0,0,0,0,2.0,1,0,2.0,0,1,0,0,74.0,26,49.0,0.88
0.0,2513.0,2.0,5,4.0,537.0,65.0,45.0,11.0,2.0,3.0,1000.0,22.569,88.510296,1,3.0,0,0,1,0,0,0,0,0.0,0,0,0,2.0,1,0,1.0,1,0,0,0,10.0,28,6.0,0.43
0.0,2540.0,3.0,5,5.0,1269.0,403.0,45.0,28.0,1.0,3.0,1496.0,22.648631,88.379847,1,6.0,0,0,0,0,0,1,0,0.0,0,0,0,2.0,1,0,2.0,0,1,0,0,68.0,26,73.0,0.83
0.0,2541.0,3.0,5,6.0,1269.0,403.0,45.0,28.0,1.0,3.0,1215.0,22.648631,88.379847,1,0.0,0,0,0,0,0,0,0,0.0,0,0,0,2.0,1,0,2.0,0,1,0,0,68.0,26,73.0,0.67
0.0,1429.0,3.0,1,17.0,434.0,417.0,43.0,50.0,1.0,3.0,1250.0,22.55023,88.380192,1,5.0,0,0,0,0,1,0,0,0.0,0,0,0,2.0,1,0,0.0,0,0,0,0,177.0,30,90.0,0.99
0.0,3021.0,2.0,1,23.0,102.0,223.0,42.0,15.0,2.0,9.0,1244.0,22.581199,88.461896,1,1.0,1,0,0,0,0,0,0,0.0,0,0,0,2.0,1,0,1.0,1,0,0,0,145.0,28,242.0,1.35
0.0,3324.0,3.0,1,33.0,369.0,513.0,43.0,20.0,2.0,22.0,2200.0,22.579337,88.500056,1,3.0,0,0,1,0,0,0,0,2.0,0,1,0,2.0,1,0,1.0,1,0,0,0,196.0,28,242.0,1.8
0.0,3931.0,3.0,5,5.0,1269.0,369.0,45.0,49.0,1.0,3.0,1215.0,22.612664,88.377414,1,5.0,0,0,0,0,1,0,0,0.0,0,0,0,2.0,1,0,2.0,0,1,0,0,71.0,26,28.0,0.67
0.0,2111.0,3.0,1,4.0,949.0,538.0,43.0,48.0,1.0,1.0,960.0,22.620344,88.43166,1,4.0,0,0,0,1,0,0,0,0.0,0,0,0,2.0,1,0,2.0,0,1,0,0,170.0,26,280.0,0.3647999999999999
0.0,3358.0,3.0,1,4.0,949.0,579.0,43.0,48.0,1.0,1.0,1000.0,22.620344,88.43166,1,8.0,0,0,0,0,0,0,1,0.0,0,0,0,2.0,1,0,2.0,0,1,0,0,170.0,26,353.0,0.38
0.0,2733.0,2.0,1,4.0,703.0,300.0,43.0,49.0,1.0,1.0,793.0,22.62318,88.43007,1,1.0,1,0,0,0,0,0,0,0.0,0,0,0,2.0,1,0,2.0,0,1,0,0,180.0,26,353.0,0.2775
0.0,1821.0,3.0,1,4.0,703.0,579.0,43.0,49.0,1.0,1.0,1053.0,22.62318,88.43007,1,4.0,0,0,0,1,0,0,0,0.0,0,0,0,2.0,1,0,2.0,0,1,0,0,180.0,26,353.0,0.3685
0.0,3140.0,2.0,1,4.0,703.0,300.0,43.0,49.0,1.0,1.0,852.0,22.62318,88.43007,1,8.0,0,0,0,0,0,0,1,0.0,0,0,0,2.0,1,0,2.0,0,1,0,0,180.0,26,353.0,0.2982
0.0,3567.0,2.0,1,4.0,704.0,300.0,43.0,49.0,1.0,1.0,807.0,22.62318,88.43007,1,8.0,0,0,0,0,0,0,1,0.0,0,0,0,2.0,1,0,2.0,0,1,0,0,180.0,26,353.0,0.2825
0.0,1422.0,3.0,6,10.0,129.0,413.0,42.0,5.0,1.0,9.0,1847.0,22.622998,88.441203,1,8.0,0,0,0,0,0,0,1,0.0,0,0,0,2.0,1,0,1.0,1,0,0,0,22.0,28,86.0,1.67
0.0,558.0,4.0,6,10.0,129.0,663.0,42.0,5.0,1.0,2.0,2154.0,22.622998,88.441203,1,2.0,0,1,0,0,0,0,0,0.0,0,0,0,2.0,1,0,1.0,1,0,0,0,22.0,28,86.0,1.9
0.0,1363.0,4.0,5,2.0,1029.0,730.0,45.0,15.0,2.0,5.409404102777435,1799.0,22.578873,88.492872,1,0.0,0,0,0,0,0,0,0,0.0,0,0,0,0.0,0,0,1.0,1,0,0,0,253.0,28,3.0,2.45
0.0,1363.0,5.0,5,2.0,1029.0,756.0,45.0,15.0,2.0,5.923684198744219,2090.0,22.578873,88.492872,1,0.0,0,0,0,0,0,0,0,0.0,0,0,0,0.0,0,0,1.0,1,0,0,0,253.0,28,242.0,2.5
0.0,3588.0,3.0,6,10.0,129.0,413.0,42.0,5.0,1.0,10.0,1399.0,22.622998,88.441203,1,1.0,1,0,0,0,0,0,0,0.0,0,0,0,2.0,1,0,1.0,1,0,0,0,22.0,28,86.0,1.31
0.0,1363.0,5.0,5,2.0,1029.0,756.0,45.0,15.0,2.0,5.923684198744219,1799.0,22.578873,88.492872,1,0.0,0,0,0,0,0,0,0,0.0,0,0,0,0.0,0,0,1.0,1,0,0,0,253.0,28,242.0,2.7
0.0,2066.0,4.0,5,25.0,926.0,662.0,45.0,28.0,1.0,7.0,2071.0,22.648631,88.379847,1,3.0,0,0,1,0,0,0,0,0.0,0,0,0,2.0,1,0,2.0,0,1,0,0,68.0,26,73.0,1.36
0.0,3422.0,4.0,5,25.0,926.0,652.0,44.0,7.0,1.0,9.0,2071.0,22.6417,88.3781071,1,0.0,0,0,0,0,0,0,0,0.0,0,0,0,2.0,1,0,2.0,0,1,0,0,149.0,26,28.0,1.46
0.0,956.0,2.0,5,7.0,177.0,139.0,45.0,50.0,1.0,3.0,926.0,22.61059,88.41494,1,3.0,0,0,1,0,0,0,0,0.0,0,0,0,2.0,1,0,2.0,0,1,0,0,172.0,26,113.0,0.4445
0.0,4025.0,3.0,1,4.0,1420.0,579.0,43.0,25.0,1.0,2.0,1000.0,22.706638,88.36882,1,3.0,0,0,1,0,0,0,0,0.0,0,0,0,2.0,1,0,2.0,0,1,0,0,200.0,26,353.0,0.37
0.0,2609.0,2.0,5,7.0,184.0,191.0,45.0,50.0,2.0,2.0,889.0,22.606173,88.407854,1,6.0,0,0,0,0,0,1,0,0.0,0,0,0,2.0,1,0,2.0,0,1,0,0,172.0,26,192.0,0.64
0.0,1968.0,3.0,2,12.0,864.0,586.0,43.0,48.0,1.0,1.0,1839.0,22.593132,88.390765,1,5.0,0,0,0,0,1,0,0,0.0,0,0,0,2.0,1,0,2.0,0,1,0,0,42.0,26,363.0,1.1
0.0,4043.0,2.0,6,4.0,113.0,186.0,43.0,16.0,1.0,2.0,775.0,22.7000437,88.3509157,1,6.0,0,0,0,0,0,1,0,0.0,0,0,0,2.0,1,0,4.0,0,0,0,1,206.0,29,186.0,0.2092
0.0,1480.0,2.0,1,5.0,586.0,186.0,43.0,18.0,1.0,4.0,758.0,22.699486,88.35397,1,4.0,0,0,0,1,0,0,0,0.0,0,0,0,2.0,1,0,4.0,0,0,0,1,206.0,29,186.0,0.1895
0.0,907.0,2.0,1,5.0,586.0,186.0,43.0,18.0,1.0,1.0,610.0,22.699486,88.35397,1,6.0,0,0,0,0,0,1,0,0.0,0,0,0,2.0,1,0,4.0,0,0,0,1,206.0,29,186.0,0.1525
0.0,1296.0,2.0,1,5.0,585.0,186.0,43.0,18.0,1.0,4.0,943.0,22.699486,88.35397,1,5.0,0,0,0,0,1,0,0,0.0,0,0,0,2.0,1,0,4.0,0,0,0,1,206.0,29,186.0,0.2357999999999999
0.0,3688.0,3.0,1,3.0,1718.0,479.0,43.0,18.0,2.0,3.0,1165.0,22.699486,88.35397,1,5.0,0,0,0,0,1,0,0,0.0,0,0,0,2.0,1,0,4.0,0,0,0,1,206.0,29,186.0,0.3029
0.0,788.0,2.0,1,3.0,1717.0,186.0,43.0,18.0,1.0,2.0,800.0,22.699486,88.35397,1,7.0,0,0,0,0,0,0,0,3.0,0,0,1,2.0,1,0,4.0,0,0,0,1,206.0,29,186.0,0.216
0.0,547.0,2.0,1,4.0,113.0,186.0,43.0,18.0,1.0,3.0,825.0,22.699486,88.35397,1,3.0,0,0,1,0,0,0,0,0.0,0,0,0,2.0,1,0,4.0,0,0,0,1,206.0,29,186.0,0.2227
0.0,1479.0,3.0,1,4.0,113.0,479.0,43.0,18.0,2.0,1.0,1000.0,22.699486,88.35397,1,8.0,0,0,0,0,0,0,1,0.0,0,0,0,2.0,1,0,4.0,0,0,0,1,206.0,29,186.0,0.27
0.0,1907.0,2.0,1,4.0,711.0,82.0,43.0,49.0,1.0,3.0,800.0,22.614433,88.42744,1,3.0,0,0,1,0,0,0,0,0.0,0,0,0,2.0,1,0,2.0,0,1,0,0,174.0,26,34.0,0.336
0.0,3827.0,2.0,1,4.0,708.0,82.0,43.0,49.0,1.0,4.0,1000.0,22.614555,88.42735,1,3.0,0,0,1,0,0,0,0,0.0,0,0,0,2.0,1,0,2.0,0,1,0,0,174.0,26,34.0,0.35
0.0,3027.0,2.0,1,6.0,180.0,208.0,43.0,50.0,1.0,2.0,785.0,22.614517,88.41765,1,6.0,0,0,0,0,0,1,0,0.0,0,0,0,2.0,1,0,2.0,0,1,0,0,172.0,26,222.0,0.3533
0.0,1495.0,2.0,1,5.0,1251.0,208.0,43.0,49.0,1.0,2.0,856.0,22.618076,88.42215,1,1.0,1,0,0,0,0,0,0,0.0,0,0,0,2.0,1,0,2.0,0,1,0,0,172.0,26,222.0,0.3852
0.0,3859.0,2.0,1,5.0,1251.0,208.0,43.0,49.0,1.0,2.0,782.0,22.618345,88.421906,1,8.0,0,0,0,0,0,0,1,0.0,0,0,0,2.0,1,0,2.0,0,1,0,0,182.0,26,222.0,0.3519
0.0,1831.0,3.0,1,5.0,1251.0,500.0,43.0,49.0,2.0,1.0,1120.0,22.618345,88.421906,1,8.0,0,0,0,0,0,0,1,0.0,0,0,0,2.0,1,0,2.0,0,1,0,0,182.0,26,222.0,0.504
0.0,1963.0,3.0,1,6.0,850.0,500.0,43.0,49.0,1.0,2.0,990.0,22.621162,88.420425,1,8.0,0,0,0,0,0,0,1,0.0,0,0,0,2.0,1,0,2.0,0,1,0,0,182.0,26,222.0,0.4059
0.0,1614.0,1.0,1,6.0,949.0,53.0,43.0,45.0,1.0,0.0,450.0,22.622969,88.43393,1,3.0,0,0,1,0,0,0,0,0.0,0,0,0,2.0,1,0,2.0,0,1,0,0,180.0,26,353.0,0.1575
0.0,4024.0,3.0,1,6.0,949.0,579.0,43.0,45.0,1.0,6.0,1150.0,22.622969,88.43393,1,3.0,0,0,1,0,0,0,0,0.0,0,0,0,2.0,1,0,2.0,0,1,0,0,180.0,26,353.0,0.5175
0.0,2734.0,2.0,1,6.0,949.0,300.0,43.0,45.0,1.0,6.0,953.0,22.622969,88.43393,1,3.0,0,0,1,0,0,0,0,0.0,0,0,0,2.0,1,0,2.0,0,1,0,0,180.0,26,353.0,0.42
0.0,3172.0,2.0,1,6.0,949.0,300.0,43.0,44.0,1.0,1.0,955.0,22.62488,88.434204,1,6.0,0,0,0,0,0,1,0,0.0,0,0,0,2.0,1,0,2.0,0,1,0,0,180.0,26,353.0,0.4296999999999999
0.0,748.0,2.0,1,6.0,949.0,300.0,43.0,44.0,1.0,1.0,920.0,22.62488,88.434204,1,6.0,0,0,0,0,0,1,0,0.0,0,0,0,2.0,1,0,2.0,0,1,0,0,180.0,26,353.0,0.414
0.0,632.0,2.0,2,19.0,1682.0,147.0,43.0,46.0,1.0,9.0,815.0,22.4752016,88.4003088,1,3.0,0,0,1,0,0,0,0,0.0,0,0,0,2.0,1,0,3.0,0,0,1,0,77.0,27,126.0,0.48
0.0,528.0,2.0,2,14.0,79.0,296.0,43.0,49.0,1.0,1.0,1210.0,22.49194,88.393071,1,3.0,0,0,1,0,0,0,0,0.0,0,0,0,2.0,1,0,3.0,0,0,1,0,188.0,27,348.0,1.0
0.0,339.0,2.0,1,4.0,79.0,296.0,43.0,49.0,1.0,4.0,720.0,22.49194,88.393071,0,0.0,0,0,0,0,0,0,0,0.0,0,0,0,2.0,1,0,3.0,0,0,1,0,188.0,27,348.0,0.28
0.0,3064.0,2.0,1,4.0,949.0,81.0,43.0,50.0,1.0,2.0,925.0,22.611822,88.42244,1,7.0,0,0,0,0,0,0,0,0.0,0,0,0,2.0,1,0,2.0,0,1,0,0,172.0,26,33.0,0.3885
0.0,2100.0,2.0,1,4.0,949.0,82.0,43.0,50.0,1.0,3.0,890.0,22.611822,88.42244,1,7.0,0,0,0,0,0,0,0,0.0,0,0,0,2.0,1,0,2.0,0,1,0,0,172.0,26,34.0,0.3738
0.0,3256.0,3.0,1,4.0,949.0,371.0,43.0,49.0,1.0,1.0,1000.0,22.614618,88.42725,1,7.0,0,0,0,0,0,0,0,0.0,0,0,0,2.0,1,0,2.0,0,1,0,0,174.0,26,33.0,0.42
0.0,2099.0,2.0,1,5.0,949.0,81.0,43.0,49.0,1.0,5.0,961.0,22.617277,88.429344,1,5.0,0,0,0,0,1,0,0,0.0,0,0,0,2.0,1,0,2.0,0,1,0,0,174.0,26,33.0,0.3647999999999999
0.0,3154.0,2.0,1,5.0,949.0,81.0,43.0,49.0,1.0,1.0,960.0,22.617277,88.429344,1,5.0,0,0,0,0,1,0,0,0.0,0,0,0,2.0,1,0,2.0,0,1,0,0,174.0,26,33.0,0.3647999999999999
0.0,3464.0,2.0,1,4.0,949.0,81.0,43.0,49.0,1.0,2.0,800.0,22.616152,88.428314,1,8.0,0,0,0,0,0,0,1,0.0,0,0,0,2.0,1,0,2.0,0,1,0,0,174.0,26,33.0,0.32
0.0,732.0,2.0,1,4.0,949.0,81.0,43.0,49.0,1.0,2.0,960.0,22.616152,88.428314,1,5.0,0,0,0,0,1,0,0,0.0,0,0,0,2.0,1,0,2.0,0,1,0,0,174.0,26,33.0,0.4032
0.0,733.0,2.0,1,4.0,963.0,81.0,43.0,49.0,1.0,1.0,760.0,22.616152,88.428314,1,3.0,0,0,1,0,0,0,0,0.0,0,0,0,2.0,1,0,2.0,0,1,0,0,174.0,26,33.0,0.3192
0.0,3143.0,2.0,1,4.0,765.0,215.0,43.0,18.0,1.0,3.0,910.0,22.44792,88.40389,1,3.0,0,0,1,0,0,0,0,0.0,0,0,0,2.0,1,0,3.0,0,0,1,0,201.0,27,231.0,0.29
0.0,3244.0,3.0,1,4.0,765.0,504.0,43.0,18.0,1.0,4.0,1130.0,22.44792,88.40389,1,3.0,0,0,1,0,0,0,0,0.0,0,0,0,2.0,1,0,3.0,0,0,1,0,201.0,27,231.0,0.3616
0.0,1502.0,2.0,1,4.0,765.0,215.0,43.0,18.0,1.0,1.0,960.0,22.44792,88.40389,1,4.0,0,0,0,1,0,0,0,0.0,0,0,0,2.0,1,0,3.0,0,0,1,0,201.0,27,231.0,0.3072
0.0,2616.0,2.0,1,4.0,765.0,215.0,43.0,1.0,1.0,4.0,970.0,22.428503,88.39508,1,5.0,0,0,0,0,1,0,0,0.0,0,0,0,2.0,1,0,3.0,0,0,1,0,292.0,27,231.0,0.31
0.0,1714.0,2.0,1,4.0,762.0,97.0,42.0,15.0,1.0,1.0,840.0,22.36686,88.43711,1,6.0,0,0,0,0,0,1,0,0.0,0,0,0,2.0,1,0,3.0,0,0,1,0,32.0,27,52.0,0.2772
0.0,2534.0,2.0,1,4.0,762.0,97.0,42.0,15.0,1.0,2.0,900.0,22.36686,88.43711,1,1.0,1,0,0,0,0,0,0,0.0,0,0,0,2.0,1,0,3.0,0,0,1,0,32.0,27,52.0,0.297
0.0,3925.0,3.0,1,4.0,762.0,388.0,42.0,15.0,1.0,1.0,1070.0,22.383669,88.422215,1,6.0,0,0,0,0,0,1,0,0.0,0,0,0,2.0,1,0,3.0,0,0,1,0,32.0,27,52.0,0.3531
0.0,3469.0,2.0,1,4.0,762.0,97.0,42.0,15.0,1.0,3.0,840.0,22.383669,88.422215,1,4.0,0,0,0,1,0,0,0,0.0,0,0,0,2.0,1,0,3.0,0,0,1,0,32.0,27,52.0,0.2773
0.0,3242.0,3.0,1,4.0,762.0,388.0,42.0,15.0,1.0,4.0,1115.0,22.36686,88.43711,1,3.0,0,0,1,0,0,0,0,0.0,0,0,0,2.0,1,0,3.0,0,0,1,0,32.0,27,52.0,0.368
0.0,3710.0,2.0,1,22.0,369.0,223.0,43.0,35.0,1.0,2.0,1257.0,22.6006912,88.4694535,1,1.0,1,0,0,0,0,0,0,0.0,0,0,0,2.0,1,0,1.0,1,0,0,0,185.0,28,242.0,0.7
0.0,1269.0,2.0,1,4.0,950.0,248.0,43.0,50.0,1.0,4.0,880.0,22.498324,88.403156,1,6.0,0,0,0,0,0,1,0,0.0,0,0,0,2.0,1,0,3.0,0,0,1,0,188.0,27,276.0,0.42
0.0,3733.0,2.0,3,15.0,1463.0,299.0,43.0,50.0,1.0,9.0,920.0,22.4871476,88.3322464,1,6.0,0,0,0,0,0,1,0,2.0,0,1,0,2.0,1,0,3.0,0,0,1,0,162.0,27,352.0,0.75
0.0,1492.0,3.0,5,8.0,165.0,500.0,45.0,50.0,2.0,7.0,1600.0,22.6174760274,88.4163038726,1,6.0,0,0,0,0,0,1,0,0.0,0,0,0,2.0,1,0,2.0,0,1,0,0,172.0,26,222.0,0.96
0.0,529.0,2.0,3,19.0,82.0,142.0,43.0,42.0,1.0,3.0,1200.0,22.548114,88.4004968,1,6.0,0,0,0,0,0,1,0,3.0,0,0,1,2.0,1,0,3.0,0,0,1,0,193.0,27,116.0,1.01
0.0,3468.0,2.0,5,4.0,257.0,96.0,45.0,26.0,1.0,4.0,510.0,22.76743,88.38835,1,5.0,0,0,0,0,1,0,0,0.0,0,0,0,2.0,1,0,2.0,0,1,0,0,217.0,26,51.0,0.1734
0.0,1406.0,3.0,5,4.0,257.0,387.0,45.0,26.0,1.0,4.0,921.0,22.76743,88.38835,1,3.0,0,0,1,0,0,0,0,0.0,0,0,0,2.0,1,0,2.0,0,1,0,0,217.0,26,51.0,0.3128
0.0,245.0,3.0,2,5.0,307.0,532.0,43.0,49.0,1.0,3.0,1260.0,22.536025,88.35469,1,3.0,0,0,1,0,0,0,0,0.0,0,0,0,2.0,1,0,3.0,0,0,1,0,164.0,27,268.0,0.85
0.0,214.0,4.0,1,4.0,1038.0,691.0,43.0,48.0,2.0,3.0,3000.0,22.473451,88.368155,1,4.0,0,0,0,1,0,0,0,2.0,0,1,0,2.0,1,0,3.0,0,0,1,0,89.0,27,225.0,1.65
0.0,4047.0,3.0,6,5.0,1038.0,501.0,43.0,48.0,1.0,5.0,1850.0,22.473451,88.368155,1,0.0,0,0,0,0,0,0,0,0.0,0,0,0,2.0,1,0,3.0,0,0,1,0,89.0,27,225.0,1.29
0.0,4046.0,4.0,1,4.0,1038.0,655.0,43.0,50.0,2.0,2.0,2200.0,22.526992,88.368848,1,4.0,0,0,0,1,0,0,0,0.0,0,0,0,2.0,1,0,3.0,0,0,1,0,291.0,27,42.0,2.6
0.0,4048.0,3.0,1,4.0,1038.0,367.0,43.0,50.0,1.0,3.0,1640.0,22.48752,88.356035,1,6.0,0,0,0,0,0,1,0,0.0,0,0,0,2.0,1,0,3.0,0,0,1,0,89.0,27,25.0,1.25
0.0,4050.0,4.0,1,4.0,1038.0,720.0,43.0,50.0,2.0,3.0,2682.0,22.5,88.35,1,6.0,0,0,0,0,0,1,0,0.0,0,0,0,2.0,1,0,3.0,0,0,1,0,95.0,27,359.0,2.18
0.0,4050.0,4.0,1,4.0,917.0,720.0,43.0,50.0,2.0,3.0,2577.0,22.5,88.35,1,3.0,0,0,1,0,0,0,0,0.0,0,0,0,2.0,1,0,3.0,0,0,1,0,95.0,27,359.0,1.95
0.0,4049.0,3.0,1,4.0,1038.0,583.0,43.0,50.0,2.0,1.0,1457.0,22.5,88.35,1,3.0,0,0,1,0,0,0,0,0.0,0,0,0,2.0,1,0,3.0,0,0,1,0,95.0,27,359.0,1.05
0.0,2217.0,2.0,6,4.0,1038.0,305.0,43.0,50.0,2.0,1.0,1103.0,22.5,88.35,1,6.0,0,0,0,0,0,1,0,0.0,0,0,0,2.0,1,0,3.0,0,0,1,0,95.0,27,359.0,0.8
0.0,4198.0,2.672021502414428,0,2.0,27.0,783.0,46.0,12.0,1.2297135143990388,3.753961788353753,1440.0,22.4439029807,88.2978736068,1,1.0,1,0,0,0,0,0,0,3.0,0,0,1,3.0,0,1,3.0,0,0,1,0,41.0,27,166.0,0.1
0.0,4198.0,2.672021502414428,0,2.0,27.0,783.0,46.0,12.0,1.2297135143990388,3.753961788353753,1080.0,22.4439029807,88.2978736068,1,1.0,1,0,0,0,0,0,0,3.0,0,0,1,3.0,0,1,3.0,0,0,1,0,41.0,27,166.0,0.0788
0.0,4197.0,2.672021502414428,0,3.0,25.0,783.0,46.0,12.0,1.2297135143990388,3.753961788353753,1440.0,22.4439029807,88.2978736068,1,1.0,1,0,0,0,0,0,0,3.0,0,0,1,3.0,0,1,3.0,0,0,1,0,41.0,27,166.0,0.1
0.0,2423.0,3.0,2,3.0,950.0,441.0,43.0,39.0,1.0,1.0,1265.0,22.4567884,88.383138,1,1.0,1,0,0,0,0,0,0,0.0,0,0,0,2.0,1,0,3.0,0,0,1,0,74.0,27,126.0,0.45
0.0,4199.0,2.672021502414428,0,2.0,23.0,777.0,46.0,50.0,1.2297135143990388,3.753961788353753,721.0,22.52439,88.38114,1,1.0,1,0,0,0,0,0,0,3.0,0,0,1,3.0,0,1,3.0,0,0,1,0,197.0,27,14.0,0.055
0.0,4199.0,2.672021502414428,0,2.0,25.0,783.0,46.0,12.0,1.2297135143990388,3.753961788353753,1440.0,22.4439029807,88.2978736068,1,1.0,1,0,0,0,0,0,0,3.0,0,0,1,3.0,0,1,3.0,0,0,1,0,41.0,27,166.0,0.099
0.0,4199.0,2.672021502414428,0,2.0,25.0,795.0,46.0,18.0,1.2297135143990388,3.753961788353753,1440.0,22.46376,88.30718,1,1.0,1,0,0,0,0,0,0,3.0,0,0,1,3.0,0,1,3.0,0,0,1,0,213.0,27,357.0,0.1
0.0,4199.0,2.672021502414428,0,2.0,25.0,795.0,46.0,18.0,1.2297135143990388,3.753961788353753,1080.0,22.46376,88.30718,1,1.0,1,0,0,0,0,0,0,3.0,0,0,1,3.0,0,1,3.0,0,0,1,0,213.0,27,357.0,0.075
0.0,4199.0,2.672021502414428,0,2.0,25.0,777.0,46.0,50.0,1.2297135143990388,3.753961788353753,720.0,22.52439,88.38114,1,1.0,1,0,0,0,0,0,0,3.0,0,0,1,3.0,0,1,3.0,0,0,1,0,197.0,27,14.0,0.05
0.0,561.0,2.672021502414428,0,2.0,1199.0,795.0,47.0,18.0,1.2297135143990388,3.753961788353753,719.0,22.46376,88.30718,1,3.0,0,0,1,0,0,0,0,3.0,0,0,1,3.0,0,1,3.0,0,0,1,0,213.0,27,357.0,0.025
0.0,561.0,2.672021502414428,0,2.0,1198.0,783.0,47.0,12.0,1.2297135143990388,3.753961788353753,1440.0,22.4439029807,88.2978736068,1,3.0,0,0,1,0,0,0,0,3.0,0,0,1,3.0,0,1,3.0,0,0,1,0,41.0,27,166.0,0.055
0.0,561.0,2.672021502414428,0,2.0,1202.0,783.0,9.0,12.0,1.2297135143990388,3.753961788353753,719.0,22.4439029807,88.2978736068,1,3.0,0,0,1,0,0,0,0,3.0,0,0,1,3.0,0,1,3.0,0,0,1,0,41.0,27,166.0,0.0275
0.0,849.0,3.0,1,12.0,1160.0,545.0,43.0,46.0,1.0,1.0,1340.0,22.465895,88.37548,1,4.0,0,0,0,1,0,0,0,0.0,0,0,0,2.0,1,0,3.0,0,0,1,0,80.0,27,289.0,0.6
0.0,4195.0,2.672021502414428,0,3.0,1202.0,783.0,47.0,12.0,1.2297135143990388,3.753961788353753,2160.0,22.4439029807,88.2978736068,1,1.0,1,0,0,0,0,0,0,3.0,0,0,1,3.0,0,1,3.0,0,0,1,0,41.0,27,166.0,0.075
0.0,1854.0,3.0,6,3.0,950.0,441.0,43.0,26.0,1.0,1.0,1000.0,22.45257,88.3757439,1,1.0,1,0,0,0,0,0,0,0.0,0,0,0,2.0,1,0,3.0,0,0,1,0,74.0,27,126.0,0.42
0.0,4196.0,2.672021502414428,0,2.0,1202.0,783.0,47.0,12.0,1.2297135143990388,3.753961788353753,720.0,22.4439029807,88.2978736068,1,1.0,1,0,0,0,0,0,0,3.0,0,0,1,3.0,0,1,3.0,0,0,1,0,41.0,27,166.0,0.025
0.0,4195.0,2.672021502414428,0,3.0,1202.0,783.0,47.0,12.0,1.2297135143990388,3.753961788353753,1440.0,22.4439029807,88.2978736068,1,1.0,1,0,0,0,0,0,0,3.0,0,0,1,3.0,0,1,3.0,0,0,1,0,41.0,27,166.0,0.05
0.0,1993.0,2.0,1,4.0,949.0,150.0,43.0,46.0,1.0,4.0,950.0,22.465895,88.37548,1,8.0,0,0,0,0,0,0,1,0.0,0,0,0,2.0,1,0,3.0,0,0,1,0,80.0,27,132.0,0.456
0.0,2567.0,3.0,1,4.0,1454.0,441.0,43.0,46.0,1.0,2.0,1075.0,22.465895,88.37548,1,5.0,0,0,0,0,1,0,0,1.0,1,0,0,2.0,1,0,3.0,0,0,1,0,80.0,27,126.0,0.675
0.0,2261.0,2.0,1,4.0,949.0,147.0,43.0,46.0,1.0,2.0,755.0,22.465895,88.37548,1,5.0,0,0,0,0,1,0,0,0.0,0,0,0,2.0,1,0,3.0,0,0,1,0,80.0,27,126.0,0.42
0.0,3945.0,3.0,1,3.0,949.0,441.0,43.0,46.0,1.0,3.0,1250.0,22.465895,88.37548,1,3.0,0,0,1,0,0,0,0,0.0,0,0,0,2.0,1,0,3.0,0,0,1,0,80.0,27,126.0,0.68
0.0,2133.0,2.0,1,3.0,949.0,147.0,43.0,46.0,1.0,2.0,750.0,22.465895,88.37548,1,3.0,0,0,1,0,0,0,0,0.0,0,0,0,2.0,1,0,3.0,0,0,1,0,80.0,27,126.0,0.4125
0.0,2165.0,1.0,1,3.0,970.0,20.0,43.0,46.0,1.0,1.0,400.0,22.465895,88.37548,1,3.0,0,0,1,0,0,0,0,0.0,0,0,0,2.0,1,0,3.0,0,0,1,0,80.0,27,126.0,0.17
0.0,2254.0,2.0,6,3.0,949.0,147.0,43.0,44.0,1.0,1.0,700.0,22.461594,88.3775746,1,4.0,0,0,0,1,0,0,0,0.0,0,0,0,2.0,1,0,3.0,0,0,1,0,80.0,27,126.0,0.28
0.0,3382.0,3.0,1,4.0,1455.0,441.0,43.0,47.0,2.0,3.0,1135.0,22.4652407,88.3779496,1,1.0,1,0,0,0,0,0,0,1.0,1,0,0,2.0,1,0,3.0,0,0,1,0,80.0,27,126.0,0.715
0.0,1853.0,3.0,1,4.0,949.0,441.0,43.0,3.0,1.0,1.0,1180.0,22.434502,88.39892,1,1.0,1,0,0,0,0,0,0,0.0,0,0,0,2.0,1,0,3.0,0,0,1,0,15.0,27,126.0,0.43
0.0,1991.0,2.0,1,3.0,950.0,270.0,43.0,33.0,1.0,3.0,790.0,22.45864,88.373679,1,4.0,0,0,0,1,0,0,0,0.0,0,0,0,2.0,1,0,3.0,0,0,1,0,80.0,27,309.0,0.3318
0.0,1989.0,2.0,1,3.0,950.0,270.0,43.0,33.0,0.0,0.0,750.0,22.45864,88.373679,1,3.0,0,0,1,0,0,0,0,0.0,0,0,0,2.0,1,0,3.0,0,0,1,0,80.0,27,309.0,0.315
0.0,2424.0,2.0,6,4.0,946.0,161.0,43.0,43.0,1.0,1.0,900.0,22.457894,88.383531,1,3.0,0,0,1,0,0,0,0,0.0,0,0,0,2.0,1,0,3.0,0,0,1,0,80.0,27,152.0,0.41
0.0,113.0,3.0,1,4.0,582.0,388.0,43.0,10.0,1.0,4.0,1140.0,22.361462,88.43711,1,1.0,1,0,0,0,0,0,0,0.0,0,0,0,2.0,1,0,3.0,0,0,1,0,207.0,27,52.0,0.3078
0.0,92.0,2.0,6,20.0,972.0,179.0,43.0,26.0,1.0,20.0,1150.0,22.449487,88.395542,1,4.0,0,0,0,1,0,0,0,2.0,0,1,0,2.0,1,0,3.0,0,0,1,0,74.0,27,176.0,1.1
0.0,278.0,3.0,2,3.0,972.0,511.0,43.0,50.0,1.0,1.0,1400.0,22.470923,88.395124,1,4.0,0,0,0,1,0,0,0,2.0,0,1,0,2.0,1,0,3.0,0,0,1,0,78.0,27,240.0,0.8
0.0,3281.0,3.0,6,4.0,1289.0,500.0,43.0,50.0,2.0,3.0,1190.0,22.6176883,88.4196713,1,3.0,0,0,1,0,0,0,0,0.0,0,0,0,2.0,1,0,2.0,0,1,0,0,172.0,26,222.0,0.51
0.0,1056.0,3.0,1,6.0,917.0,557.0,43.0,49.0,1.0,2.0,1606.0,22.527533,88.3513,1,3.0,0,0,1,0,0,0,0,0.0,0,0,0,2.0,1,0,3.0,0,0,1,0,83.0,27,310.0,1.53
0.0,1057.0,3.0,1,6.0,918.0,484.0,43.0,49.0,2.0,2.0,1709.0,22.527533,88.3513,1,1.0,1,0,0,0,0,0,0,0.0,0,0,0,2.0,1,0,3.0,0,0,1,0,83.0,27,193.0,1.62
0.0,1054.0,2.0,1,6.0,918.0,271.0,43.0,49.0,1.0,2.0,1220.0,22.527502,88.35173,1,5.0,0,0,0,0,1,0,0,0.0,0,0,0,2.0,1,0,3.0,0,0,1,0,83.0,27,310.0,1.16
0.0,1055.0,3.0,1,6.0,918.0,484.0,43.0,49.0,1.0,2.0,1338.0,22.527502,88.35173,1,7.0,0,0,0,0,0,0,0,0.0,0,0,0,2.0,1,0,3.0,0,0,1,0,83.0,27,193.0,1.27
0.0,1057.0,3.0,1,6.0,917.0,400.0,43.0,49.0,2.0,3.0,1710.0,22.527502,88.35173,1,4.0,0,0,0,1,0,0,0,0.0,0,0,0,2.0,1,0,3.0,0,0,1,0,83.0,27,68.0,1.62
0.0,1056.0,3.0,1,6.0,918.0,484.0,43.0,49.0,1.0,4.0,1605.0,22.527578,88.35122,1,3.0,0,0,1,0,0,0,0,0.0,0,0,0,2.0,1,0,3.0,0,0,1,0,83.0,27,193.0,1.52
0.0,1083.0,2.0,1,6.0,917.0,121.0,43.0,49.0,1.0,4.0,1221.0,22.527529,88.351456,1,6.0,0,0,0,0,0,1,0,0.0,0,0,0,2.0,1,0,3.0,0,0,1,0,83.0,27,83.0,1.16
0.0,3076.0,2.0,1,3.0,950.0,245.0,43.0,50.0,1.0,2.0,740.0,22.49823,88.392586,1,8.0,0,0,0,0,0,0,1,0.0,0,0,0,2.0,1,0,3.0,0,0,1,0,192.0,27,272.0,0.42
0.0,3153.0,2.0,2,4.0,949.0,123.0,43.0,48.0,1.0,2.0,750.0,22.616924,88.43445,1,3.0,0,0,1,0,0,0,0,0.0,0,0,0,2.0,1,0,1.0,1,0,0,0,173.0,28,86.0,0.22
0.0,3149.0,2.0,1,4.0,934.0,208.0,43.0,50.0,1.0,1.0,840.0,22.6189178,88.4181842,1,3.0,0,0,1,0,0,0,0,0.0,0,0,0,2.0,1,0,2.0,0,1,0,0,172.0,26,222.0,0.3
0.0,3861.0,2.0,2,4.0,1289.0,208.0,43.0,49.0,1.0,4.0,725.0,22.6201942,88.4150054,1,3.0,0,0,1,0,0,0,0,2.0,0,1,0,2.0,1,0,2.0,0,1,0,0,182.0,26,222.0,0.25
0.0,4131.0,5.0,6,4.0,950.0,745.0,43.0,44.0,2.0,2.0,1600.0,22.4785277,88.4045415,1,3.0,0,0,1,0,0,0,0,0.0,0,0,0,2.0,1,0,3.0,0,0,1,0,77.0,27,240.0,0.9
0.0,2260.0,2.0,1,3.0,950.0,116.0,43.0,49.0,1.0,2.0,870.0,22.536025,88.35469,1,3.0,0,0,1,0,0,0,0,0.0,0,0,0,2.0,1,0,3.0,0,0,1,0,164.0,27,77.0,0.3135
0.0,4132.0,3.0,6,4.0,950.0,511.0,43.0,46.0,1.0,1.0,1000.0,22.4786937,88.4044935,1,3.0,0,0,1,0,0,0,0,0.0,0,0,0,2.0,1,0,3.0,0,0,1,0,77.0,27,240.0,0.52
0.0,826.0,3.0,1,5.0,889.0,435.0,43.0,42.0,1.0,3.0,1600.0,22.548114,88.4004968,1,0.0,0,0,0,0,0,0,0,2.0,0,1,0,2.0,1,0,3.0,0,0,1,0,193.0,27,116.0,1.0
0.0,231.0,3.0,1,4.0,972.0,575.0,43.0,49.0,1.0,2.0,1600.0,22.49194,88.393071,0,4.0,0,0,0,1,0,0,0,2.0,0,1,0,2.0,1,0,3.0,0,0,1,0,188.0,27,348.0,1.0
0.0,686.0,2.0,6,5.0,45.0,208.0,43.0,50.0,1.0,1.0,850.0,22.6199257,88.4176149,1,3.0,0,0,1,0,0,0,0,0.0,0,0,0,2.0,1,0,2.0,0,1,0,0,182.0,26,222.0,0.357
0.0,791.0,3.0,6,5.0,45.0,500.0,43.0,49.0,1.0,4.0,1120.0,22.6196062,88.418324,1,3.0,0,0,1,0,0,0,0,0.0,0,0,0,2.0,1,0,2.0,0,1,0,0,182.0,26,222.0,0.504
0.0,109.0,2.0,6,4.0,917.0,91.0,43.0,39.0,1.0,3.0,820.0,22.4697217655433,88.3550476002636,1,2.0,0,1,0,0,0,0,0,0.0,0,0,0,2.0,1,0,3.0,0,0,1,0,89.0,27,46.0,0.32
0.0,108.0,2.0,6,3.0,917.0,90.0,43.0,46.0,1.0,0.0,720.0,22.47069,88.36166,1,6.0,0,0,0,0,0,1,0,0.0,0,0,0,2.0,1,0,3.0,0,0,1,0,89.0,27,45.0,0.35
0.0,3591.0,3.0,1,3.0,949.0,435.0,43.0,49.0,1.0,3.0,1200.0,22.48704,88.39117,1,5.0,0,0,0,0,1,0,0,0.0,0,0,0,2.0,1,0,3.0,0,0,1,0,91.0,27,116.0,0.72
0.0,3510.0,2.0,1,17.0,162.0,206.0,43.0,49.0,1.0,8.0,1347.0,22.49258,88.40017,1,5.0,0,0,0,0,1,0,0,2.0,0,1,0,2.0,1,0,3.0,0,0,1,0,188.0,27,219.0,1.6
0.0,1486.0,2.0,1,17.0,162.0,206.0,43.0,49.0,1.0,11.0,1347.0,22.4927324733,88.403800425,1,5.0,0,0,0,0,1,0,0,2.0,0,1,0,2.0,1,0,3.0,0,0,1,0,188.0,27,219.0,1.65
0.0,2848.0,3.0,1,3.0,950.0,441.0,43.0,45.0,1.0,1.0,1250.0,22.4628161,88.3764583,1,3.0,0,0,1,0,0,0,0,0.0,0,0,0,2.0,1,0,3.0,0,0,1,0,80.0,27,126.0,0.525
0.0,2134.0,2.0,1,3.0,949.0,147.0,43.0,31.0,1.0,1.0,780.0,22.482738,88.41379,1,6.0,0,0,0,0,0,1,0,0.0,0,0,0,2.0,1,0,3.0,0,0,1,0,189.0,27,126.0,0.35
0.0,1726.0,2.0,1,3.0,949.0,147.0,43.0,50.0,1.0,3.0,780.0,22.472246,88.38501,1,2.0,0,1,0,0,0,0,0,0.0,0,0,0,2.0,1,0,3.0,0,0,1,0,80.0,27,126.0,0.32
0.0,3843.0,2.0,1,3.0,949.0,147.0,43.0,50.0,1.0,0.0,650.0,22.472246,88.38501,1,2.0,0,1,0,0,0,0,0,0.0,0,0,0,2.0,1,0,3.0,0,0,1,0,80.0,27,126.0,0.272
0.0,2429.0,2.0,6,4.0,1106.0,256.0,43.0,26.0,1.0,2.0,700.0,22.461013604946,88.4087632011504,1,3.0,0,0,1,0,0,0,0,0.0,0,0,0,2.0,1,0,3.0,0,0,1,0,71.0,27,289.0,0.28
0.0,4133.0,3.0,6,5.0,949.0,435.0,43.0,49.0,1.0,5.0,1800.0,22.4853173,88.3887057,0,3.0,0,0,1,0,0,0,0,0.0,0,0,0,2.0,1,0,3.0,0,0,1,0,91.0,27,116.0,0.75
0.0,1368.0,2.0,6,3.0,282.0,154.0,43.0,43.0,1.0,3.0,890.0,22.462422,88.3728814,1,3.0,0,0,1,0,0,0,0,0.0,0,0,0,2.0,1,0,3.0,0,0,1,0,78.0,27,140.0,0.4
0.0,2623.0,3.0,1,4.0,949.0,507.0,43.0,29.0,1.0,2.0,1330.0,22.630198,88.48166,1,1.0,1,0,0,0,0,0,0,0.0,0,0,0,2.0,1,0,3.0,0,0,1,0,208.0,27,236.0,0.5985
0.0,2624.0,3.0,1,4.0,949.0,507.0,43.0,29.0,1.0,2.0,1300.0,22.630198,88.48166,1,7.0,0,0,0,0,0,0,0,0.0,0,0,0,2.0,1,0,3.0,0,0,1,0,208.0,27,236.0,0.585
0.0,3166.0,2.0,1,4.0,949.0,218.0,43.0,29.0,1.0,1.0,900.0,22.630198,88.48166,1,4.0,0,0,0,1,0,0,0,3.0,0,0,1,2.0,1,0,3.0,0,0,1,0,208.0,27,236.0,0.405
0.0,3597.0,3.0,1,4.0,949.0,457.0,43.0,49.0,1.0,2.0,1200.0,22.5648429581418,88.3592512212976,1,0.0,0,0,0,0,0,0,0,3.0,0,0,1,2.0,1,0,3.0,0,0,1,0,97.0,27,160.0,0.95
0.0,1712.0,2.0,1,3.0,469.0,147.0,43.0,43.0,1.0,3.0,625.0,22.461102,88.37949,1,7.0,0,0,0,0,0,0,0,0.0,0,0,0,2.0,1,0,3.0,0,0,1,0,80.0,27,126.0,0.28
0.0,1424.0,4.0,2,4.0,302.0,663.0,43.0,39.0,2.0,2.0,1919.0,22.6235821,88.4410411,1,3.0,0,0,1,0,0,0,0,1.0,1,0,0,2.0,1,0,1.0,1,0,0,0,183.0,28,86.0,1.59
0.0,1291.0,3.0,2,12.0,1122.0,471.0,42.0,14.0,3.0,6.0,1565.0,22.43858,88.395019,1,7.0,0,0,0,0,0,0,0,0.0,0,0,0,2.0,1,0,3.0,0,0,1,0,125.0,27,176.0,0.68
0.0,2680.0,3.0,1,4.0,890.0,531.0,43.0,49.0,1.0,1.0,1094.0,22.5723279,88.3888062,1,1.0,1,0,0,0,0,0,0,1.0,1,0,0,2.0,1,0,2.0,0,1,0,0,50.0,26,267.0,0.722
0.0,1899.0,3.0,1,18.0,701.0,577.0,43.0,15.0,1.0,8.0,1881.0,22.550634,88.387952,1,6.0,0,0,0,0,0,1,0,0.0,0,0,0,2.0,1,0,1.0,1,0,0,0,122.0,28,351.0,1.35
0.0,3678.0,4.0,6,37.0,772.0,703.0,42.0,15.0,2.0,21.0,2086.0,22.525929,88.393705,1,3.0,0,0,1,0,0,0,0,0.0,0,0,0,2.0,1,0,3.0,0,0,1,0,273.0,27,268.0,2.45
0.0,3914.0,3.0,6,15.0,1272.0,358.0,43.0,11.0,1.0,5.0,901.0,22.569677,88.51038,1,4.0,0,0,0,1,0,0,0,0.0,0,0,0,2.0,1,0,1.0,1,0,0,0,10.0,28,6.0,0.545
0.0,3559.0,2.0,1,21.0,501.0,287.0,42.0,4.0,1.0,9.0,885.0,22.708474,88.378311,1,7.0,0,0,0,0,0,0,0,3.0,0,0,1,2.0,1,0,2.0,0,1,0,0,30.0,26,335.0,0.65
0.0,3586.0,3.0,1,14.0,1472.0,369.0,42.0,11.0,1.0,9.0,1303.0,22.668296,88.376282,1,8.0,0,0,0,0,0,0,1,3.0,0,0,1,2.0,1,0,2.0,0,1,0,0,17.0,26,28.0,0.78
0.0,2546.0,2.0,1,14.0,1472.0,76.0,42.0,11.0,1.0,10.0,1035.0,22.668296,88.376282,1,1.0,1,0,0,0,0,0,0,2.0,0,1,0,2.0,1,0,2.0,0,1,0,0,17.0,26,28.0,0.74
0.0,1825.0,3.0,1,11.0,789.0,568.0,42.0,9.0,1.0,10.0,1028.0,22.7048991,88.3729291,1,1.0,1,0,0,0,0,0,0,2.0,0,1,0,2.0,1,0,2.0,0,1,0,0,269.0,26,335.0,0.85
0.0,3657.0,3.0,1,11.0,789.0,568.0,42.0,9.0,0.0,11.0,1165.0,22.7048991,88.3729291,1,2.0,0,1,0,0,0,0,0,3.0,0,0,1,2.0,1,0,2.0,0,1,0,0,269.0,26,335.0,0.6
0.0,3336.0,3.0,1,11.0,789.0,568.0,42.0,9.0,1.0,8.0,1339.0,22.7048991,88.3729291,1,6.0,0,0,0,0,0,1,0,3.0,0,0,1,2.0,1,0,2.0,0,1,0,0,269.0,26,335.0,0.85
0.0,1835.0,3.0,6,11.0,1485.0,486.0,43.0,20.0,1.0,8.0,845.0,22.682073,88.462757,1,3.0,0,0,1,0,0,0,0,3.0,0,0,1,2.0,1,0,2.0,0,1,0,0,200.0,26,195.0,0.75
0.0,1133.0,3.0,1,21.0,501.0,568.0,42.0,4.0,1.0,18.0,1168.0,22.708474,88.378311,1,3.0,0,0,1,0,0,0,0,3.0,0,0,1,2.0,1,0,2.0,0,1,0,0,30.0,26,335.0,0.59
0.0,3656.0,3.0,1,21.0,501.0,568.0,42.0,4.0,2.0,4.0,1254.0,22.708474,88.378311,1,1.0,1,0,0,0,0,0,0,3.0,0,0,1,2.0,1,0,2.0,0,1,0,0,30.0,26,335.0,0.72
0.0,3327.0,3.0,1,21.0,501.0,568.0,42.0,4.0,1.0,12.0,1101.0,22.708474,88.378311,1,8.0,0,0,0,0,0,0,1,3.0,0,0,1,2.0,1,0,2.0,0,1,0,0,30.0,26,335.0,0.56
0.0,4016.0,3.0,1,21.0,501.0,568.0,42.0,4.0,1.0,4.0,1254.0,22.708474,88.378311,1,5.0,0,0,0,0,1,0,0,3.0,0,0,1,2.0,1,0,2.0,0,1,0,0,30.0,26,335.0,0.7
0.0,3558.0,2.0,1,21.0,501.0,287.0,42.0,4.0,0.0,7.0,1014.0,22.708474,88.378311,1,3.0,0,0,1,0,0,0,0,3.0,0,0,1,2.0,1,0,2.0,0,1,0,0,30.0,26,335.0,0.54
0.0,688.0,2.0,5,13.0,76.0,223.0,44.0,21.0,1.0,10.0,996.0,22.586873,88.48828,1,1.0,1,0,0,0,0,0,0,3.0,0,0,1,2.0,1,0,1.0,1,0,0,0,186.0,28,242.0,1.05
0.0,727.0,2.0,5,13.0,794.0,136.0,44.0,11.0,1.0,2.0,687.0,22.6297916,88.4120878,1,1.0,1,0,0,0,0,0,0,1.0,1,0,0,2.0,1,0,2.0,0,1,0,0,115.0,26,110.0,0.78
0.0,751.0,2.0,5,14.0,976.0,172.0,44.0,8.0,1.0,10.0,817.0,22.441052,88.289201,1,1.0,1,0,0,0,0,0,0,2.0,0,1,0,2.0,1,0,3.0,0,0,1,0,118.0,27,166.0,0.51
0.0,3337.0,3.0,1,17.0,793.0,583.0,42.0,8.0,1.0,7.0,1653.0,22.489445,88.337073,1,3.0,0,0,1,0,0,0,0,3.0,0,0,1,2.0,1,0,3.0,0,0,1,0,118.0,27,359.0,1.28
0.0,1521.0,3.0,1,13.0,84.0,513.0,42.0,13.0,1.0,9.0,1717.0,22.58436,88.44725,1,0.0,0,0,0,0,0,0,0,3.0,0,0,1,2.0,1,0,1.0,1,0,0,0,138.0,28,242.0,1.65
0.0,691.0,2.0,1,13.0,84.0,223.0,42.0,13.0,1.0,7.0,1225.0,22.58436,88.44725,1,3.0,0,0,1,0,0,0,0,3.0,0,0,1,2.0,1,0,1.0,1,0,0,0,138.0,28,242.0,1.25
0.0,1037.0,2.0,1,3.0,954.0,194.0,43.0,41.0,1.0,3.0,854.0,22.502382,88.40879,1,3.0,0,0,1,0,0,0,0,0.0,0,0,0,2.0,1,0,3.0,0,0,1,0,188.0,27,197.0,0.3843
0.0,3849.0,2.0,1,4.0,949.0,175.0,43.0,49.0,1.0,4.0,1035.0,22.495552,88.40255,1,4.0,0,0,0,1,0,0,0,0.0,0,0,0,2.0,1,0,3.0,0,0,1,0,188.0,27,169.0,0.5175
0.0,3607.0,3.0,1,3.0,950.0,487.0,43.0,41.0,1.0,3.0,1053.0,22.5022021,88.408714,1,4.0,0,0,0,1,0,0,0,0.0,0,0,0,2.0,1,0,3.0,0,0,1,0,188.0,27,197.0,0.4738
0.0,1855.0,3.0,1,3.0,950.0,487.0,43.0,43.0,1.0,2.0,1135.0,22.4989396,88.408711,1,6.0,0,0,0,0,0,1,0,1.0,1,0,0,2.0,1,0,3.0,0,0,1,0,188.0,27,197.0,0.5660000000000001
0.0,3072.0,2.0,1,2.0,954.0,213.0,43.0,50.0,1.0,2.0,645.0,22.507309,88.386635,1,6.0,0,0,0,0,0,1,0,0.0,0,0,0,2.0,1,0,3.0,0,0,1,0,192.0,27,229.0,0.3
0.0,3489.0,2.0,1,2.0,949.0,156.0,43.0,50.0,1.0,2.0,700.0,22.507309,88.386635,1,4.0,0,0,0,1,0,0,0,0.0,0,0,0,2.0,1,0,3.0,0,0,1,0,192.0,27,142.0,0.35
0.0,2573.0,2.0,1,3.0,949.0,156.0,43.0,50.0,1.0,2.0,613.0,22.507309,88.386635,1,5.0,0,0,0,0,1,0,0,0.0,0,0,0,2.0,1,0,3.0,0,0,1,0,192.0,27,142.0,0.3242
0.0,1461.0,2.0,1,4.0,950.0,175.0,43.0,50.0,1.0,4.0,808.0,22.4990097,88.3955916,1,8.0,0,0,0,0,0,0,1,0.0,0,0,0,2.0,1,0,3.0,0,0,1,0,188.0,27,169.0,0.3959
0.0,3071.0,2.0,6,2.0,950.0,331.0,43.0,50.0,1.0,0.0,650.0,22.5070382,88.3866041,1,4.0,0,0,0,1,0,0,0,0.0,0,0,0,1.0,0,0,3.0,0,0,1,0,192.0,27,142.0,0.3
0.0,232.0,3.0,6,23.0,571.0,473.0,42.0,4.0,1.0,20.0,1910.0,22.577629,88.393108,1,6.0,0,0,0,0,0,1,0,0.0,0,0,0,2.0,1,0,2.0,0,1,0,0,280.0,26,178.0,2.25
0.0,2657.0,3.0,1,4.0,949.0,513.0,43.0,32.0,1.0,3.0,1246.0,22.581312,88.48086,1,7.0,0,0,0,0,0,0,0,0.0,0,0,0,2.0,1,0,1.0,1,0,0,0,86.0,28,242.0,0.8425
0.0,2086.0,2.0,1,4.0,949.0,223.0,43.0,32.0,1.0,3.0,970.0,22.581312,88.48086,1,1.0,1,0,0,0,0,0,0,0.0,0,0,0,2.0,1,0,1.0,1,0,0,0,86.0,28,242.0,0.597
0.0,1668.0,2.0,1,4.0,949.0,223.0,43.0,32.0,1.0,3.0,978.0,22.581312,88.48086,1,3.0,0,0,1,0,0,0,0,0.0,0,0,0,2.0,1,0,1.0,1,0,0,0,86.0,28,242.0,0.6
0.0,1534.0,3.0,1,4.0,949.0,513.0,43.0,32.0,1.0,3.0,1243.0,22.581312,88.48086,1,8.0,0,0,0,0,0,0,1,0.0,0,0,0,2.0,1,0,1.0,1,0,0,0,86.0,28,242.0,0.85
0.0,2079.0,2.0,1,4.0,945.0,223.0,43.0,41.0,1.0,4.0,970.0,22.5878632,88.4545221,1,0.0,0,0,0,0,0,0,0,0.0,0,0,0,2.0,1,0,1.0,1,0,0,0,86.0,28,242.0,0.597
0.0,3265.0,3.0,1,4.0,949.0,513.0,43.0,41.0,1.0,4.0,1246.0,22.5877532,88.4548924,1,0.0,0,0,0,0,0,0,0,0.0,0,0,0,2.0,1,0,1.0,1,0,0,0,86.0,28,242.0,0.8425
0.0,3502.0,2.0,1,4.0,949.0,184.0,43.0,49.0,1.0,2.0,800.0,22.5997887,88.4295472,1,6.0,0,0,0,0,0,1,0,3.0,0,0,1,2.0,1,0,2.0,0,1,0,0,75.0,26,181.0,0.32
0.0,3501.0,2.0,1,4.0,949.0,184.0,43.0,49.0,1.0,2.0,726.0,22.600254,88.429436,1,4.0,0,0,0,1,0,0,0,3.0,0,0,1,2.0,1,0,2.0,0,1,0,0,75.0,26,181.0,0.265
0.0,3603.0,3.0,1,4.0,949.0,476.0,43.0,49.0,2.0,3.0,1127.0,22.600254,88.429436,1,7.0,0,0,0,0,0,0,0,0.0,0,0,0,2.0,1,0,2.0,0,1,0,0,75.0,26,181.0,0.44
0.0,2137.0,1.0,1,4.0,949.0,30.0,43.0,49.0,1.0,2.0,520.0,22.60012,88.42958,1,5.0,0,0,0,0,1,0,0,3.0,0,0,1,2.0,1,0,2.0,0,1,0,0,75.0,26,181.0,0.1976
0.0,1477.0,3.0,1,4.0,949.0,476.0,43.0,50.0,1.0,2.0,1050.0,22.602842,88.42816,1,1.0,1,0,0,0,0,0,0,0.0,0,0,0,2.0,1,0,2.0,0,1,0,0,76.0,26,181.0,0.42
0.0,3158.0,2.0,1,4.0,949.0,184.0,43.0,50.0,1.0,3.0,860.0,22.602842,88.42816,1,5.0,0,0,0,0,1,0,0,3.0,0,0,1,2.0,1,0,2.0,0,1,0,0,76.0,26,181.0,0.344
0.0,3162.0,2.0,1,4.0,949.0,184.0,43.0,50.0,1.0,2.0,975.0,22.602842,88.42816,1,6.0,0,0,0,0,0,1,0,0.0,0,0,0,2.0,1,0,2.0,0,1,0,0,76.0,26,181.0,0.37
0.0,3068.0,2.0,1,4.0,949.0,184.0,43.0,50.0,1.0,3.0,950.0,22.602842,88.42816,1,3.0,0,0,1,0,0,0,0,0.0,0,0,0,2.0,1,0,2.0,0,1,0,0,76.0,26,181.0,0.361
0.0,1476.0,3.0,1,4.0,949.0,476.0,43.0,3.0,1.0,3.0,1315.0,22.56554,88.51645,1,1.0,1,0,0,0,0,0,0,0.0,0,0,0,2.0,1,0,2.0,0,1,0,0,13.0,26,181.0,0.5523
0.0,1473.0,2.0,1,4.0,949.0,184.0,43.0,50.0,1.0,3.0,1060.0,22.603096,88.4278528,1,6.0,0,0,0,0,0,1,0,0.0,0,0,0,2.0,1,0,2.0,0,1,0,0,76.0,26,181.0,0.4452
0.0,676.0,1.0,6,4.0,290.0,25.0,43.0,12.0,0.0,0.0,475.0,22.4439029807,88.2978736068,1,8.0,0,0,0,0,0,0,1,0.0,0,0,0,2.0,1,0,3.0,0,0,1,0,41.0,27,166.0,0.1425
0.0,3129.0,2.0,6,4.0,290.0,172.0,43.0,12.0,1.0,2.0,810.0,22.4439029807,88.2978736068,1,8.0,0,0,0,0,0,0,1,0.0,0,0,0,2.0,1,0,3.0,0,0,1,0,41.0,27,166.0,0.2592
0.0,3031.0,2.0,6,3.0,290.0,172.0,43.0,12.0,1.0,1.0,770.0,22.4439029807,88.2978736068,1,8.0,0,0,0,0,0,0,1,0.0,0,0,0,2.0,1,0,3.0,0,0,1,0,41.0,27,166.0,0.2464
0.0,402.0,3.0,1,13.0,443.0,458.0,42.0,15.0,3.0,8.0,1920.0,22.628944,88.41695,0,8.0,0,0,0,0,0,0,1,3.0,0,0,1,2.0,1,0,2.0,0,1,0,0,246.0,26,161.0,1.6
0.0,397.0,4.0,1,13.0,443.0,679.0,42.0,15.0,3.0,0.0,2520.0,22.6401282,88.4295785,0,5.0,0,0,0,0,1,0,0,0.0,0,0,0,2.0,1,0,2.0,0,1,0,0,246.0,26,161.0,1.38
0.0,399.0,3.0,1,13.0,443.0,458.0,42.0,15.0,2.0,4.0,1310.0,22.628944,88.41695,0,7.0,0,0,0,0,0,0,0,2.0,0,1,0,2.0,1,0,2.0,0,1,0,0,246.0,26,161.0,0.97
0.0,839.0,3.0,1,4.0,949.0,515.0,43.0,41.0,1.0,1.0,1250.0,22.584079,88.463023,0,5.0,0,0,0,0,1,0,0,0.0,0,0,0,2.0,1,0,1.0,1,0,0,0,86.0,28,244.0,0.75
0.0,2949.0,3.0,5,4.0,255.0,396.0,45.0,50.0,1.0,2.0,1000.0,22.605825,88.386555,1,3.0,0,0,1,0,0,0,0,0.0,0,0,0,2.0,1,0,2.0,0,1,0,0,44.0,26,62.0,0.35
0.0,394.0,3.0,6,13.0,443.0,458.0,43.0,50.0,3.0,0.0,1562.0,22.628374,88.41689,0,2.0,0,1,0,0,0,0,0,0.0,0,0,0,2.0,1,0,2.0,0,1,0,0,182.0,26,161.0,1.12
0.0,398.0,3.0,1,13.0,443.0,458.0,42.0,15.0,1.0,0.0,1562.0,22.62875,88.41806,0,2.0,0,1,0,0,0,0,0,0.0,0,0,0,2.0,1,0,2.0,0,1,0,0,246.0,26,161.0,1.1
0.0,401.0,3.0,1,13.0,443.0,458.0,42.0,15.0,3.0,13.0,1878.0,22.470999,88.38864,0,2.0,0,1,0,0,0,0,0,1.0,1,0,0,2.0,1,0,2.0,0,1,0,0,246.0,26,161.0,1.5
0.0,675.0,1.0,6,4.0,291.0,25.0,43.0,12.0,0.0,0.0,575.0,22.4439029807,88.2978736068,1,5.0,0,0,0,0,1,0,0,0.0,0,0,0,2.0,1,0,3.0,0,0,1,0,41.0,27,166.0,0.184
0.0,2583.0,2.0,6,4.0,292.0,172.0,43.0,12.0,0.0,1.0,816.0,22.4439029807,88.2978736068,1,8.0,0,0,0,0,0,0,1,0.0,0,0,0,2.0,1,0,3.0,0,0,1,0,41.0,27,166.0,0.2611
0.0,2148.0,3.0,5,4.0,949.0,516.0,45.0,39.0,1.0,2.0,1335.0,22.578154,88.460627,1,2.0,0,1,0,0,0,0,0,0.0,0,0,0,2.0,1,0,1.0,1,0,0,0,85.0,28,245.0,0.8411
0.0,1515.0,2.0,5,4.0,949.0,224.0,45.0,39.0,1.0,4.0,1025.0,22.578154,88.460627,1,2.0,0,1,0,0,0,0,0,0.0,0,0,0,2.0,1,0,1.0,1,0,0,0,85.0,28,245.0,0.6456999999999999
0.0,3517.0,2.0,5,4.0,949.0,224.0,45.0,39.0,1.0,1.0,655.0,22.578154,88.460627,1,5.0,0,0,0,0,1,0,0,0.0,0,0,0,2.0,1,0,1.0,1,0,0,0,85.0,28,245.0,0.4192
0.0,3002.0,1.0,5,4.0,949.0,43.0,45.0,39.0,1.0,3.0,360.0,22.578154,88.460627,1,5.0,0,0,0,0,1,0,0,0.0,0,0,0,2.0,1,0,1.0,1,0,0,0,85.0,28,245.0,0.2304
0.0,1471.0,1.0,2,4.0,949.0,30.0,43.0,49.0,1.0,4.0,447.0,22.597569,88.433155,1,6.0,0,0,0,0,0,1,0,0.0,0,0,0,2.0,1,0,2.0,0,1,0,0,75.0,26,181.0,0.1452999999999999
0.0,1617.0,2.0,2,4.0,1156.0,305.0,43.0,50.0,1.0,2.0,1030.0,22.5,88.35,1,1.0,1,0,0,0,0,0,0,1.0,1,0,0,2.0,1,0,3.0,0,0,1,0,95.0,27,359.0,0.52
0.0,80.0,2.672021502414428,0,4.0,949.0,790.0,17.0,38.0,1.2297135143990388,3.753961788353753,1619.0,22.627955,88.457437,1,7.0,0,0,0,0,0,0,0,3.0,0,0,1,3.0,0,1,1.0,1,0,0,0,183.0,28,248.0,1.6
0.0,2140.0,2.0,5,4.0,949.0,197.0,45.0,43.0,1.0,3.0,780.0,22.571302056718,88.4487712349575,1,7.0,0,0,0,0,0,0,0,0.0,0,0,0,2.0,1,0,1.0,1,0,0,0,52.0,28,200.0,0.3276
0.0,840.0,3.0,1,4.0,949.0,516.0,43.0,38.0,1.0,3.0,1330.0,22.574738,88.46479,1,5.0,0,0,0,0,1,0,0,0.0,0,0,0,2.0,1,0,1.0,1,0,0,0,85.0,28,245.0,0.8245999999999999
0.0,3075.0,2.0,1,4.0,949.0,224.0,43.0,38.0,1.0,2.0,907.0,22.574738,88.46479,1,8.0,0,0,0,0,0,0,1,0.0,0,0,0,2.0,1,0,1.0,1,0,0,0,85.0,28,245.0,0.5623
0.0,3979.0,3.0,1,4.0,949.0,520.0,43.0,42.0,2.0,4.0,1480.0,22.586615,88.457726,1,7.0,0,0,0,0,0,0,0,3.0,0,0,1,2.0,1,0,1.0,1,0,0,0,86.0,28,250.0,0.78
0.0,1516.0,3.0,1,4.0,949.0,516.0,43.0,39.0,1.0,3.0,1330.0,22.578154,88.460627,1,2.0,0,1,0,0,0,0,0,0.0,0,0,0,2.0,1,0,1.0,1,0,0,0,85.0,28,245.0,0.8946
0.0,1784.0,3.0,1,4.0,949.0,516.0,43.0,39.0,1.0,3.0,1250.0,22.578154,88.460627,0,5.0,0,0,0,0,1,0,0,0.0,0,0,0,2.0,1,0,1.0,1,0,0,0,85.0,28,245.0,0.8
0.0,2149.0,3.0,1,11.0,949.0,516.0,43.0,38.0,1.0,4.0,1450.0,22.578154,88.460627,0,3.0,0,0,1,0,0,0,0,0.0,0,0,0,2.0,1,0,1.0,1,0,0,0,85.0,28,245.0,0.9
0.0,2103.0,2.0,2,5.0,949.0,184.0,43.0,48.0,1.0,2.0,885.0,22.600878,88.43249,1,7.0,0,0,0,0,0,0,0,0.0,0,0,0,2.0,1,0,2.0,0,1,0,0,75.0,26,181.0,0.32
0.0,3001.0,1.0,1,4.0,949.0,30.0,43.0,50.0,1.0,0.0,450.0,22.602867,88.428185,1,5.0,0,0,0,0,1,0,0,0.0,0,0,0,2.0,1,0,2.0,0,1,0,0,76.0,26,181.0,0.165
0.0,2110.0,3.0,2,4.0,949.0,476.0,43.0,49.0,1.0,1.0,1140.0,22.595898,88.43131,1,1.0,1,0,0,0,0,0,0,0.0,0,0,0,2.0,1,0,2.0,0,1,0,0,75.0,26,181.0,0.42
0.0,3854.0,2.0,2,4.0,949.0,184.0,43.0,49.0,1.0,4.0,870.0,22.595898,88.43131,1,4.0,0,0,0,1,0,0,0,0.0,0,0,0,2.0,1,0,2.0,0,1,0,0,75.0,26,181.0,0.24
0.0,173.0,3.0,6,12.0,1616.0,513.0,42.0,35.0,1.0,7.0,1369.0,22.6006912,88.4694535,1,5.0,0,0,0,0,1,0,0,0.0,0,0,0,2.0,1,0,1.0,1,0,0,0,185.0,28,242.0,1.3
0.0,1685.0,2.0,6,5.0,654.0,176.0,43.0,50.0,1.0,2.0,1020.0,22.6094203,88.4006739,1,3.0,0,0,1,0,0,0,0,0.0,0,0,0,2.0,1,0,2.0,0,1,0,0,71.0,26,170.0,0.4744
0.0,1611.0,3.0,2,27.0,63.0,577.0,42.0,15.0,1.0,13.0,2672.0,22.547858,88.386415,1,8.0,0,0,0,0,0,0,1,0.0,0,0,0,2.0,1,0,1.0,1,0,0,0,240.0,28,351.0,4.0
0.0,855.0,3.0,2,4.0,1085.0,550.0,43.0,25.0,2.0,4.0,1241.0,22.624919,88.491208,1,1.0,1,0,0,0,0,0,0,1.0,1,0,0,2.0,1,0,1.0,1,0,0,0,214.0,28,296.0,0.54
0.0,1920.0,2.0,3,4.0,734.0,147.0,43.0,50.0,1.0,4.0,830.0,22.4658051,88.384625,1,5.0,0,0,0,0,1,0,0,1.0,1,0,0,2.0,1,0,3.0,0,0,1,0,80.0,27,126.0,0.285
0.0,1396.0,4.0,5,9.0,725.0,656.0,45.0,50.0,1.0,3.0,2218.0,22.6075649,88.4100911,1,3.0,0,0,1,0,0,0,0,0.0,0,0,0,2.0,1,0,2.0,0,1,0,0,74.0,26,44.0,1.38
0.0,1926.0,3.0,5,35.0,743.0,583.0,44.0,15.0,1.0,30.0,1925.0,22.5,88.35,1,0.0,0,0,0,0,0,0,0,3.0,0,0,1,2.0,1,0,3.0,0,0,1,0,120.0,27,359.0,2.5
0.0,3985.0,3.0,1,14.0,555.0,513.0,43.0,35.0,2.0,6.0,2051.0,22.6006912,88.4694535,1,6.0,0,0,0,0,0,1,0,1.0,1,0,0,2.0,1,0,1.0,1,0,0,0,185.0,28,242.0,1.15
0.0,1975.0,4.0,1,10.0,875.0,695.0,43.0,12.0,1.0,10.0,2230.0,22.6246822,88.4801619,1,2.0,0,1,0,0,0,0,0,0.0,0,0,0,2.0,1,0,1.0,1,0,0,0,244.0,28,242.0,0.92
0.0,3987.0,3.0,1,13.0,875.0,513.0,43.0,12.0,2.0,9.0,1757.0,22.612204,88.4793766,1,5.0,0,0,0,0,1,0,0,1.0,1,0,0,2.0,1,0,1.0,1,0,0,0,244.0,28,242.0,0.86
0.0,3869.0,2.0,1,13.0,203.0,223.0,43.0,26.0,1.0,12.0,850.0,22.6168335,88.4805741,1,2.0,0,1,0,0,0,0,0,0.0,0,0,0,2.0,1,0,1.0,1,0,0,0,209.0,28,242.0,0.34
0.0,2654.0,2.0,1,7.0,875.0,223.0,43.0,12.0,1.0,2.0,1115.0,22.6118021,88.4791445,1,3.0,0,0,1,0,0,0,0,1.0,1,0,0,2.0,1,0,1.0,1,0,0,0,244.0,28,242.0,0.61
0.0,903.0,4.0,1,18.0,1551.0,695.0,43.0,26.0,1.0,15.0,2181.0,22.6212927,88.482497,1,6.0,0,0,0,0,0,1,0,1.0,1,0,0,2.0,1,0,1.0,1,0,0,0,209.0,28,242.0,1.45
0.0,3252.0,3.0,1,13.0,875.0,513.0,43.0,12.0,2.0,3.0,2185.0,22.6116237,88.4789953,1,4.0,0,0,0,1,0,0,0,2.0,0,1,0,2.0,1,0,1.0,1,0,0,0,244.0,28,242.0,1.1
0.0,1646.0,2.0,1,7.0,202.0,223.0,43.0,26.0,1.0,2.0,875.0,22.6203176,88.4829121,1,3.0,0,0,1,0,0,0,0,0.0,0,0,0,2.0,1,0,1.0,1,0,0,0,209.0,28,242.0,0.42
0.0,1973.0,2.0,1,7.0,875.0,223.0,43.0,12.0,1.0,1.0,1116.0,22.6121056,88.479288,1,3.0,0,0,1,0,0,0,0,1.0,1,0,0,2.0,1,0,1.0,1,0,0,0,244.0,28,242.0,0.55
0.0,3632.0,3.0,1,13.0,875.0,513.0,43.0,12.0,2.0,2.0,2185.0,22.6115868,88.4789281,1,4.0,0,0,0,1,0,0,0,0.0,0,0,0,2.0,1,0,1.0,1,0,0,0,244.0,28,242.0,0.96
0.0,1974.0,2.0,1,7.0,875.0,223.0,43.0,12.0,1.0,7.0,1115.0,22.6121662,88.4791704,1,3.0,0,0,1,0,0,0,0,1.0,1,0,0,2.0,1,0,1.0,1,0,0,0,244.0,28,242.0,0.56
0.0,2666.0,4.0,1,18.0,1551.0,695.0,43.0,26.0,1.0,15.0,2180.0,22.6209466,88.4824642,1,1.0,1,0,0,0,0,0,0,1.0,1,0,0,2.0,1,0,1.0,1,0,0,0,209.0,28,242.0,1.35
0.0,784.0,2.0,1,13.0,1551.0,223.0,43.0,26.0,1.0,4.0,831.0,22.620855,88.4824067,1,1.0,1,0,0,0,0,0,0,0.0,0,0,0,2.0,1,0,1.0,1,0,0,0,209.0,28,242.0,0.43
0.0,3829.0,2.0,5,4.0,257.0,96.0,45.0,26.0,1.0,4.0,660.0,22.76743,88.38835,1,5.0,0,0,0,0,1,0,0,0.0,0,0,0,2.0,1,0,2.0,0,1,0,0,217.0,26,51.0,0.2244
0.0,1275.0,2.0,2,3.0,950.0,247.0,43.0,50.0,1.0,1.0,800.0,22.503194,88.397818,1,3.0,0,0,1,0,0,0,0,0.0,0,0,0,2.0,1,0,3.0,0,0,1,0,188.0,27,275.0,0.42
0.0,2621.0,2.0,1,3.0,248.0,218.0,43.0,34.0,1.0,0.0,840.0,22.48234,88.41252,1,8.0,0,0,0,0,0,0,1,0.0,0,0,0,2.0,1,0,3.0,0,0,1,0,77.0,27,236.0,0.3192
0.0,1093.0,3.0,1,3.0,248.0,507.0,43.0,34.0,1.0,2.0,1090.0,22.48234,88.41252,1,1.0,1,0,0,0,0,0,0,0.0,0,0,0,2.0,1,0,3.0,0,0,1,0,77.0,27,236.0,0.4142
0.0,2328.0,1.0,1,4.0,1218.0,41.0,43.0,46.0,0.0,2.0,463.0,22.480257,88.40537,1,4.0,0,0,0,1,0,0,0,0.0,0,0,0,2.0,1,0,3.0,0,0,1,0,77.0,27,240.0,0.1852
0.0,2316.0,3.0,1,3.0,245.0,552.0,43.0,43.0,1.0,1.0,1350.0,22.51315,88.40269,1,1.0,1,0,0,0,0,0,0,0.0,0,0,0,2.0,1,0,3.0,0,0,1,0,188.0,27,298.0,0.81
0.0,2315.0,3.0,1,3.0,245.0,523.0,43.0,50.0,1.0,2.0,1141.0,22.509784,88.389646,1,1.0,1,0,0,0,0,0,0,0.0,0,0,0,2.0,1,0,3.0,0,0,1,0,192.0,27,256.0,0.6846
0.0,279.0,3.0,5,4.0,718.0,435.0,45.0,42.0,1.0,4.0,1453.0,22.548114,88.4004968,1,1.0,1,0,0,0,0,0,0,0.0,0,0,0,2.0,1,0,3.0,0,0,1,0,193.0,27,116.0,0.8427
0.0,959.0,2.0,5,4.0,247.0,142.0,45.0,45.0,1.0,3.0,790.0,22.465114,88.393446,1,1.0,1,0,0,0,0,0,0,0.0,0,0,0,2.0,1,0,3.0,0,0,1,0,80.0,27,116.0,0.41
0.0,1972.0,3.0,5,4.0,249.0,507.0,45.0,34.0,1.0,2.0,1350.0,22.48234,88.41252,1,1.0,1,0,0,0,0,0,0,0.0,0,0,0,2.0,1,0,3.0,0,0,1,0,77.0,27,236.0,0.54
0.0,2373.0,2.0,1,4.0,871.0,218.0,43.0,34.0,1.0,1.0,735.0,22.48234,88.41252,1,1.0,1,0,0,0,0,0,0,0.0,0,0,0,2.0,1,0,3.0,0,0,1,0,77.0,27,236.0,0.27
0.0,2078.0,2.0,5,2.0,246.0,247.0,45.0,50.0,1.0,1.0,780.0,22.503194,88.397818,1,1.0,1,0,0,0,0,0,0,0.0,0,0,0,2.0,1,0,3.0,0,0,1,0,188.0,27,275.0,0.38
0.0,2162.0,3.0,5,4.0,831.0,556.0,45.0,50.0,1.0,4.0,1534.0,22.496444,88.384304,1,3.0,0,0,1,0,0,0,0,0.0,0,0,0,2.0,1,0,3.0,0,0,1,0,192.0,27,307.0,0.93
0.0,16.0,3.0,5,4.0,249.0,507.0,45.0,34.0,1.0,3.0,1120.0,22.48234,88.41252,1,3.0,0,0,1,0,0,0,0,0.0,0,0,0,2.0,1,0,3.0,0,0,1,0,77.0,27,236.0,0.4704
0.0,18.0,3.0,5,4.0,249.0,507.0,45.0,34.0,1.0,3.0,1225.0,22.48234,88.41252,1,3.0,0,0,1,0,0,0,0,0.0,0,0,0,2.0,1,0,3.0,0,0,1,0,77.0,27,236.0,0.5145000000000001
0.0,2820.0,3.0,6,3.0,116.0,474.0,43.0,50.0,1.0,2.0,1150.0,22.5219766,88.3847848,1,3.0,0,0,1,0,0,0,0,0.0,0,0,0,2.0,1,0,3.0,0,0,1,0,197.0,27,179.0,0.65
0.0,1096.0,3.0,1,3.0,239.0,487.0,43.0,41.0,1.0,2.0,1250.0,22.504938,88.40725,1,3.0,0,0,1,0,0,0,0,0.0,0,0,0,2.0,1,0,3.0,0,0,1,0,188.0,27,197.0,0.56
0.0,1086.0,3.0,1,3.0,241.0,365.0,43.0,41.0,1.0,1.0,1725.0,22.504938,88.40725,1,3.0,0,0,1,0,0,0,0,0.0,0,0,0,2.0,1,0,3.0,0,0,1,0,188.0,27,15.0,0.8628
0.0,1094.0,2.0,1,3.0,241.0,194.0,43.0,43.0,1.0,3.0,872.0,22.504398,88.40718,1,3.0,0,0,1,0,0,0,0,0.0,0,0,0,2.0,1,0,3.0,0,0,1,0,188.0,27,197.0,0.436
0.0,1095.0,3.0,1,3.0,248.0,507.0,43.0,34.0,2.0,2.0,1156.0,22.48234,88.41252,1,6.0,0,0,0,0,0,1,0,0.0,0,0,0,2.0,1,0,3.0,0,0,1,0,77.0,27,236.0,0.4393
0.0,1085.0,3.0,1,3.0,251.0,507.0,43.0,37.0,1.0,2.0,1150.0,22.486288,88.41387,1,6.0,0,0,0,0,0,1,0,0.0,0,0,0,2.0,1,0,3.0,0,0,1,0,188.0,27,236.0,0.4255
0.0,1104.0,3.0,1,4.0,240.0,499.0,43.0,36.0,2.0,4.0,1700.0,22.485619,88.41382,1,3.0,0,0,1,0,0,0,0,0.0,0,0,0,2.0,1,0,3.0,0,0,1,0,189.0,27,219.0,0.6
0.0,1107.0,3.0,1,4.0,252.0,499.0,43.0,43.0,1.0,4.0,1259.0,22.487024,88.410126,1,4.0,0,0,0,1,0,0,0,0.0,0,0,0,2.0,1,0,3.0,0,0,1,0,189.0,27,219.0,0.48
0.0,2313.0,2.0,1,4.0,244.0,175.0,43.0,50.0,1.0,2.0,808.0,22.50036,88.395343,1,8.0,0,0,0,0,0,0,1,0.0,0,0,0,2.0,1,0,3.0,0,0,1,0,192.0,27,169.0,0.4039999999999999
0.0,2313.0,2.0,1,4.0,244.0,175.0,43.0,50.0,1.0,4.0,1035.0,22.499643,88.396614,1,4.0,0,0,0,1,0,0,0,0.0,0,0,0,2.0,1,0,3.0,0,0,1,0,188.0,27,169.0,0.5175
0.0,2321.0,3.0,1,4.0,370.0,507.0,43.0,28.0,1.0,2.0,950.0,22.483349,88.41461,1,6.0,0,0,0,0,0,1,0,0.0,0,0,0,2.0,1,0,3.0,0,0,1,0,189.0,27,236.0,0.3895
0.0,2322.0,3.0,1,4.0,242.0,507.0,43.0,28.0,1.0,2.0,1095.0,22.483349,88.41461,1,4.0,0,0,0,1,0,0,0,0.0,0,0,0,2.0,1,0,3.0,0,0,1,0,189.0,27,236.0,0.449
0.0,2314.0,2.0,6,3.0,250.0,218.0,43.0,34.0,1.0,3.0,940.0,22.48234,88.41252,1,5.0,0,0,0,0,1,0,0,0.0,0,0,0,2.0,1,0,3.0,0,0,1,0,77.0,27,236.0,0.36
0.0,245.0,3.0,2,3.0,307.0,532.0,43.0,50.0,1.0,1.0,1200.0,22.5307011,88.3885444,1,6.0,0,0,0,0,0,1,0,0.0,0,0,0,2.0,1,0,3.0,0,0,1,0,197.0,27,268.0,0.76
0.0,3583.0,3.0,1,25.0,1548.0,395.0,43.0,49.0,1.0,1.0,1900.0,22.566501,88.379188,1,3.0,0,0,1,0,0,0,0,2.0,0,1,0,2.0,1,0,1.0,1,0,0,0,51.0,28,61.0,1.9
0.0,3775.0,3.0,1,20.0,1121.0,504.0,42.0,7.0,1.0,3.0,1424.0,22.440427,88.401162,1,3.0,0,0,1,0,0,0,0,0.0,0,0,0,2.0,1,0,3.0,0,0,1,0,153.0,27,231.0,0.6793
0.0,3769.0,2.0,1,20.0,73.0,215.0,43.0,2.0,1.0,7.0,1036.0,22.427046,88.403206,1,4.0,0,0,0,1,0,0,0,0.0,0,0,0,2.0,1,0,3.0,0,0,1,0,41.0,27,231.0,0.4869
0.0,3771.0,3.0,1,20.0,73.0,471.0,43.0,2.0,1.0,13.0,1424.0,22.427046,88.403206,1,6.0,0,0,0,0,0,1,0,0.0,0,0,0,2.0,1,0,3.0,0,0,1,0,41.0,27,176.0,0.6793
0.0,2190.0,2.0,1,3.0,1011.0,132.0,43.0,50.0,1.0,2.0,850.0,22.5076,88.36865,1,4.0,0,0,0,1,0,0,0,0.0,0,0,0,2.0,1,0,3.0,0,0,1,0,204.0,27,104.0,0.69
0.0,1859.0,3.0,1,3.0,1011.0,425.0,43.0,50.0,1.0,1.0,1150.0,22.5076,88.36865,1,3.0,0,0,1,0,0,0,0,0.0,0,0,0,2.0,1,0,3.0,0,0,1,0,204.0,27,104.0,0.89
0.0,3616.0,3.0,1,3.0,1681.0,507.0,43.0,31.0,1.0,3.0,1250.0,22.48625,88.4148,1,3.0,0,0,1,0,0,0,0,0.0,0,0,0,2.0,1,0,3.0,0,0,1,0,188.0,27,236.0,0.425
0.0,3207.0,3.0,3,4.0,52.0,483.0,43.0,49.0,1.0,3.0,2000.0,22.60349,88.404,1,1.0,1,0,0,0,0,0,0,1.0,1,0,0,2.0,1,0,2.0,0,1,0,0,172.0,26,192.0,0.82
0.0,3768.0,3.0,1,4.0,1201.0,487.0,43.0,50.0,1.0,3.0,1300.0,22.503794,88.40011,1,1.0,1,0,0,0,0,0,0,0.0,0,0,0,2.0,1,0,3.0,0,0,1,0,188.0,27,197.0,0.64
0.0,3601.0,3.0,1,4.0,1201.0,465.0,43.0,50.0,1.0,3.0,1300.0,22.503794,88.40011,1,1.0,1,0,0,0,0,0,0,0.0,0,0,0,2.0,1,0,3.0,0,0,1,0,188.0,27,169.0,0.63
0.0,1951.0,2.0,1,4.0,829.0,129.0,43.0,31.0,0.0,2.0,636.0,22.48038,88.415215,1,1.0,1,0,0,0,0,0,0,0.0,0,0,0,2.0,1,0,3.0,0,0,1,0,175.0,27,100.0,0.2544
0.0,1717.0,2.0,1,4.0,825.0,129.0,43.0,31.0,1.0,1.0,981.0,22.48038,88.415215,1,1.0,1,0,0,0,0,0,0,0.0,0,0,0,2.0,1,0,3.0,0,0,1,0,175.0,27,100.0,0.3924
0.0,1130.0,2.0,5,5.0,490.0,128.0,45.0,36.0,1.0,3.0,750.0,22.627717,88.44796,1,1.0,1,0,0,0,0,0,0,0.0,0,0,0,2.0,1,0,1.0,1,0,0,0,184.0,28,98.0,0.285
0.0,3970.0,3.0,1,4.0,828.0,507.0,43.0,32.0,1.0,3.0,1161.0,22.480404,88.41481,1,1.0,1,0,0,0,0,0,0,0.0,0,0,0,2.0,1,0,3.0,0,0,1,0,77.0,27,236.0,0.4644
0.0,3082.0,2.0,5,4.0,1125.0,215.0,45.0,18.0,1.0,2.0,822.0,22.44792,88.40389,1,1.0,1,0,0,0,0,0,0,0.0,0,0,0,2.0,1,0,3.0,0,0,1,0,201.0,27,231.0,0.2959
0.0,728.0,2.0,1,4.0,827.0,129.0,43.0,26.0,1.0,2.0,828.0,22.484314,88.416565,1,2.0,0,1,0,0,0,0,0,0.0,0,0,0,2.0,1,0,3.0,0,0,1,0,188.0,27,100.0,0.3312
0.0,1848.0,3.0,1,4.0,827.0,507.0,43.0,26.0,1.0,3.0,1162.0,22.484314,88.416565,1,3.0,0,0,1,0,0,0,0,0.0,0,0,0,2.0,1,0,3.0,0,0,1,0,188.0,27,236.0,0.4648
0.0,1847.0,3.0,1,4.0,826.0,499.0,43.0,26.0,2.0,1.0,1073.0,22.484314,88.416565,1,8.0,0,0,0,0,0,0,1,0.0,0,0,0,2.0,1,0,3.0,0,0,1,0,188.0,27,219.0,0.4292
0.0,4051.0,3.0,5,2.0,272.0,641.0,45.0,8.0,1.0,3.6326304081644,1130.0,22.614374,88.270976,1,0.0,0,0,0,0,0,0,0,0.0,0,0,0,0.0,0,0,4.0,0,0,0,1,41.0,29,304.0,0.81
0.0,2618.0,3.0,5,4.0,1125.0,504.0,45.0,18.0,1.0,1.0,946.0,22.44792,88.40389,1,1.0,1,0,0,0,0,0,0,0.0,0,0,0,2.0,1,0,3.0,0,0,1,0,201.0,27,231.0,0.34
0.0,2951.0,2.0,5,3.0,1191.0,132.0,45.0,50.0,1.0,1.0,1004.0,22.5148038,88.3688527,1,1.0,1,0,0,0,0,0,0,0.0,0,0,0,2.0,1,0,3.0,0,0,1,0,204.0,27,104.0,0.505
0.0,2898.0,4.0,1,16.0,1547.0,705.0,43.0,41.0,3.0,16.0,2450.0,22.582387,88.453842,1,1.0,1,0,0,0,0,0,0,1.0,1,0,0,2.0,1,0,1.0,1,0,0,0,85.0,28,284.0,1.7
0.0,4051.0,3.0,5,2.0,272.0,634.0,45.0,6.0,1.0,3.6326304081644,1178.0,22.630471,88.220473,1,0.0,0,0,0,0,0,0,0,0.0,0,0,0,0.0,0,0,4.0,0,0,0,1,41.0,29,108.0,0.85
0.0,3514.0,2.0,5,4.0,1125.0,216.0,45.0,22.0,1.0,3.0,816.0,22.447386,88.391734,1,1.0,1,0,0,0,0,0,0,0.0,0,0,0,2.0,1,0,3.0,0,0,1,0,172.0,27,232.0,0.2937
0.0,3703.0,3.0,3,12.0,930.0,380.0,43.0,49.0,1.0,10.0,1450.0,22.522762,88.35824,1,4.0,0,0,0,1,0,0,0,1.0,1,0,0,2.0,1,0,3.0,0,0,1,0,211.0,27,42.0,1.56
0.0,1013.0,2.0,5,4.0,979.0,288.0,45.0,10.0,1.0,2.0,712.0,22.439576,88.435783,1,0.0,0,0,0,0,0,0,0,0.0,0,0,0,2.0,1,0,3.0,0,0,1,0,213.0,27,336.0,0.2314
0.0,1012.0,2.0,5,4.0,979.0,215.0,45.0,18.0,1.0,4.0,715.0,22.44792,88.40389,1,0.0,0,0,0,0,0,0,0,0.0,0,0,0,2.0,1,0,3.0,0,0,1,0,201.0,27,231.0,0.2324
0.0,1012.0,3.0,5,4.0,979.0,471.0,45.0,26.0,1.0,1.0,980.0,22.449487,88.395542,1,0.0,0,0,0,0,0,0,0,0.0,0,0,0,2.0,1,0,3.0,0,0,1,0,74.0,27,176.0,0.3185
0.0,1092.0,2.0,1,3.0,71.0,179.0,43.0,15.0,1.0,2.0,783.0,22.444736,88.40092,1,4.0,0,0,0,1,0,0,0,0.0,0,0,0,2.0,1,0,3.0,0,0,1,0,201.0,27,176.0,0.2976
0.0,3965.0,3.0,1,4.0,201.0,499.0,43.0,15.0,1.0,3.0,1489.0,22.49937,88.41354,1,1.0,1,0,0,0,0,0,0,0.0,0,0,0,2.0,1,0,3.0,0,0,1,0,245.0,27,219.0,0.8190000000000001
0.0,1488.0,3.0,2,4.0,201.0,499.0,43.0,15.0,1.0,3.0,1256.0,22.49937,88.41354,1,6.0,0,0,0,0,0,1,0,0.0,0,0,0,2.0,1,0,3.0,0,0,1,0,245.0,27,219.0,0.628
0.0,1090.0,2.0,1,3.0,71.0,288.0,43.0,15.0,1.0,3.0,845.0,22.444353,88.401184,1,6.0,0,0,0,0,0,1,0,0.0,0,0,0,2.0,1,0,3.0,0,0,1,0,201.0,27,336.0,0.3211
0.0,1091.0,2.0,1,3.0,71.0,179.0,43.0,15.0,1.0,3.0,859.0,22.444353,88.401184,1,3.0,0,0,1,0,0,0,0,0.0,0,0,0,2.0,1,0,3.0,0,0,1,0,201.0,27,176.0,0.3265
0.0,1482.0,3.0,1,4.0,70.0,487.0,43.0,46.0,1.0,4.0,1050.0,22.50486,88.40443,1,6.0,0,0,0,0,0,1,0,1.0,1,0,0,2.0,1,0,3.0,0,0,1,0,188.0,27,197.0,0.64
0.0,2933.0,4.0,5,20.0,1615.0,659.0,45.0,49.0,2.0,16.0,1504.0,22.5667378,88.3929875,1,1.0,1,0,0,0,0,0,0,0.0,0,0,0,2.0,1,0,2.0,0,1,0,0,163.0,26,64.0,1.88
0.0,2950.0,2.0,5,4.0,1193.0,245.0,45.0,50.0,1.0,3.0,1004.0,22.50217,88.386683,1,3.0,0,0,1,0,0,0,0,0.0,0,0,0,2.0,1,0,3.0,0,0,1,0,192.0,27,272.0,0.535
0.0,3248.0,3.0,5,4.0,801.0,406.0,45.0,49.0,1.0,3.0,1199.0,22.466744,88.388085,1,0.0,0,0,0,0,0,0,0,0.0,0,0,0,2.0,1,0,3.0,0,0,1,0,80.0,27,78.0,0.5995
0.0,4051.0,2.0,5,2.0,272.0,354.0,45.0,8.0,2.0,4.38084391084387,1100.0,22.614374,88.270976,1,3.0,0,0,1,0,0,0,0,0.0,0,0,0,0.0,0,0,4.0,0,0,0,1,41.0,29,304.0,0.77
0.0,3054.0,2.0,5,4.0,801.0,117.0,45.0,49.0,1.0,2.0,896.0,22.466744,88.388085,1,0.0,0,0,0,0,0,0,0,0.0,0,0,0,2.0,1,0,3.0,0,0,1,0,80.0,27,78.0,0.515
0.0,2679.0,2.0,5,4.0,801.0,240.0,45.0,50.0,1.0,3.0,903.0,22.47636,88.38565,1,3.0,0,0,1,0,0,0,0,0.0,0,0,0,2.0,1,0,3.0,0,0,1,0,80.0,27,266.0,0.4515
0.0,1944.0,3.0,5,4.0,801.0,406.0,45.0,49.0,1.0,1.0,1253.0,22.466744,88.388085,1,0.0,0,0,0,0,0,0,0,0.0,0,0,0,2.0,1,0,3.0,0,0,1,0,80.0,27,78.0,0.6925
0.0,2950.0,2.0,5,4.0,1193.0,258.0,45.0,50.0,1.0,3.0,1004.0,22.5157435,88.3811206,1,3.0,0,0,1,0,0,0,0,0.0,0,0,0,2.0,1,0,3.0,0,0,1,0,178.0,27,291.0,0.505
0.0,2952.0,2.0,5,5.0,1089.0,288.0,45.0,10.0,1.0,3.0,921.0,22.439576,88.435783,1,1.0,1,0,0,0,0,0,0,0.0,0,0,0,2.0,1,0,3.0,0,0,1,0,213.0,27,336.0,0.3615
0.0,2899.0,3.0,1,25.0,1548.0,395.0,43.0,49.0,1.0,1.0,1899.0,22.566501,88.379188,1,1.0,1,0,0,0,0,0,0,1.0,1,0,0,2.0,1,0,1.0,1,0,0,0,51.0,28,61.0,1.93
0.0,1776.0,3.0,5,4.0,491.0,422.0,45.0,36.0,1.0,2.0,1200.0,22.627717,88.44796,1,1.0,1,0,0,0,0,0,0,0.0,0,0,0,2.0,1,0,1.0,1,0,0,0,184.0,28,98.0,0.456
0.0,3772.0,2.0,1,20.0,1121.0,215.0,42.0,7.0,1.0,1.0,1036.0,22.440427,88.401162,1,4.0,0,0,0,1,0,0,0,0.0,0,0,0,2.0,1,0,3.0,0,0,1,0,153.0,27,231.0,0.487
0.0,3773.0,2.0,1,20.0,1121.0,215.0,42.0,7.0,1.0,13.0,1036.0,22.440427,88.401162,1,7.0,0,0,0,0,0,0,0,0.0,0,0,0,2.0,1,0,3.0,0,0,1,0,153.0,27,231.0,0.4869
0.0,3774.0,3.0,1,20.0,72.0,471.0,43.0,2.0,1.0,17.0,1424.0,22.428093,88.40286,1,3.0,0,0,1,0,0,0,0,0.0,0,0,0,2.0,1,0,3.0,0,0,1,0,41.0,27,176.0,0.7298
0.0,90.0,2.0,1,3.0,1010.0,206.0,43.0,43.0,1.0,1.0,898.0,22.487604,88.41151,1,4.0,0,0,0,1,0,0,0,1.0,1,0,0,2.0,1,0,3.0,0,0,1,0,189.0,27,219.0,0.396
0.0,1594.0,3.0,1,4.0,1013.0,557.0,43.0,50.0,1.0,3.0,1345.0,22.521034,88.35305,1,4.0,0,0,0,1,0,0,0,0.0,0,0,0,2.0,1,0,3.0,0,0,1,0,90.0,27,310.0,1.21
0.0,3608.0,3.0,1,5.0,1014.0,493.0,43.0,50.0,1.0,1.0,1245.0,22.521034,88.35305,1,3.0,0,0,1,0,0,0,0,0.0,0,0,0,2.0,1,0,3.0,0,0,1,0,90.0,27,207.0,1.12
0.0,1605.0,1.0,1,4.0,978.0,51.0,43.0,11.0,1.0,2.0,415.0,22.4344,88.423935,1,6.0,0,0,0,0,0,1,0,2.0,0,1,0,2.0,1,0,3.0,0,0,1,0,213.0,27,336.0,0.1411
0.0,2711.0,2.0,1,4.0,978.0,256.0,43.0,11.0,1.0,2.0,775.0,22.4344,88.423935,1,4.0,0,0,0,1,0,0,0,1.0,1,0,0,2.0,1,0,3.0,0,0,1,0,213.0,27,289.0,0.2635
0.0,1483.0,3.0,1,3.0,1012.0,487.0,43.0,43.0,1.0,2.0,1130.0,22.503965,88.406296,1,3.0,0,0,1,0,0,0,0,3.0,0,0,1,2.0,1,0,3.0,0,0,1,0,188.0,27,197.0,0.495
0.0,3600.0,3.0,1,3.0,1192.0,465.0,43.0,47.0,1.0,3.0,1275.0,22.501736,88.405624,1,1.0,1,0,0,0,0,0,0,0.0,0,0,0,2.0,1,0,3.0,0,0,1,0,188.0,27,169.0,0.52
0.0,2954.0,2.0,5,4.0,1193.0,156.0,45.0,50.0,2.0,2.0,1003.0,22.5075624,88.3894769,1,5.0,0,0,0,0,1,0,0,0.0,0,0,0,2.0,1,0,3.0,0,0,1,0,192.0,27,142.0,0.5325
0.0,2953.0,3.0,5,5.0,1127.0,569.0,45.0,10.0,1.0,4.0,1193.0,22.439576,88.435783,1,3.0,0,0,1,0,0,0,0,0.0,0,0,0,2.0,1,0,3.0,0,0,1,0,213.0,27,336.0,0.43
0.0,2950.0,2.0,5,4.0,1193.0,132.0,45.0,50.0,2.0,3.0,1004.0,22.5148038,88.3688527,1,6.0,0,0,0,0,0,1,0,0.0,0,0,0,2.0,1,0,3.0,0,0,1,0,204.0,27,104.0,0.505
0.0,2952.0,2.0,5,5.0,1126.0,288.0,45.0,10.0,0.0,4.0,800.0,22.439576,88.435783,1,3.0,0,0,1,0,0,0,0,0.0,0,0,0,2.0,1,0,3.0,0,0,1,0,213.0,27,336.0,0.29
0.0,2952.0,2.0,5,5.0,1127.0,256.0,45.0,26.0,1.0,4.0,701.0,22.461013604946,88.4087632011504,1,8.0,0,0,0,0,0,0,1,0.0,0,0,0,2.0,1,0,3.0,0,0,1,0,71.0,27,289.0,0.253
0.0,752.0,2.0,5,4.0,979.0,202.0,45.0,9.0,1.0,2.0,713.0,22.437753,88.414464,1,1.0,1,0,0,0,0,0,0,0.0,0,0,0,2.0,1,0,3.0,0,0,1,0,213.0,27,215.0,0.2282
0.0,1411.0,2.0,1,12.0,524.0,99.0,42.0,15.0,1.0,4.0,910.0,22.4978086,88.3093517,1,5.0,0,0,0,0,1,0,0,3.0,0,0,1,2.0,1,0,3.0,0,0,1,0,137.0,27,55.0,0.36
0.0,1181.0,2.0,2,14.0,556.0,62.0,43.0,28.0,1.0,11.0,770.0,22.60134,88.471506,1,1.0,1,0,0,0,0,0,0,0.0,0,0,0,2.0,1,0,1.0,1,0,0,0,185.0,28,3.0,0.41
0.0,3582.0,3.0,6,5.0,116.0,390.0,43.0,49.0,1.0,3.0,1300.0,22.4978086,88.3093517,1,0.0,0,0,0,0,0,0,0,0.0,0,0,0,2.0,1,0,3.0,0,0,1,0,287.0,27,55.0,0.75
0.0,1087.0,3.0,6,3.0,949.0,391.0,43.0,49.0,1.0,3.0,1175.0,22.4889807,88.3199931,1,6.0,0,0,0,0,0,1,0,0.0,0,0,0,2.0,1,0,3.0,0,0,1,0,287.0,27,56.0,0.49
0.0,1084.0,2.0,1,3.0,954.0,99.0,43.0,50.0,1.0,3.0,801.0,22.50051,88.31387,1,3.0,0,0,1,0,0,0,0,0.0,0,0,0,2.0,1,0,3.0,0,0,1,0,286.0,27,55.0,0.35
0.0,1718.0,2.0,1,3.0,954.0,327.0,43.0,50.0,1.0,3.0,970.0,22.495867,88.3119,1,3.0,0,0,1,0,0,0,0,0.0,0,0,0,1.0,0,0,3.0,0,0,1,0,287.0,27,57.0,0.46
0.0,1720.0,2.0,1,2.0,954.0,327.0,43.0,49.0,1.0,1.0,740.0,22.496315,88.308556,1,6.0,0,0,0,0,0,1,0,0.0,0,0,0,1.0,0,0,3.0,0,0,1,0,287.0,27,57.0,0.27
0.0,1719.0,2.0,1,2.0,954.0,328.0,43.0,49.0,1.0,1.0,730.0,22.496315,88.308556,1,7.0,0,0,0,0,0,0,0,0.0,0,0,0,1.0,0,0,3.0,0,0,1,0,287.0,27,60.0,0.265
0.0,1721.0,2.0,1,3.0,949.0,99.0,43.0,45.0,1.0,2.0,750.0,22.496033,88.30391,1,1.0,1,0,0,0,0,0,0,0.0,0,0,0,2.0,1,0,3.0,0,0,1,0,287.0,27,55.0,0.22
0.0,1722.0,2.0,6,3.0,949.0,326.0,43.0,50.0,1.0,0.0,800.0,22.5004775,88.3136571,1,3.0,0,0,1,0,0,0,0,0.0,0,0,0,1.0,0,0,3.0,0,0,1,0,286.0,27,55.0,0.32
0.0,2538.0,2.0,6,2.0,949.0,99.0,43.0,49.0,1.0,1.0,690.0,22.4962794,88.3086309,1,3.0,0,0,1,0,0,0,0,0.0,0,0,0,2.0,1,0,3.0,0,0,1,0,287.0,27,55.0,0.25
0.0,3439.0,5.0,1,4.0,118.0,747.0,43.0,38.0,1.0,1.0,1750.0,22.509326,88.301471,1,0.0,0,0,0,0,0,0,0,0.0,0,0,0,2.0,1,0,3.0,0,0,1,0,286.0,27,264.0,0.85
0.0,749.0,2.0,3,4.0,949.0,305.0,43.0,49.0,1.0,2.0,780.0,22.484703,88.33783,1,1.0,1,0,0,0,0,0,0,2.0,0,1,0,2.0,1,0,3.0,0,0,1,0,89.0,27,359.0,0.26
0.0,1323.0,4.0,2,25.0,1372.0,695.0,43.0,16.0,3.0,25.0,3866.0,22.561937,88.491503,1,3.0,0,0,1,0,0,0,0,2.0,0,1,0,2.0,1,0,1.0,1,0,0,0,195.0,28,242.0,3.4
0.0,3061.0,2.0,1,4.0,949.0,67.0,43.0,35.0,1.0,2.0,1042.0,22.64627,88.4314,1,8.0,0,0,0,0,0,0,1,0.0,0,0,0,2.0,1,0,2.0,0,1,0,0,181.0,26,8.0,0.364
0.0,3822.0,2.0,1,4.0,949.0,67.0,43.0,35.0,1.0,2.0,870.0,22.64627,88.4314,1,7.0,0,0,0,0,0,0,0,0.0,0,0,0,2.0,1,0,2.0,0,1,0,0,181.0,26,8.0,0.3045
0.0,3916.0,3.0,1,4.0,949.0,360.0,43.0,35.0,1.0,3.0,1000.0,22.646349,88.431496,1,7.0,0,0,0,0,0,0,0,0.0,0,0,0,2.0,1,0,2.0,0,1,0,0,181.0,26,8.0,0.4
0.0,2522.0,2.0,1,4.0,949.0,67.0,43.0,48.0,1.0,3.0,850.0,22.638424,88.42389,1,7.0,0,0,0,0,0,0,0,0.0,0,0,0,2.0,1,0,2.0,0,1,0,0,180.0,26,8.0,0.34
0.0,2127.0,3.0,1,4.0,949.0,360.0,43.0,48.0,1.0,3.0,1150.0,22.638424,88.42389,1,3.0,0,0,1,0,0,0,0,0.0,0,0,0,2.0,1,0,2.0,0,1,0,0,180.0,26,8.0,0.46
0.0,2125.0,2.0,1,4.0,949.0,67.0,43.0,32.0,1.0,2.0,916.0,22.646832,88.426796,1,1.0,1,0,0,0,0,0,0,0.0,0,0,0,2.0,1,0,2.0,0,1,0,0,181.0,26,8.0,0.3206
0.0,1387.0,3.0,1,4.0,949.0,360.0,43.0,35.0,1.0,3.0,1252.0,22.644585,88.42783,1,3.0,0,0,1,0,0,0,0,0.0,0,0,0,2.0,1,0,2.0,0,1,0,0,180.0,26,8.0,0.4
0.0,1388.0,3.0,1,4.0,949.0,360.0,43.0,31.0,1.0,4.0,1252.0,22.647444,88.428,1,1.0,1,0,0,0,0,0,0,0.0,0,0,0,2.0,1,0,2.0,0,1,0,0,181.0,26,8.0,0.45
0.0,3915.0,3.0,1,4.0,949.0,360.0,43.0,31.0,1.0,4.0,1052.0,22.647444,88.428,1,3.0,0,0,1,0,0,0,0,0.0,0,0,0,2.0,1,0,2.0,0,1,0,0,181.0,26,8.0,0.3682
0.0,3345.0,3.0,1,4.0,949.0,360.0,43.0,31.0,1.0,4.0,1102.0,22.647444,88.428,1,7.0,0,0,0,0,0,0,0,0.0,0,0,0,2.0,1,0,2.0,0,1,0,0,181.0,26,8.0,0.385
0.0,2095.0,2.0,1,4.0,950.0,67.0,43.0,40.0,1.0,4.0,1045.0,22.641737,88.4394797,1,3.0,0,0,1,0,0,0,0,0.0,0,0,0,2.0,1,0,2.0,0,1,0,0,181.0,26,8.0,0.364
0.0,3257.0,3.0,6,7.0,950.0,413.0,43.0,39.0,2.0,7.0,2012.0,22.6235821,88.4410411,1,1.0,1,0,0,0,0,0,0,0.0,0,0,0,2.0,1,0,1.0,1,0,0,0,183.0,28,86.0,0.97
0.0,3347.0,3.0,1,5.0,950.0,413.0,43.0,39.0,2.0,2.0,1367.0,22.6235821,88.4410411,1,6.0,0,0,0,0,0,1,0,0.0,0,0,0,2.0,1,0,1.0,1,0,0,0,183.0,28,86.0,0.66
0.0,3691.0,2.0,1,5.0,950.0,123.0,43.0,39.0,1.0,4.0,992.0,22.6235821,88.4410411,1,6.0,0,0,0,0,0,1,0,0.0,0,0,0,2.0,1,0,1.0,1,0,0,0,183.0,28,86.0,0.4
0.0,3475.0,2.0,6,5.0,950.0,123.0,43.0,39.0,1.0,4.0,912.0,22.6235821,88.4410411,1,1.0,1,0,0,0,0,0,0,0.0,0,0,0,2.0,1,0,1.0,1,0,0,0,183.0,28,86.0,0.33
0.0,2548.0,2.0,6,5.0,950.0,123.0,43.0,39.0,1.0,3.0,850.0,22.6235821,88.4410411,1,5.0,0,0,0,0,1,0,0,0.0,0,0,0,2.0,1,0,1.0,1,0,0,0,183.0,28,86.0,0.27
0.0,2962.0,1.0,2,4.0,402.0,46.0,43.0,25.0,1.0,2.0,540.0,22.715388,88.378133,1,7.0,0,0,0,0,0,0,0,0.0,0,0,0,2.0,1,0,2.0,0,1,0,0,200.0,26,301.0,0.16
0.0,1921.0,2.0,3,5.0,735.0,99.0,43.0,45.0,1.0,2.0,949.0,22.4868904,88.3074508,1,7.0,0,0,0,0,0,0,0,0.0,0,0,0,2.0,1,0,3.0,0,0,1,0,287.0,27,55.0,0.5
0.0,2280.0,4.0,1,4.0,1081.0,649.0,43.0,15.0,2.0,2.0,2727.0,22.547548,88.32719,1,6.0,0,0,0,0,0,1,0,0.0,0,0,0,2.0,1,0,3.0,0,0,1,0,224.0,27,10.0,3.0
0.0,3917.0,3.0,1,4.0,1081.0,362.0,43.0,15.0,2.0,3.0,2151.0,22.5375144,88.331826,1,3.0,0,0,1,0,0,0,0,0.0,0,0,0,2.0,1,0,3.0,0,0,1,0,224.0,27,10.0,2.5
0.0,2130.0,3.0,1,10.0,950.0,413.0,43.0,29.0,1.0,5.0,1365.0,22.6324059,88.4649322,1,1.0,1,0,0,0,0,0,0,0.0,0,0,0,2.0,1,0,1.0,1,0,0,0,208.0,28,86.0,0.73
0.0,1890.0,4.0,1,4.0,1081.0,649.0,43.0,15.0,1.0,3.0,2570.0,22.5478194,88.3271907,1,3.0,0,0,1,0,0,0,0,0.0,0,0,0,2.0,1,0,3.0,0,0,1,0,224.0,27,10.0,2.96
0.0,899.0,4.0,1,4.0,1081.0,649.0,43.0,15.0,1.0,3.0,2247.0,22.547174,88.3268833,1,2.0,0,1,0,0,0,0,0,0.0,0,0,0,2.0,1,0,3.0,0,0,1,0,224.0,27,10.0,2.58
0.0,3413.0,4.0,1,23.0,1712.0,660.0,42.0,13.0,1.0,5.0,2829.0,22.53566,88.33917,1,3.0,0,0,1,0,0,0,0,0.0,0,0,0,2.0,1,0,3.0,0,0,1,0,110.0,27,68.0,4.2
0.0,3779.0,3.0,1,23.0,1712.0,400.0,42.0,13.0,1.0,10.0,2323.0,22.53566,88.33917,1,4.0,0,0,0,1,0,0,0,0.0,0,0,0,2.0,1,0,3.0,0,0,1,0,110.0,27,68.0,3.5
0.0,1468.0,2.0,1,4.0,949.0,182.0,43.0,50.0,1.0,1.0,650.0,22.522827,88.37892,1,1.0,1,0,0,0,0,0,0,0.0,0,0,0,2.0,1,0,3.0,0,0,1,0,197.0,27,179.0,0.32
0.0,371.0,4.0,1,8.0,1610.0,671.0,43.0,15.0,3.0,3.0,2688.0,22.541222,88.398586,1,4.0,0,0,0,1,0,0,0,0.0,0,0,0,2.0,1,0,3.0,0,0,1,0,59.0,27,116.0,2.75
0.0,736.0,2.0,1,4.0,949.0,182.0,43.0,50.0,1.0,1.0,652.0,22.522999,88.3789829,1,1.0,1,0,0,0,0,0,0,0.0,0,0,0,2.0,1,0,3.0,0,0,1,0,197.0,27,179.0,0.32
0.0,2115.0,2.0,2,4.0,949.0,220.0,43.0,50.0,1.0,2.0,850.0,22.522327,88.37991,1,3.0,0,0,1,0,0,0,0,1.0,1,0,0,2.0,1,0,3.0,0,0,1,0,197.0,27,238.0,0.45
0.0,2931.0,3.0,6,24.0,1397.0,369.0,42.0,8.0,1.0,12.0,1435.0,22.612664,88.377414,1,3.0,0,0,1,0,0,0,0,0.0,0,0,0,2.0,1,0,2.0,0,1,0,0,118.0,26,28.0,1.0
0.0,2626.0,3.0,6,4.0,1215.0,508.0,43.0,49.0,1.0,2.0,1750.0,22.5143577,88.3251456,1,3.0,0,0,1,0,0,0,0,0.0,0,0,0,2.0,1,0,3.0,0,0,1,0,286.0,27,237.0,1.85
0.0,834.0,3.0,1,5.0,950.0,413.0,43.0,39.0,1.0,4.0,1220.0,22.6235821,88.4410411,1,6.0,0,0,0,0,0,1,0,2.0,0,1,0,2.0,1,0,1.0,1,0,0,0,183.0,28,86.0,0.8
0.0,417.0,4.0,5,38.0,1651.0,671.0,44.0,8.0,1.0,12.0,3123.0,22.53753,88.394678,1,0.0,0,0,0,0,0,0,0,3.0,0,0,1,2.0,1,0,3.0,0,0,1,0,118.0,27,116.0,4.65
0.0,1663.0,2.0,1,10.0,950.0,123.0,43.0,39.0,1.0,6.0,1030.0,22.6235821,88.4410411,1,6.0,0,0,0,0,0,1,0,0.0,0,0,0,2.0,1,0,1.0,1,0,0,0,183.0,28,86.0,0.52
0.0,4157.0,2.0,1,4.0,386.0,111.0,43.0,25.0,1.0,4.0,682.0,22.715388,88.378133,1,4.0,0,0,0,1,0,0,0,0.0,0,0,0,2.0,1,0,2.0,0,1,0,0,200.0,26,71.0,0.245
0.0,1206.0,4.0,2,2.0,950.0,733.0,43.0,39.0,4.0,7.934391300069942,1439.0,22.6235821,88.4410411,1,3.0,0,0,1,0,0,0,0,0.0,0,0,0,0.0,0,0,1.0,1,0,0,0,183.0,28,86.0,0.66
0.0,2845.0,1.0,1,4.0,221.0,33.0,43.0,29.0,1.0,3.0,532.0,22.649853,88.43562,1,3.0,0,0,1,0,0,0,0,0.0,0,0,0,2.0,1,0,2.0,0,1,0,0,200.0,26,195.0,0.1644999999999999
0.0,2888.0,2.0,1,4.0,221.0,193.0,43.0,21.0,1.0,3.0,895.0,22.682858,88.45894,1,7.0,0,0,0,0,0,0,0,0.0,0,0,0,2.0,1,0,2.0,0,1,0,0,200.0,26,195.0,0.2764999999999999
0.0,4156.0,2.0,1,4.0,222.0,193.0,43.0,21.0,1.0,3.0,882.0,22.682755,88.45878,1,5.0,0,0,0,0,1,0,0,0.0,0,0,0,2.0,1,0,2.0,0,1,0,0,200.0,26,195.0,0.2734
0.0,4153.0,2.0,1,4.0,222.0,193.0,43.0,21.0,1.0,3.0,993.0,22.682755,88.45878,1,6.0,0,0,0,0,0,1,0,0.0,0,0,0,2.0,1,0,2.0,0,1,0,0,200.0,26,195.0,0.3075
0.0,3755.0,3.0,6,11.0,1407.0,542.0,43.0,32.0,1.0,10.0,1400.0,22.633769,88.456845,1,3.0,0,0,1,0,0,0,0,0.0,0,0,0,2.0,1,0,1.0,1,0,0,0,183.0,28,284.0,0.68
0.0,3428.0,3.0,6,4.0,1215.0,554.0,43.0,45.0,1.0,3.0,1800.0,22.4790719,88.3085078,1,3.0,0,0,1,0,0,0,0,1.0,1,0,0,2.0,1,0,3.0,0,0,1,0,287.0,27,303.0,0.9
0.0,3993.0,3.0,2,18.0,1551.0,513.0,43.0,26.0,1.0,16.0,1860.0,22.6212037,88.4821317,1,6.0,0,0,0,0,0,1,0,3.0,0,0,1,2.0,1,0,1.0,1,0,0,0,209.0,28,242.0,1.15
0.0,978.0,3.0,1,30.0,439.0,513.0,43.0,15.0,1.0,10.0,1733.0,22.5672046,88.5185072,1,5.0,0,0,0,0,1,0,0,1.0,1,0,0,2.0,1,0,1.0,1,0,0,0,254.0,28,242.0,1.18
0.0,3133.0,2.0,1,33.0,440.0,223.0,42.0,15.0,1.0,4.0,1214.0,22.5678072,88.5193094,1,6.0,0,0,0,0,0,1,0,3.0,0,0,1,2.0,1,0,1.0,1,0,0,0,263.0,28,242.0,0.87
0.0,3920.0,3.0,2,13.0,361.0,376.0,43.0,40.0,1.0,3.0,1409.0,22.485516,88.301751,1,7.0,0,0,0,0,0,0,0,0.0,0,0,0,2.0,1,0,3.0,0,0,1,0,287.0,27,38.0,0.73
0.0,3874.0,2.0,2,13.0,1551.0,223.0,43.0,26.0,1.0,7.0,831.0,22.6209776,88.4832987,1,1.0,1,0,0,0,0,0,0,0.0,0,0,0,2.0,1,0,1.0,1,0,0,0,209.0,28,242.0,0.425
0.0,4063.0,5.0,5,13.0,896.0,746.0,45.0,35.0,2.0,9.0,3603.0,22.6006912,88.4694535,1,0.0,0,0,0,0,0,0,0,0.0,0,0,0,2.0,1,0,1.0,1,0,0,0,185.0,28,242.0,2.84
0.0,4063.0,4.0,5,13.0,896.0,695.0,45.0,35.0,1.0,6.0,2355.0,22.6006912,88.4694535,1,0.0,0,0,0,0,0,0,0,0.0,0,0,0,2.0,1,0,1.0,1,0,0,0,185.0,28,242.0,1.86
0.0,4063.0,3.0,5,13.0,896.0,513.0,45.0,35.0,0.0,6.0,1790.0,22.6006912,88.4694535,1,0.0,0,0,0,0,0,0,0,0.0,0,0,0,2.0,1,0,1.0,1,0,0,0,185.0,28,242.0,1.48
0.0,4063.0,3.0,5,12.0,896.0,513.0,45.0,35.0,0.0,9.0,1348.0,22.6006912,88.4694535,1,0.0,0,0,0,0,0,0,0,0.0,0,0,0,2.0,1,0,1.0,1,0,0,0,185.0,28,242.0,0.7843000000000001
0.0,4063.0,3.0,5,12.0,896.0,513.0,45.0,35.0,0.0,7.0,1322.0,22.6006912,88.4694535,1,0.0,0,0,0,0,0,0,0,0.0,0,0,0,2.0,1,0,1.0,1,0,0,0,185.0,28,242.0,0.7691
0.0,4063.0,2.0,5,12.0,895.0,223.0,45.0,35.0,0.0,5.0,930.0,22.6006912,88.4694535,1,0.0,0,0,0,0,0,0,0,0.0,0,0,0,2.0,1,0,1.0,1,0,0,0,185.0,28,242.0,0.5436
0.0,2942.0,4.0,5,25.0,896.0,695.0,45.0,35.0,1.0,18.0,2560.0,22.6006912,88.4694535,1,0.0,0,0,0,0,0,0,0,0.0,0,0,0,2.0,1,0,1.0,1,0,0,0,185.0,28,242.0,2.4
0.0,1212.0,4.0,5,25.0,896.0,695.0,45.0,35.0,1.0,14.0,2130.0,22.6006912,88.4694535,1,0.0,0,0,0,0,0,0,0,0.0,0,0,0,2.0,1,0,1.0,1,0,0,0,185.0,28,242.0,1.72
0.0,1940.0,2.0,1,17.0,793.0,305.0,42.0,8.0,1.0,16.0,680.0,22.489445,88.337073,1,0.0,0,0,0,0,0,0,0,0.0,0,0,0,2.0,1,0,3.0,0,0,1,0,118.0,27,359.0,0.72
0.0,294.0,3.0,3,4.0,1215.0,554.0,43.0,45.0,2.0,3.0,1304.0,22.4788135,88.3090479,1,3.0,0,0,1,0,0,0,0,2.0,0,1,0,2.0,1,0,3.0,0,0,1,0,287.0,27,303.0,0.62
0.0,2058.0,2.0,5,4.0,1323.0,81.0,45.0,49.0,1.0,2.0,1007.0,22.6189317,88.4300897,1,4.0,0,0,0,1,0,0,0,1.0,1,0,0,2.0,1,0,2.0,0,1,0,0,172.0,26,33.0,0.43
0.0,1939.0,3.0,1,17.0,793.0,583.0,42.0,8.0,1.0,7.0,1024.0,22.489445,88.337073,1,0.0,0,0,0,0,0,0,0,0.0,0,0,0,2.0,1,0,3.0,0,0,1,0,118.0,27,359.0,1.35
0.0,543.0,3.0,1,23.0,102.0,513.0,42.0,15.0,3.0,11.0,2073.0,22.581199,88.461896,1,0.0,0,0,0,0,0,0,0,0.0,0,0,0,2.0,1,0,1.0,1,0,0,0,145.0,28,242.0,2.85
0.0,2942.0,3.0,5,25.0,895.0,513.0,45.0,35.0,1.0,15.0,1850.0,22.6006912,88.4694535,1,0.0,0,0,0,0,0,0,0,0.0,0,0,0,2.0,1,0,1.0,1,0,0,0,185.0,28,242.0,1.48
0.0,4063.0,4.0,5,1.0,895.0,695.0,45.0,35.0,2.0,1.0,1872.0,22.6006912,88.4694535,1,0.0,0,0,0,0,0,0,0,0.0,0,0,0,2.0,1,0,1.0,1,0,0,0,185.0,28,242.0,1.82
0.0,4063.0,4.0,5,22.0,896.0,695.0,45.0,35.0,1.0,19.0,2350.0,22.6006912,88.4694535,1,0.0,0,0,0,0,0,0,0,0.0,0,0,0,2.0,1,0,1.0,1,0,0,0,185.0,28,242.0,1.74
0.0,4063.0,3.0,5,22.0,896.0,513.0,45.0,35.0,1.0,12.0,1950.0,22.6006912,88.4694535,1,0.0,0,0,0,0,0,0,0,0.0,0,0,0,2.0,1,0,1.0,1,0,0,0,185.0,28,242.0,1.46
0.0,3247.0,3.0,2,7.0,781.0,563.0,43.0,40.0,2.0,7.0,1521.0,22.4752362,88.3108428,1,6.0,0,0,0,0,0,1,0,0.0,0,0,0,2.0,1,0,3.0,0,0,1,0,290.0,27,330.0,0.92
0.0,4149.0,3.0,3,4.0,784.0,498.0,43.0,18.0,1.0,4.0,1144.0,22.487508,88.287829,1,3.0,0,0,1,0,0,0,0,0.0,0,0,0,2.0,1,0,3.0,0,0,1,0,210.0,27,218.0,0.58
0.0,370.0,4.0,1,4.0,1081.0,649.0,43.0,15.0,1.0,3.0,2247.0,22.54775,88.32701,1,4.0,0,0,0,1,0,0,0,0.0,0,0,0,2.0,1,0,3.0,0,0,1,0,224.0,27,10.0,3.0
0.0,4063.0,3.0,5,23.0,895.0,513.0,45.0,35.0,1.0,15.0,1400.0,22.6006912,88.4694535,1,0.0,0,0,0,0,0,0,0,0.0,0,0,0,2.0,1,0,1.0,1,0,0,0,185.0,28,242.0,0.85
0.0,2245.0,2.0,5,23.0,896.0,223.0,45.0,35.0,1.0,11.0,954.0,22.6006912,88.4694535,1,0.0,0,0,0,0,0,0,0,0.0,0,0,0,2.0,1,0,1.0,1,0,0,0,185.0,28,242.0,0.56
0.0,4063.0,3.0,5,23.0,896.0,513.0,45.0,35.0,1.0,12.0,1605.0,22.6006912,88.4694535,1,0.0,0,0,0,0,0,0,0,0.0,0,0,0,2.0,1,0,1.0,1,0,0,0,185.0,28,242.0,1.61
0.0,4052.0,2.0,5,23.0,896.0,223.0,45.0,35.0,1.0,6.0,949.0,22.6006912,88.4694535,1,0.0,0,0,0,0,0,0,0,0.0,0,0,0,2.0,1,0,1.0,1,0,0,0,185.0,28,242.0,0.76
0.0,4052.0,4.0,5,20.0,896.0,695.0,45.0,35.0,3.0,15.0,1508.0,22.6006912,88.4694535,1,0.0,0,0,0,0,0,0,0,0.0,0,0,0,2.0,1,0,1.0,1,0,0,0,185.0,28,242.0,1.98
0.0,3808.0,3.0,5,20.0,895.0,513.0,45.0,35.0,2.0,10.0,861.0,22.6006912,88.4694535,1,0.0,0,0,0,0,0,0,0,0.0,0,0,0,2.0,1,0,1.0,1,0,0,0,185.0,28,242.0,1.13
0.0,395.0,3.0,1,4.0,1081.0,362.0,43.0,15.0,2.0,2.0,2151.0,22.54871,88.327585,1,3.0,0,0,1,0,0,0,0,0.0,0,0,0,2.0,1,0,3.0,0,0,1,0,224.0,27,10.0,2.9
0.0,4053.0,2.0,5,20.0,896.0,223.0,45.0,35.0,1.0,7.0,591.0,22.6006912,88.4694535,1,0.0,0,0,0,0,0,0,0,0.0,0,0,0,2.0,1,0,1.0,1,0,0,0,185.0,28,242.0,0.9
0.0,3448.0,2.0,1,30.0,439.0,223.0,43.0,15.0,2.0,4.0,1350.0,22.567407,88.517945,1,3.0,0,0,1,0,0,0,0,0.0,0,0,0,2.0,1,0,1.0,1,0,0,0,254.0,28,242.0,0.85
0.0,3631.0,3.0,5,4.0,836.0,513.0,45.0,35.0,1.0,2.0,1260.0,22.6006912,88.4694535,1,8.0,0,0,0,0,0,0,1,0.0,0,0,0,2.0,1,0,1.0,1,0,0,0,185.0,28,242.0,0.65
0.0,2652.0,3.0,1,4.0,949.0,513.0,43.0,35.0,2.0,2.0,1250.0,22.6006912,88.4694535,1,5.0,0,0,0,0,1,0,0,0.0,0,0,0,2.0,1,0,1.0,1,0,0,0,185.0,28,242.0,0.87
0.0,3333.0,3.0,6,4.0,949.0,513.0,43.0,34.0,1.0,4.0,1053.0,22.571047,88.466064,1,7.0,0,0,0,0,0,0,0,0.0,0,0,0,2.0,1,0,1.0,1,0,0,0,85.0,28,242.0,0.76
0.0,824.0,3.0,5,4.0,838.0,513.0,45.0,35.0,2.0,3.0,1092.0,22.6006912,88.4694535,1,1.0,1,0,0,0,0,0,0,0.0,0,0,0,2.0,1,0,1.0,1,0,0,0,185.0,28,242.0,0.68
0.0,3638.0,3.0,5,4.0,981.0,513.0,45.0,35.0,2.0,1.0,1265.0,22.6006912,88.4694535,0,8.0,0,0,0,0,0,0,1,0.0,0,0,0,2.0,1,0,1.0,1,0,0,0,185.0,28,242.0,0.65
0.0,3360.0,3.0,5,4.0,982.0,513.0,45.0,35.0,2.0,2.0,1188.0,22.6006912,88.4694535,0,8.0,0,0,0,0,0,0,1,0.0,0,0,0,2.0,1,0,1.0,1,0,0,0,185.0,28,242.0,0.62
0.0,3571.0,3.0,1,23.0,1712.0,400.0,42.0,13.0,1.0,6.0,2323.0,22.53566,88.33917,1,7.0,0,0,0,0,0,0,0,0.0,0,0,0,2.0,1,0,3.0,0,0,1,0,110.0,27,68.0,3.5
0.0,4032.0,4.0,1,23.0,1712.0,660.0,42.0,13.0,1.0,7.0,2828.0,22.53566,88.33917,1,3.0,0,0,1,0,0,0,0,0.0,0,0,0,2.0,1,0,3.0,0,0,1,0,110.0,27,68.0,4.2
0.0,1888.0,4.0,1,23.0,1712.0,660.0,42.0,13.0,1.0,6.0,3319.0,22.53566,88.33917,1,3.0,0,0,1,0,0,0,0,0.0,0,0,0,2.0,1,0,3.0,0,0,1,0,110.0,27,68.0,4.2
0.0,4115.0,4.0,3,13.0,570.0,657.0,43.0,49.0,1.0,10.0,1670.0,22.4978086,88.3093517,1,6.0,0,0,0,0,0,1,0,0.0,0,0,0,2.0,1,0,3.0,0,0,1,0,287.0,27,55.0,0.82
0.0,1499.0,3.0,6,3.0,1215.0,501.0,43.0,48.0,1.0,2.0,1320.0,22.473451,88.368155,1,4.0,0,0,0,1,0,0,0,0.0,0,0,0,2.0,1,0,3.0,0,0,1,0,89.0,27,225.0,0.7
0.0,3927.0,3.0,2,5.0,305.0,391.0,43.0,47.0,2.0,2.0,2000.0,22.4869926,88.3131558,0,1.0,1,0,0,0,0,0,0,0.0,0,0,0,2.0,1,0,3.0,0,0,1,0,287.0,27,56.0,0.9
0.0,815.0,3.0,6,9.0,659.0,391.0,42.0,47.0,1.0,5.0,1319.0,22.4869926,88.3131558,1,7.0,0,0,0,0,0,0,0,0.0,0,0,0,2.0,1,0,3.0,0,0,1,0,287.0,27,56.0,1.06
0.0,1627.0,3.0,1,5.0,860.0,583.0,42.0,50.0,1.0,3.0,1232.0,22.5,88.35,1,5.0,0,0,0,0,1,0,0,0.0,0,0,0,2.0,1,0,3.0,0,0,1,0,95.0,27,359.0,0.82
0.0,2252.0,4.0,3,1.0,1215.0,739.0,43.0,45.0,2.0,5.409404102777435,1420.0,22.4788135,88.3090479,1,3.0,0,0,1,0,0,0,0,0.0,0,0,0,0.0,0,0,3.0,0,0,1,0,287.0,27,303.0,1.05
0.0,1510.0,6.0,6,4.0,1215.0,759.0,43.0,49.0,2.0,2.0,3450.0,22.5143577,88.3251456,1,3.0,0,0,1,0,0,0,0,0.0,0,0,0,2.0,1,0,3.0,0,0,1,0,286.0,27,237.0,3.65
0.0,2054.0,2.0,1,5.0,949.0,287.0,43.0,17.0,1.0,2.0,850.0,22.692715,88.402954,1,5.0,0,0,0,0,1,0,0,1.0,1,0,0,2.0,1,0,2.0,0,1,0,0,200.0,26,335.0,0.221
0.0,2055.0,2.0,5,5.0,1321.0,138.0,45.0,48.0,1.0,3.0,964.0,22.62127,88.39289,1,4.0,0,0,0,1,0,0,0,1.0,1,0,0,2.0,1,0,2.0,0,1,0,0,71.0,26,112.0,0.3663
0.0,2057.0,3.0,6,5.0,1322.0,500.0,43.0,50.0,1.0,5.0,1070.0,22.6185488,88.4101918,1,3.0,0,0,1,0,0,0,0,1.0,1,0,0,2.0,1,0,2.0,0,1,0,0,84.0,26,222.0,0.4493999999999999
0.0,69.0,2.0,3,5.0,1477.0,312.0,43.0,48.0,1.0,5.0,894.0,22.610148,88.437363,1,3.0,0,0,1,0,0,0,0,1.0,1,0,0,2.0,1,0,2.0,0,1,0,0,3.0,26,373.0,0.25
0.0,877.0,3.0,2,18.0,1551.0,513.0,43.0,26.0,1.0,6.0,1855.0,22.621207,88.48191,1,1.0,1,0,0,0,0,0,0,1.0,1,0,0,2.0,1,0,1.0,1,0,0,0,209.0,28,242.0,1.11
0.0,2926.0,4.0,2,7.0,1610.0,671.0,43.0,15.0,3.0,2.0,2688.0,22.54112,88.39897,1,6.0,0,0,0,0,0,1,0,0.0,0,0,0,2.0,1,0,3.0,0,0,1,0,59.0,27,116.0,3.01
0.0,1442.0,3.0,2,7.0,1490.0,437.0,43.0,50.0,1.0,2.0,2235.0,22.537977,88.396324,1,6.0,0,0,0,0,0,1,0,0.0,0,0,0,2.0,1,0,3.0,0,0,1,0,197.0,27,120.0,2.5
0.0,2561.0,4.0,2,7.0,1610.0,671.0,43.0,15.0,3.0,4.0,2734.0,22.541094,88.399475,1,7.0,0,0,0,0,0,0,0,0.0,0,0,0,2.0,1,0,3.0,0,0,1,0,59.0,27,116.0,3.0
0.0,3984.0,3.0,2,14.0,555.0,513.0,43.0,26.0,1.0,7.0,1553.0,22.621968,88.482347,1,3.0,0,0,1,0,0,0,0,0.0,0,0,0,2.0,1,0,1.0,1,0,0,0,209.0,28,242.0,0.95
0.0,493.0,3.0,3,4.0,1542.0,471.0,43.0,4.0,1.0,3.0,1130.0,22.426508,88.40847,1,7.0,0,0,0,0,0,0,0,1.0,1,0,0,2.0,1,0,3.0,0,0,1,0,41.0,27,176.0,0.51
0.0,485.0,3.0,3,4.0,761.0,504.0,43.0,3.0,2.0,2.0,1550.0,22.435795,88.39312,1,6.0,0,0,0,0,0,1,0,1.0,1,0,0,2.0,1,0,3.0,0,0,1,0,36.0,27,231.0,0.56
0.0,2588.0,3.0,3,4.0,1298.0,465.0,43.0,50.0,1.0,2.0,1000.0,22.4982976,88.394025,1,6.0,0,0,0,0,0,1,0,0.0,0,0,0,2.0,1,0,3.0,0,0,1,0,192.0,27,169.0,0.45
0.0,2408.0,3.0,2,5.0,1160.0,444.0,43.0,50.0,1.0,4.0,1350.0,22.5226995,88.3671083,1,6.0,0,0,0,0,0,1,0,0.0,0,0,0,2.0,1,0,3.0,0,0,1,0,203.0,27,129.0,1.25
0.0,1849.0,3.0,1,5.0,884.0,553.0,43.0,50.0,1.0,4.0,1200.0,22.513332,88.386665,1,8.0,0,0,0,0,0,0,1,0.0,0,0,0,2.0,1,0,3.0,0,0,1,0,197.0,27,299.0,0.75
0.0,1858.0,3.0,1,4.0,963.0,543.0,43.0,50.0,1.0,1.0,1200.0,22.513332,88.386665,1,1.0,1,0,0,0,0,0,0,0.0,0,0,0,2.0,1,0,3.0,0,0,1,0,197.0,27,287.0,0.75
0.0,3498.0,2.0,1,4.0,949.0,175.0,43.0,50.0,1.0,2.0,950.0,22.513332,88.386665,1,1.0,1,0,0,0,0,0,0,0.0,0,0,0,2.0,1,0,3.0,0,0,1,0,197.0,27,169.0,0.55
0.0,496.0,3.0,2,4.0,1528.0,504.0,43.0,49.0,1.0,3.0,1310.0,22.536025,88.35469,1,6.0,0,0,0,0,0,1,0,0.0,0,0,0,2.0,1,0,3.0,0,0,1,0,164.0,27,231.0,0.48
0.0,1414.0,2.0,1,4.0,115.0,114.0,43.0,50.0,1.0,2.0,750.0,22.521659,88.3840185,1,1.0,1,0,0,0,0,0,0,0.0,0,0,0,2.0,1,0,3.0,0,0,1,0,197.0,27,75.0,0.3
0.0,3526.0,2.0,2,13.0,1551.0,223.0,43.0,26.0,1.0,8.0,831.0,22.621207,88.48191,1,1.0,1,0,0,0,0,0,0,0.0,0,0,0,2.0,1,0,1.0,1,0,0,0,209.0,28,242.0,0.43
0.0,2318.0,2.0,1,4.0,220.0,193.0,43.0,27.0,1.0,3.0,892.0,22.585943,88.486206,1,8.0,0,0,0,0,0,0,1,0.0,0,0,0,2.0,1,0,2.0,0,1,0,0,87.0,26,195.0,0.2764999999999999
0.0,2850.0,3.0,1,4.0,223.0,486.0,43.0,27.0,1.0,3.0,1158.0,22.585943,88.486206,1,4.0,0,0,0,1,0,0,0,0.0,0,0,0,2.0,1,0,2.0,0,1,0,0,87.0,26,195.0,0.3589
0.0,2191.0,4.0,6,23.0,211.0,695.0,43.0,31.0,1.0,22.0,3000.0,22.621523,88.468338,1,0.0,0,0,0,0,0,0,0,0.0,0,0,0,2.0,1,0,1.0,1,0,0,0,209.0,28,242.0,1.6
0.0,890.0,3.0,1,11.0,1545.0,362.0,42.0,50.0,2.0,1.0,2969.0,22.532176,88.330192,1,0.0,0,0,0,0,0,0,0,3.0,0,0,1,2.0,1,0,3.0,0,0,1,0,160.0,27,10.0,4.25
0.0,17.0,4.0,6,12.0,6.0,649.0,42.0,50.0,0.0,3.0,2945.0,22.519739,88.333308,1,0.0,0,0,0,0,0,0,0,3.0,0,0,1,2.0,1,0,3.0,0,0,1,0,51.0,27,10.0,3.75
0.0,3745.0,3.0,6,5.0,132.0,524.0,42.0,49.0,1.0,2.0,1855.0,22.53096,88.350142,1,4.0,0,0,0,1,0,0,0,3.0,0,0,1,2.0,1,0,3.0,0,0,1,0,95.0,27,257.0,2.48
0.0,1623.0,2.0,6,5.0,860.0,305.0,42.0,50.0,1.0,1.0,963.0,22.491465,88.349652,1,0.0,0,0,0,0,0,0,0,0.0,0,0,0,2.0,1,0,3.0,0,0,1,0,89.0,27,359.0,0.67
0.0,379.0,4.0,6,35.0,1033.0,692.0,42.0,15.0,2.0,31.0,2062.0,22.573977,88.398249,1,0.0,0,0,0,0,0,0,0,0.0,0,0,0,2.0,1,0,2.0,0,1,0,0,58.0,26,233.0,3.1
0.0,286.0,4.0,6,23.0,571.0,681.0,42.0,4.0,3.0,14.0,2345.0,22.579795,88.394503,1,0.0,0,0,0,0,0,0,0,0.0,0,0,0,2.0,1,0,2.0,0,1,0,0,280.0,26,178.0,2.5
0.0,3747.0,3.0,5,10.0,1664.0,542.0,44.0,15.0,1.0,3.0,1410.0,22.638311,88.465164,1,0.0,0,0,0,0,0,0,0,0.0,0,0,0,2.0,1,0,1.0,1,0,0,0,223.0,28,284.0,0.65
0.0,3673.0,4.0,1,29.0,1599.0,695.0,42.0,15.0,3.0,7.0,3000.0,22.5811785,88.4961337,1,3.0,0,0,1,0,0,0,0,0.0,0,0,0,2.0,1,0,1.0,1,0,0,0,251.0,28,242.0,3.75
0.0,1178.0,3.0,1,14.0,555.0,513.0,43.0,26.0,2.0,4.0,2051.0,22.621968,88.482347,1,6.0,0,0,0,0,0,1,0,3.0,0,0,1,2.0,1,0,1.0,1,0,0,0,209.0,28,242.0,0.97
0.0,1773.0,3.0,1,33.0,440.0,513.0,42.0,15.0,1.0,8.0,1648.0,22.567405,88.517943,1,6.0,0,0,0,0,0,1,0,1.0,1,0,0,2.0,1,0,1.0,1,0,0,0,263.0,28,242.0,1.18
0.0,491.0,3.0,3,4.0,1503.0,374.0,43.0,49.0,1.0,4.0,1020.0,22.470371,88.3745,1,3.0,0,0,1,0,0,0,0,1.0,1,0,0,2.0,1,0,3.0,0,0,1,0,80.0,27,36.0,0.435
0.0,492.0,2.0,1,4.0,1299.0,222.0,43.0,40.0,1.0,3.0,925.0,22.478312,88.405716,1,7.0,0,0,0,0,0,0,0,1.0,1,0,0,2.0,1,0,3.0,0,0,1,0,77.0,27,240.0,0.44
0.0,488.0,3.0,1,4.0,764.0,504.0,43.0,2.0,1.0,4.0,1190.0,22.436012,88.384623,1,3.0,0,0,1,0,0,0,0,0.0,0,0,0,2.0,1,0,3.0,0,0,1,0,36.0,27,231.0,0.46
0.0,4158.0,1.0,1,3.0,228.0,33.0,43.0,25.0,1.0,3.0,582.0,22.698421,88.45989,1,5.0,0,0,0,0,1,0,0,0.0,0,0,0,2.0,1,0,2.0,0,1,0,0,206.0,26,195.0,0.184
0.0,4143.0,2.0,1,3.0,228.0,193.0,43.0,25.0,1.0,3.0,717.0,22.698421,88.45989,1,7.0,0,0,0,0,0,0,0,0.0,0,0,0,2.0,1,0,2.0,0,1,0,0,206.0,26,195.0,0.2294
0.0,4155.0,2.0,1,3.0,224.0,193.0,43.0,29.0,1.0,2.0,882.0,22.630198,88.48166,1,5.0,0,0,0,0,1,0,0,0.0,0,0,0,2.0,1,0,2.0,0,1,0,0,208.0,26,195.0,0.273
0.0,2847.0,2.0,1,3.0,226.0,193.0,43.0,29.0,1.0,2.0,892.0,22.630198,88.48166,1,4.0,0,0,0,1,0,0,0,0.0,0,0,0,2.0,1,0,2.0,0,1,0,0,208.0,26,195.0,0.2764999999999999
0.0,2331.0,1.0,1,3.0,226.0,33.0,43.0,29.0,1.0,2.0,529.0,22.630198,88.48166,1,7.0,0,0,0,0,0,0,0,0.0,0,0,0,2.0,1,0,2.0,0,1,0,0,208.0,26,195.0,0.1639
0.0,3640.0,3.0,1,18.0,1551.0,513.0,43.0,26.0,1.0,12.0,1855.0,22.621207,88.48191,1,6.0,0,0,0,0,0,1,0,0.0,0,0,0,2.0,1,0,1.0,1,0,0,0,209.0,28,242.0,1.15
0.0,973.0,4.0,2,13.0,435.0,707.0,43.0,50.0,2.0,1.0,1921.0,22.558844,88.380082,1,3.0,0,0,1,0,0,0,0,0.0,0,0,0,2.0,1,0,0.0,0,0,0,0,80.0,30,315.0,1.5
0.0,2590.0,4.0,2,8.0,41.0,681.0,43.0,50.0,1.0,3.0,1874.0,22.5702,88.39675,1,1.0,1,0,0,0,0,0,0,0.0,0,0,0,2.0,1,0,2.0,0,1,0,0,103.0,26,178.0,1.4
0.0,2889.0,3.0,2,12.0,1532.0,426.0,43.0,28.0,1.0,12.0,1858.0,22.468031,88.308782,1,3.0,0,0,1,0,0,0,0,0.0,0,0,0,2.0,1,0,3.0,0,0,1,0,213.0,27,106.0,2.2
0.0,3406.0,4.0,1,18.0,1062.0,700.0,42.0,15.0,2.0,2.0,2123.0,22.548048,88.371908,1,3.0,0,0,1,0,0,0,0,2.0,0,1,0,2.0,1,0,3.0,0,0,1,0,147.0,27,262.0,3.0
0.0,3996.0,3.0,1,18.0,1062.0,527.0,42.0,15.0,2.0,2.0,1734.0,22.548048,88.371908,1,3.0,0,0,1,0,0,0,0,0.0,0,0,0,2.0,1,0,3.0,0,0,1,0,147.0,27,262.0,1.9
0.0,3661.0,3.0,1,10.0,67.0,577.0,42.0,8.0,1.0,3.0,1337.0,22.551689,88.393056,1,3.0,0,0,1,0,0,0,0,0.0,0,0,0,2.0,1,0,1.0,1,0,0,0,118.0,28,351.0,1.1
0.0,3662.0,3.0,2,7.0,1063.0,577.0,43.0,15.0,1.0,3.0,1178.0,22.5496294,88.3871759,1,3.0,0,0,1,0,0,0,0,0.0,0,0,0,2.0,1,0,1.0,1,0,0,0,167.0,28,351.0,0.85
0.0,3682.0,4.0,1,24.0,450.0,716.0,42.0,8.0,1.0,17.0,1882.0,22.548158,88.382573,1,3.0,0,0,1,0,0,0,0,0.0,0,0,0,2.0,1,0,1.0,1,0,0,0,232.0,28,351.0,1.9
0.0,1195.0,4.0,1,21.0,572.0,684.0,42.0,3.0,1.0,10.0,2070.0,22.593544,88.374381,1,4.0,0,0,0,1,0,0,0,0.0,0,0,0,2.0,1,0,2.0,0,1,0,0,158.0,26,184.0,2.15
0.0,3672.0,4.0,1,23.0,1124.0,688.0,42.0,49.0,1.0,12.0,3654.0,22.579773,88.397808,1,1.0,1,0,0,0,0,0,0,0.0,0,0,0,2.0,1,0,2.0,0,1,0,0,102.0,26,205.0,4.0
0.0,2539.0,4.0,1,19.0,980.0,659.0,42.0,48.0,2.0,15.0,2100.0,22.564032,88.389691,1,3.0,0,0,1,0,0,0,0,0.0,0,0,0,2.0,1,0,2.0,0,1,0,0,94.0,26,64.0,2.1
0.0,501.0,2.0,2,22.0,36.0,142.0,42.0,9.0,1.0,7.0,1133.0,22.55484,88.389641,1,8.0,0,0,0,0,0,0,1,0.0,0,0,0,2.0,1,0,1.0,1,0,0,0,118.0,28,116.0,0.75
0.0,3367.0,3.0,6,12.0,1064.0,414.0,42.0,15.0,1.0,6.0,1880.0,22.557147,88.398467,1,3.0,0,0,1,0,0,0,0,0.0,0,0,0,2.0,1,0,1.0,1,0,0,0,124.0,28,87.0,1.8
0.0,1881.0,4.0,5,31.0,1402.0,671.0,44.0,8.0,1.0,2.0,2890.0,22.558639,88.394022,1,3.0,0,0,1,0,0,0,0,0.0,0,0,0,2.0,1,0,1.0,1,0,0,0,118.0,28,116.0,3.0
0.0,4036.0,4.0,1,23.0,102.0,695.0,42.0,15.0,2.0,8.0,3029.0,22.581199,88.461896,1,1.0,1,0,0,0,0,0,0,0.0,0,0,0,2.0,1,0,1.0,1,0,0,0,145.0,28,242.0,3.65
0.0,2681.0,3.0,1,24.0,785.0,532.0,42.0,15.0,2.0,8.0,1609.0,22.528148,88.379278,1,3.0,0,0,1,0,0,0,0,0.0,0,0,0,2.0,1,0,3.0,0,0,1,0,130.0,27,268.0,1.6
0.0,4023.0,3.0,2,10.0,1070.0,577.0,43.0,8.0,1.0,8.0,1381.0,22.558549,88.378919,1,5.0,0,0,0,0,1,0,0,0.0,0,0,0,2.0,1,0,1.0,1,0,0,0,118.0,28,351.0,1.0
0.0,3593.0,3.0,2,45.0,1692.0,435.0,42.0,15.0,1.0,20.0,2867.0,22.512772,88.410254,1,3.0,0,0,1,0,0,0,0,0.0,0,0,0,2.0,1,0,3.0,0,0,1,0,64.0,27,116.0,4.0
0.0,2206.0,4.0,1,35.0,1033.0,692.0,42.0,15.0,2.0,18.0,2786.0,22.573977,88.398249,1,3.0,0,0,1,0,0,0,0,0.0,0,0,0,2.0,1,0,2.0,0,1,0,0,58.0,26,233.0,3.2
0.0,3238.0,3.0,2,11.0,668.0,473.0,43.0,49.0,1.0,4.0,1532.0,22.570569,88.397023,1,6.0,0,0,0,0,0,1,0,0.0,0,0,0,2.0,1,0,2.0,0,1,0,0,103.0,26,178.0,1.35
0.0,3362.0,3.0,1,35.0,1033.0,505.0,42.0,15.0,1.0,8.0,1172.0,22.573977,88.398249,1,3.0,0,0,1,0,0,0,0,0.0,0,0,0,2.0,1,0,2.0,0,1,0,0,58.0,26,233.0,1.8
0.0,4042.0,4.0,1,21.0,1738.0,721.0,43.0,15.0,1.0,16.0,2891.0,22.544097,88.38697,1,1.0,1,0,0,0,0,0,0,0.0,0,0,0,2.0,1,0,3.0,0,0,1,0,265.0,27,361.0,3.0
0.0,3574.0,3.0,1,21.0,1738.0,585.0,43.0,15.0,2.0,5.0,2235.0,22.544097,88.38697,1,1.0,1,0,0,0,0,0,0,0.0,0,0,0,2.0,1,0,3.0,0,0,1,0,265.0,27,361.0,2.35
0.0,3572.0,3.0,2,11.0,1205.0,435.0,43.0,50.0,1.0,6.0,1540.0,22.557887,88.386404,1,1.0,1,0,0,0,0,0,0,0.0,0,0,0,2.0,1,0,1.0,1,0,0,0,84.0,28,116.0,0.85
0.0,1880.0,4.0,3,22.0,1204.0,716.0,43.0,50.0,1.0,5.0,2552.0,22.5563167,88.388763,1,3.0,0,0,1,0,0,0,0,0.0,0,0,0,2.0,1,0,1.0,1,0,0,0,84.0,28,351.0,1.6
0.0,1792.0,3.0,1,9.0,1109.0,577.0,43.0,5.0,1.0,4.0,1535.0,22.553708,88.38613,1,3.0,0,0,1,0,0,0,0,0.0,0,0,0,2.0,1,0,1.0,1,0,0,0,235.0,28,351.0,1.0
0.0,3840.0,2.0,1,11.0,1205.0,142.0,43.0,50.0,1.0,7.0,1065.0,22.557887,88.386404,1,3.0,0,0,1,0,0,0,0,0.0,0,0,0,2.0,1,0,1.0,1,0,0,0,84.0,28,116.0,0.7
0.0,4167.0,2.0,5,2.0,1715.0,137.0,45.0,48.0,1.0,1.0,870.0,22.636815,88.412077,1,6.0,0,0,0,0,0,1,0,0.0,0,0,0,2.0,1,0,2.0,0,1,0,0,81.0,26,111.0,0.2435999999999999
0.0,3164.0,2.0,6,5.0,949.0,208.0,43.0,50.0,1.0,2.0,856.0,22.6174760274,88.4163038726,1,3.0,0,0,1,0,0,0,0,0.0,0,0,0,2.0,1,0,2.0,0,1,0,0,172.0,26,222.0,0.3852
0.0,3351.0,3.0,6,5.0,949.0,500.0,43.0,50.0,2.0,1.0,1120.0,22.6174760274,88.4163038726,1,6.0,0,0,0,0,0,1,0,0.0,0,0,0,2.0,1,0,2.0,0,1,0,0,172.0,26,222.0,0.5
0.0,2732.0,2.0,6,5.0,949.0,293.0,43.0,35.0,1.0,1.0,888.0,22.64109,88.4066,1,6.0,0,0,0,0,0,1,0,0.0,0,0,0,2.0,1,0,2.0,0,1,0,0,98.0,26,343.0,0.3115
0.0,2528.0,2.0,5,4.0,1176.0,81.0,45.0,49.0,1.0,3.0,851.0,22.6189317,88.4300897,1,3.0,0,0,1,0,0,0,0,0.0,0,0,0,2.0,1,0,2.0,0,1,0,0,172.0,26,33.0,0.2498999999999999
0.0,1697.0,2.0,5,4.0,1176.0,81.0,45.0,49.0,1.0,3.0,785.0,22.6189317,88.4300897,1,7.0,0,0,0,0,0,0,0,0.0,0,0,0,2.0,1,0,2.0,0,1,0,0,172.0,26,33.0,0.235
0.0,1436.0,1.0,6,4.0,697.0,18.0,43.0,48.0,1.0,0.0,490.0,22.62127,88.39289,1,6.0,0,0,0,0,0,1,0,0.0,0,0,0,2.0,1,0,2.0,0,1,0,0,71.0,26,112.0,0.16
0.0,816.0,3.0,6,4.0,697.0,431.0,43.0,48.0,1.0,1.0,970.0,22.62127,88.39289,1,6.0,0,0,0,0,0,1,0,0.0,0,0,0,2.0,1,0,2.0,0,1,0,0,71.0,26,112.0,0.3782999999999999
0.0,2553.0,3.0,5,4.0,697.0,431.0,45.0,48.0,1.0,1.0,1030.0,22.62127,88.39289,1,7.0,0,0,0,0,0,0,0,0.0,0,0,0,2.0,1,0,2.0,0,1,0,0,71.0,26,112.0,0.4017
0.0,2552.0,2.0,5,4.0,697.0,138.0,45.0,48.0,1.0,2.0,870.0,22.62127,88.39289,1,7.0,0,0,0,0,0,0,0,0.0,0,0,0,2.0,1,0,2.0,0,1,0,0,71.0,26,112.0,0.3393
0.0,4060.0,3.0,3,4.0,307.0,399.0,43.0,27.0,2.0,2.0,1200.0,22.6251979,88.3531079,1,6.0,0,0,0,0,0,1,0,0.0,0,0,0,2.0,1,0,4.0,0,0,0,1,38.0,29,65.0,0.42
0.0,1006.0,3.0,1,4.0,714.0,390.0,43.0,50.0,1.0,3.0,1198.0,22.497691,88.310774,1,4.0,0,0,0,1,0,0,0,0.0,0,0,0,2.0,1,0,3.0,0,0,1,0,287.0,27,55.0,0.55
0.0,1005.0,2.0,1,3.0,1572.0,188.0,43.0,49.0,1.0,3.0,850.0,22.4821748,88.3460941,1,3.0,0,0,1,0,0,0,0,0.0,0,0,0,2.0,1,0,3.0,0,0,1,0,89.0,27,188.0,0.4
0.0,1003.0,3.0,2,4.0,1653.0,567.0,43.0,50.0,1.0,3.0,1080.0,22.492871,88.337947,1,6.0,0,0,0,0,0,1,0,0.0,0,0,0,2.0,1,0,3.0,0,0,1,0,159.0,27,334.0,0.48
0.0,1928.0,3.0,1,4.0,748.0,599.0,43.0,49.0,1.0,4.0,1380.0,22.536025,88.35469,1,4.0,0,0,0,1,0,0,0,1.0,1,0,0,2.0,1,0,3.0,0,0,1,0,164.0,27,381.0,0.65
0.0,2178.0,2.0,1,12.0,431.0,305.0,42.0,15.0,1.0,8.0,956.0,22.464839,88.334825,1,7.0,0,0,0,0,0,0,0,0.0,0,0,0,2.0,1,0,3.0,0,0,1,0,220.0,27,359.0,0.6
0.0,44.0,2.0,1,14.0,400.0,172.0,42.0,15.0,1.0,7.0,890.0,22.440842,88.298127,1,4.0,0,0,0,1,0,0,0,0.0,0,0,0,2.0,1,0,3.0,0,0,1,0,109.0,27,166.0,0.46
0.0,4107.0,2.0,1,14.0,400.0,172.0,42.0,15.0,1.0,9.0,940.0,22.440842,88.298127,1,6.0,0,0,0,0,0,1,0,0.0,0,0,0,2.0,1,0,3.0,0,0,1,0,109.0,27,166.0,0.5
0.0,2213.0,3.0,3,4.0,14.0,400.0,43.0,50.0,1.0,1.0,1654.0,22.5323,88.34227,1,0.0,0,0,0,0,0,0,0,2.0,0,1,0,2.0,1,0,3.0,0,0,1,0,84.0,27,68.0,1.6
0.0,2212.0,3.0,6,4.0,13.0,400.0,43.0,50.0,1.0,3.0,1229.0,22.5323,88.34227,1,0.0,0,0,0,0,0,0,0,0.0,0,0,0,2.0,1,0,3.0,0,0,1,0,84.0,27,68.0,1.23
0.0,2212.0,3.0,6,4.0,533.0,444.0,43.0,50.0,1.0,3.0,1241.0,22.5226995,88.3671083,1,0.0,0,0,0,0,0,0,0,0.0,0,0,0,2.0,1,0,3.0,0,0,1,0,203.0,27,129.0,1.11
0.0,2212.0,3.0,6,4.0,1295.0,600.0,43.0,50.0,1.0,4.0,1199.0,22.52025,88.34664,1,0.0,0,0,0,0,0,0,0,0.0,0,0,0,2.0,1,0,3.0,0,0,1,0,90.0,27,382.0,1.2
0.0,2212.0,2.0,5,8.0,459.0,191.0,45.0,49.0,1.0,5.0,833.0,22.6030366,88.4040291,1,0.0,0,0,0,0,0,0,0,0.0,0,0,0,2.0,1,0,2.0,0,1,0,0,172.0,26,192.0,0.66
0.0,2212.0,2.0,6,5.0,1292.0,135.0,43.0,50.0,1.0,5.0,1530.0,22.520852,88.357971,1,0.0,0,0,0,0,0,0,0,0.0,0,0,0,2.0,1,0,3.0,0,0,1,0,211.0,27,109.0,1.83
0.0,2212.0,3.0,6,4.0,448.0,493.0,43.0,50.0,1.0,1.0,1646.0,22.519911,88.349966,1,0.0,0,0,0,0,0,0,0,0.0,0,0,0,2.0,1,0,3.0,0,0,1,0,90.0,27,207.0,1.81
0.0,2212.0,3.0,6,4.0,1293.0,410.0,43.0,49.0,1.0,2.0,1565.0,22.5313177,88.3475232,1,0.0,0,0,0,0,0,0,0,0.0,0,0,0,2.0,1,0,3.0,0,0,1,0,95.0,27,83.0,1.87
0.0,2212.0,3.0,6,4.0,1294.0,482.0,43.0,50.0,1.0,2.0,1181.0,22.512436,88.347349,1,0.0,0,0,0,0,0,0,0,0.0,0,0,0,2.0,1,0,3.0,0,0,1,0,94.0,27,191.0,1.3
0.0,2212.0,2.0,1,5.0,1291.0,135.0,43.0,50.0,1.0,5.0,1356.0,22.520852,88.357971,1,0.0,0,0,0,0,0,0,0,0.0,0,0,0,2.0,1,0,3.0,0,0,1,0,211.0,27,109.0,1.42
0.0,2212.0,2.0,1,5.0,1437.0,260.0,43.0,50.0,1.0,5.0,1294.0,22.52188,88.3705037,1,0.0,0,0,0,0,0,0,0,0.0,0,0,0,2.0,1,0,3.0,0,0,1,0,203.0,27,293.0,1.27
0.0,2212.0,3.0,1,4.0,661.0,380.0,43.0,50.0,1.0,1.0,1376.0,22.526992,88.368848,1,0.0,0,0,0,0,0,0,0,0.0,0,0,0,2.0,1,0,3.0,0,0,1,0,291.0,27,42.0,1.37
0.0,2216.0,4.0,1,9.0,433.0,661.0,43.0,50.0,1.0,1.0,3275.0,22.5292588,88.3725619,1,0.0,0,0,0,0,0,0,0,0.0,0,0,0,2.0,1,0,3.0,0,0,1,0,291.0,27,72.0,3.3
0.0,2214.0,4.0,6,4.0,1580.0,715.0,43.0,50.0,1.0,4.0,2114.0,22.5133969,88.356058,1,0.0,0,0,0,0,0,0,0,0.0,0,0,0,2.0,1,0,3.0,0,0,1,0,197.0,27,340.0,2.5
0.0,2215.0,2.0,6,4.0,1001.0,236.0,43.0,50.0,0.0,3.0,829.0,22.5219079,88.3587831,1,0.0,0,0,0,0,0,0,0,0.0,0,0,0,2.0,1,0,3.0,0,0,1,0,40.0,27,260.0,0.83
0.0,2215.0,3.0,6,4.0,1001.0,526.0,43.0,50.0,1.0,1.0,1284.0,22.5219079,88.3587831,1,0.0,0,0,0,0,0,0,0,0.0,0,0,0,2.0,1,0,3.0,0,0,1,0,40.0,27,260.0,1.28
0.0,1630.0,3.0,6,12.0,795.0,583.0,42.0,15.0,1.0,2.0,1041.0,22.493355,88.340365,1,0.0,0,0,0,0,0,0,0,0.0,0,0,0,2.0,1,0,3.0,0,0,1,0,104.0,27,359.0,1.21
0.0,4140.0,2.0,6,12.0,795.0,305.0,42.0,15.0,1.0,2.0,684.0,22.493355,88.340365,1,0.0,0,0,0,0,0,0,0,0.0,0,0,0,2.0,1,0,3.0,0,0,1,0,104.0,27,359.0,0.81
0.0,147.0,3.0,6,15.0,1609.0,462.0,42.0,9.0,2.0,10.0,1128.0,22.440158,88.294329,1,1.0,1,0,0,0,0,0,0,0.0,0,0,0,2.0,1,0,3.0,0,0,1,0,119.0,27,166.0,0.64
0.0,147.0,3.0,6,15.0,1609.0,462.0,42.0,9.0,2.0,12.0,1128.0,22.440158,88.294329,1,1.0,1,0,0,0,0,0,0,0.0,0,0,0,2.0,1,0,3.0,0,0,1,0,119.0,27,166.0,0.63
0.0,46.0,2.0,6,15.0,1609.0,172.0,42.0,9.0,1.0,10.0,906.0,22.440158,88.294329,1,1.0,1,0,0,0,0,0,0,0.0,0,0,0,2.0,1,0,3.0,0,0,1,0,119.0,27,166.0,0.55
0.0,46.0,2.0,6,15.0,1609.0,172.0,42.0,9.0,1.0,6.0,906.0,22.440158,88.294329,1,1.0,1,0,0,0,0,0,0,0.0,0,0,0,2.0,1,0,3.0,0,0,1,0,119.0,27,166.0,0.56
0.0,298.0,4.0,5,2.0,1468.0,734.0,44.0,15.0,1.0,4.146910504131183,1664.0,22.548114,88.4004968,1,0.0,0,0,0,0,0,0,0,0.0,0,0,0,0.0,0,0,3.0,0,0,1,0,151.0,27,116.0,1.07
0.0,300.0,5.0,5,2.0,66.0,755.0,45.0,12.0,1.0,4.6611906000979655,1800.0,22.4439029807,88.2978736068,1,1.0,1,0,0,0,0,0,0,0.0,0,0,0,0.0,0,0,3.0,0,0,1,0,41.0,27,166.0,1.4
0.0,283.0,4.0,5,2.0,65.0,736.0,45.0,12.0,1.0,4.146910504131183,1700.0,22.4439029807,88.2978736068,1,1.0,1,0,0,0,0,0,0,0.0,0,0,0,0.0,0,0,3.0,0,0,1,0,41.0,27,166.0,1.17
0.0,177.0,3.0,3,14.0,995.0,581.0,43.0,15.0,2.0,10.0,1242.0,22.449913,88.304064,1,1.0,1,0,0,0,0,0,0,2.0,0,1,0,2.0,1,0,3.0,0,0,1,0,213.0,27,355.0,0.59
0.0,1143.0,4.0,1,4.0,1048.0,655.0,43.0,50.0,1.0,3.0,2500.0,22.526992,88.368848,1,0.0,0,0,0,0,0,0,0,0.0,0,0,0,2.0,1,0,3.0,0,0,1,0,291.0,27,42.0,2.75
0.0,2164.0,4.0,6,13.0,451.0,677.0,43.0,50.0,3.0,7.0,2726.0,22.5228058,88.3500398,1,0.0,0,0,0,0,0,0,0,0.0,0,0,0,2.0,1,0,3.0,0,0,1,0,90.0,27,150.0,3.0
0.0,2364.0,3.0,6,4.0,1539.0,424.0,43.0,50.0,0.0,2.0,1750.0,22.5180297,88.3500093,1,0.0,0,0,0,0,0,0,0,0.0,0,0,0,2.0,1,0,3.0,0,0,1,0,90.0,27,103.0,1.4
0.0,1916.0,3.0,6,5.0,1538.0,451.0,43.0,49.0,1.0,5.0,1244.0,22.53232,88.34345,1,0.0,0,0,0,0,0,0,0,0.0,0,0,0,2.0,1,0,3.0,0,0,1,0,84.0,27,146.0,1.4
0.0,1629.0,3.0,6,6.0,436.0,400.0,43.0,50.0,1.0,3.0,1709.0,22.5323,88.34227,1,0.0,0,0,0,0,0,0,0,0.0,0,0,0,2.0,1,0,3.0,0,0,1,0,84.0,27,68.0,1.6
0.0,2740.0,4.0,1,19.0,833.0,720.0,42.0,10.0,1.0,17.0,1780.0,22.492559,88.339088,1,0.0,0,0,0,0,0,0,0,0.0,0,0,0,2.0,1,0,3.0,0,0,1,0,116.0,27,359.0,2.15
0.0,515.0,3.0,1,19.0,833.0,583.0,42.0,10.0,0.0,15.0,948.0,22.492559,88.339088,1,0.0,0,0,0,0,0,0,0,0.0,0,0,0,2.0,1,0,3.0,0,0,1,0,116.0,27,359.0,1.3
0.0,669.0,4.0,6,4.0,1096.0,698.0,43.0,49.0,2.0,2.0,2300.0,22.53024,88.34883,1,0.0,0,0,0,0,0,0,0,0.0,0,0,0,2.0,1,0,3.0,0,0,1,0,83.0,27,257.0,2.0
0.0,993.0,4.0,1,11.0,1067.0,694.0,42.0,15.0,2.0,7.0,1983.0,22.509854,88.331069,1,0.0,0,0,0,0,0,0,0,0.0,0,0,0,2.0,1,0,3.0,0,0,1,0,129.0,27,237.0,3.0
0.0,186.0,2.0,1,4.0,954.0,215.0,43.0,1.0,1.0,2.0,715.0,22.429379,88.39712,1,1.0,1,0,0,0,0,0,0,0.0,0,0,0,2.0,1,0,3.0,0,0,1,0,292.0,27,231.0,0.3
0.0,704.0,2.0,5,4.0,257.0,96.0,45.0,26.0,1.0,2.0,550.0,22.76743,88.38835,1,5.0,0,0,0,0,1,0,0,3.0,0,0,1,2.0,1,0,2.0,0,1,0,0,217.0,26,51.0,0.187
0.0,3459.0,2.0,2,14.0,556.0,62.0,43.0,31.0,1.0,3.0,770.0,22.6210856,88.4688521,1,1.0,1,0,0,0,0,0,0,0.0,0,0,0,2.0,1,0,1.0,1,0,0,0,209.0,28,3.0,0.32
0.0,1626.0,3.0,1,8.0,534.0,355.0,43.0,11.0,1.0,4.0,1485.0,22.56992,88.50951,1,1.0,1,0,0,0,0,0,0,0.0,0,0,0,2.0,1,0,1.0,1,0,0,0,10.0,28,2.0,0.9
0.0,1533.0,3.0,1,25.0,566.0,513.0,42.0,15.0,1.0,15.0,1485.0,22.6006912,88.4694535,1,7.0,0,0,0,0,0,0,0,0.0,0,0,0,2.0,1,0,1.0,1,0,0,0,259.0,28,242.0,1.2
0.0,1215.0,3.0,1,13.0,443.0,458.0,42.0,15.0,3.0,5.0,1760.0,22.6401282,88.4295785,0,7.0,0,0,0,0,0,0,0,0.0,0,0,0,2.0,1,0,2.0,0,1,0,0,246.0,26,161.0,1.25
0.0,2579.0,3.0,1,13.0,443.0,458.0,42.0,15.0,3.0,5.0,1920.0,22.628549,88.417697,1,1.0,1,0,0,0,0,0,0,0.0,0,0,0,2.0,1,0,2.0,0,1,0,0,246.0,26,161.0,1.5
0.0,3708.0,3.0,1,13.0,443.0,458.0,42.0,15.0,2.0,8.0,1920.0,22.628914,88.418594,0,7.0,0,0,0,0,0,0,0,0.0,0,0,0,2.0,1,0,2.0,0,1,0,0,246.0,26,161.0,1.49
0.0,4000.0,3.0,1,7.0,1137.0,538.0,43.0,49.0,1.0,6.0,1384.0,22.61699,88.431224,1,4.0,0,0,0,1,0,0,0,2.0,0,1,0,2.0,1,0,2.0,0,1,0,0,174.0,26,280.0,0.95
0.0,3846.0,2.0,1,13.0,443.0,169.0,42.0,15.0,2.0,4.0,1310.0,22.628549,88.417697,0,7.0,0,0,0,0,0,0,0,0.0,0,0,0,2.0,1,0,2.0,0,1,0,0,246.0,26,161.0,0.98
0.0,984.0,3.0,1,13.0,443.0,458.0,42.0,15.0,3.0,10.0,1810.0,22.6401282,88.4295785,1,7.0,0,0,0,0,0,0,0,0.0,0,0,0,2.0,1,0,2.0,0,1,0,0,246.0,26,161.0,1.29
0.0,390.0,2.0,1,15.0,1675.0,223.0,43.0,35.0,1.0,5.0,1464.0,22.6006912,88.4694535,1,3.0,0,0,1,0,0,0,0,1.0,1,0,0,2.0,1,0,1.0,1,0,0,0,185.0,28,242.0,0.9
0.0,1191.0,3.0,1,25.0,566.0,513.0,42.0,15.0,1.0,15.0,1475.0,22.571168,88.448828,1,6.0,0,0,0,0,0,1,0,0.0,0,0,0,2.0,1,0,1.0,1,0,0,0,259.0,28,242.0,0.9
0.0,1192.0,2.0,1,25.0,566.0,223.0,42.0,15.0,1.0,8.0,1080.0,22.6006912,88.4694535,1,3.0,0,0,1,0,0,0,0,0.0,0,0,0,2.0,1,0,1.0,1,0,0,0,259.0,28,242.0,0.77
0.0,355.0,3.0,1,25.0,566.0,513.0,42.0,15.0,1.0,11.0,1510.0,22.5698095,88.4500761,1,7.0,0,0,0,0,0,0,0,0.0,0,0,0,2.0,1,0,1.0,1,0,0,0,259.0,28,242.0,1.01
0.0,393.0,2.0,1,25.0,565.0,268.0,43.0,48.0,1.0,10.0,1090.0,22.5840276,88.4154683,1,4.0,0,0,0,1,0,0,0,0.0,0,0,0,2.0,1,0,2.0,0,1,0,0,84.0,26,305.0,0.755
0.0,889.0,3.0,1,25.0,566.0,513.0,42.0,15.0,1.0,10.0,1475.0,22.6006912,88.4694535,1,3.0,0,0,1,0,0,0,0,0.0,0,0,0,2.0,1,0,1.0,1,0,0,0,259.0,28,242.0,0.94
0.0,986.0,3.0,1,13.0,443.0,458.0,42.0,15.0,2.0,8.0,1760.0,22.628549,88.417697,1,3.0,0,0,1,0,0,0,0,0.0,0,0,0,2.0,1,0,2.0,0,1,0,0,246.0,26,161.0,1.29
0.0,2271.0,3.0,1,18.0,1060.0,513.0,42.0,15.0,2.0,11.0,1409.0,22.6006912,88.4694535,1,5.0,0,0,0,0,1,0,0,0.0,0,0,0,2.0,1,0,1.0,1,0,0,0,234.0,28,242.0,1.35
0.0,3943.0,3.0,1,4.0,473.0,442.0,43.0,33.0,1.0,1.0,1545.0,22.455502,88.383249,1,3.0,0,0,1,0,0,0,0,0.0,0,0,0,2.0,1,0,3.0,0,0,1,0,74.0,27,127.0,1.0
0.0,3573.0,3.0,2,5.0,1509.0,441.0,43.0,50.0,1.0,1.0,1130.0,22.4658051,88.384625,1,3.0,0,0,1,0,0,0,0,0.0,0,0,0,2.0,1,0,3.0,0,0,1,0,80.0,27,126.0,0.49
0.0,3948.0,3.0,1,7.0,1530.0,441.0,43.0,50.0,1.0,5.0,1397.0,22.4658051,88.384625,1,1.0,1,0,0,0,0,0,0,1.0,1,0,0,2.0,1,0,3.0,0,0,1,0,80.0,27,126.0,1.0
0.0,773.0,2.0,1,7.0,1300.0,215.0,43.0,15.0,1.0,6.0,949.0,22.44792,88.40389,1,5.0,0,0,0,0,1,0,0,0.0,0,0,0,2.0,1,0,3.0,0,0,1,0,31.0,27,231.0,0.37
0.0,3372.0,3.0,1,7.0,1300.0,504.0,43.0,15.0,1.0,2.0,1154.0,22.44792,88.40389,1,2.0,0,1,0,0,0,0,0,0.0,0,0,0,2.0,1,0,3.0,0,0,1,0,31.0,27,231.0,0.43
0.0,2462.0,3.0,1,7.0,1300.0,504.0,43.0,15.0,1.0,2.0,1139.0,22.427958,88.407295,1,5.0,0,0,0,0,1,0,0,1.0,1,0,0,2.0,1,0,3.0,0,0,1,0,31.0,27,231.0,0.5
0.0,3955.0,3.0,1,4.0,1161.0,470.0,43.0,26.0,1.0,1.0,1280.0,22.4501783,88.3898755,1,3.0,0,0,1,0,0,0,0,0.0,0,0,0,2.0,1,0,3.0,0,0,1,0,74.0,27,175.0,0.62
0.0,168.0,3.0,1,7.0,1300.0,504.0,43.0,15.0,1.0,7.0,1320.0,22.4278022,88.4076128,1,1.0,1,0,0,0,0,0,0,0.0,0,0,0,2.0,1,0,3.0,0,0,1,0,31.0,27,231.0,0.55
0.0,114.0,2.0,1,5.0,1117.0,147.0,43.0,50.0,1.0,4.0,1025.0,22.4658051,88.384625,1,3.0,0,0,1,0,0,0,0,3.0,0,0,1,2.0,1,0,3.0,0,0,1,0,80.0,27,126.0,0.55
0.0,1959.0,2.0,6,4.0,845.0,123.0,43.0,39.0,1.0,3.0,925.0,22.6235821,88.4410411,1,3.0,0,0,1,0,0,0,0,0.0,0,0,0,2.0,1,0,1.0,1,0,0,0,183.0,28,86.0,0.3885
0.0,3386.0,3.0,6,5.0,256.0,371.0,43.0,39.0,2.0,4.0,1350.0,22.609931,88.442257,1,3.0,0,0,1,0,0,0,0,0.0,0,0,0,2.0,1,0,2.0,0,1,0,0,4.0,26,33.0,0.4725
0.0,2781.0,2.0,1,4.0,195.0,144.0,43.0,49.0,1.0,2.0,900.0,22.536025,88.35469,1,6.0,0,0,0,0,0,1,0,0.0,0,0,0,2.0,1,0,3.0,0,0,1,0,164.0,27,119.0,0.5
0.0,3566.0,2.0,2,15.0,1463.0,299.0,43.0,50.0,1.0,7.0,920.0,22.4954475,88.3362419,1,6.0,0,0,0,0,0,1,0,1.0,1,0,0,2.0,1,0,3.0,0,0,1,0,159.0,27,352.0,0.6
0.0,3120.0,2.0,2,4.0,117.0,203.0,43.0,50.0,1.0,1.0,1000.0,22.4805143,88.3524332,1,0.0,0,0,0,0,0,0,0,1.0,1,0,0,2.0,1,0,3.0,0,0,1,0,89.0,27,216.0,0.56
0.0,1628.0,3.0,2,5.0,1644.0,583.0,43.0,50.0,1.0,4.0,1347.0,22.5,88.35,1,0.0,0,0,0,0,0,0,0,1.0,1,0,0,2.0,1,0,3.0,0,0,1,0,95.0,27,359.0,0.95
0.0,1740.0,2.0,1,12.0,1302.0,305.0,42.0,4.0,1.0,9.0,1317.0,22.483811,88.329373,1,3.0,0,0,1,0,0,0,0,1.0,1,0,0,2.0,1,0,3.0,0,0,1,0,268.0,27,359.0,0.85
0.0,1897.0,8.0,2,2.0,397.0,767.0,43.0,50.0,4.0,9.991511683937071,2600.0,22.4658051,88.384625,1,3.0,0,0,1,0,0,0,0,0.0,0,0,0,0.0,0,0,3.0,0,0,1,0,80.0,27,126.0,0.65
0.0,1871.0,3.0,1,4.0,1680.0,471.0,43.0,24.0,2.0,3.0,1910.0,22.448128,88.3914,1,6.0,0,0,0,0,0,1,0,0.0,0,0,0,2.0,1,0,3.0,0,0,1,0,74.0,27,176.0,0.75
0.0,3109.0,2.0,1,3.0,949.0,336.0,43.0,30.0,0.0,3.0,718.0,22.453217,88.38798,1,6.0,0,0,0,0,0,1,0,1.0,1,0,0,1.0,0,0,3.0,0,0,1,0,74.0,27,198.0,0.26
0.0,1706.0,2.0,2,5.0,506.0,151.0,43.0,50.0,1.0,2.0,1178.0,22.4956601,88.3480203,1,0.0,0,0,0,0,0,0,0,3.0,0,0,1,2.0,1,0,3.0,0,0,1,0,82.0,27,134.0,0.78
0.0,2566.0,5.0,2,4.0,949.0,742.0,43.0,43.0,1.0,2.0,1550.0,22.4575781,88.3832374,1,1.0,1,0,0,0,0,0,0,1.0,1,0,0,2.0,1,0,3.0,0,0,1,0,80.0,27,126.0,0.55
0.0,1355.0,2.0,1,4.0,1720.0,147.0,43.0,27.0,1.0,1.0,750.0,22.4525,88.38155,1,8.0,0,0,0,0,0,0,1,1.0,1,0,0,2.0,1,0,3.0,0,0,1,0,74.0,27,126.0,0.25
0.0,1563.0,3.0,1,4.0,968.0,530.0,43.0,50.0,3.0,4.0,1350.0,22.47636,88.38565,1,1.0,1,0,0,0,0,0,0,1.0,1,0,0,2.0,1,0,3.0,0,0,1,0,80.0,27,266.0,0.75
0.0,2292.0,3.0,1,20.0,1121.0,504.0,42.0,7.0,2.0,10.0,1424.0,22.44792,88.40389,1,1.0,1,0,0,0,0,0,0,1.0,1,0,0,2.0,1,0,3.0,0,0,1,0,153.0,27,231.0,0.88
0.0,2782.0,2.0,5,3.0,1479.0,211.0,45.0,48.0,1.0,2.0,850.0,22.473451,88.368155,1,6.0,0,0,0,0,0,1,0,0.0,0,0,0,2.0,1,0,3.0,0,0,1,0,89.0,27,225.0,0.48
0.0,2783.0,2.0,6,3.0,481.0,240.0,43.0,50.0,1.0,2.0,736.0,22.47636,88.38565,1,8.0,0,0,0,0,0,0,1,0.0,0,0,0,2.0,1,0,3.0,0,0,1,0,80.0,27,266.0,0.36
0.0,2787.0,2.0,3,2.0,1641.0,203.0,43.0,50.0,1.0,2.0,800.0,22.4805143,88.3524332,1,5.0,0,0,0,0,1,0,0,3.0,0,0,1,2.0,1,0,3.0,0,0,1,0,89.0,27,216.0,0.35
0.0,2786.0,2.0,1,3.0,1640.0,306.0,43.0,50.0,1.0,2.0,760.0,22.5649541837027,88.3223328475512,1,5.0,0,0,0,0,1,0,0,0.0,0,0,0,2.0,1,0,4.0,0,0,0,1,179.0,29,362.0,0.37
0.0,2785.0,2.0,3,3.0,1625.0,259.0,43.0,50.0,1.0,3.0,1000.0,22.48292,88.35413,1,3.0,0,0,1,0,0,0,0,0.0,0,0,0,2.0,1,0,3.0,0,0,1,0,89.0,27,292.0,0.35
0.0,2784.0,2.0,6,3.0,642.0,305.0,43.0,50.0,1.0,1.0,800.0,22.5,88.35,1,6.0,0,0,0,0,0,1,0,0.0,0,0,0,2.0,1,0,3.0,0,0,1,0,95.0,27,359.0,0.3
0.0,55.0,2.0,6,3.0,949.0,195.0,43.0,11.0,1.0,2.0,738.0,22.44331,88.3945,1,1.0,1,0,0,0,0,0,0,0.0,0,0,0,2.0,1,0,3.0,0,0,1,0,201.0,27,198.0,0.25
0.0,1504.0,3.0,6,20.0,1121.0,504.0,42.0,7.0,2.0,10.0,944.0,22.44792,88.40389,1,1.0,1,0,0,0,0,0,0,1.0,1,0,0,2.0,1,0,3.0,0,0,1,0,153.0,27,231.0,0.88
0.0,2738.0,3.0,2,12.0,788.0,583.0,43.0,50.0,1.0,8.0,1600.0,22.503906,88.344903,1,0.0,0,0,0,0,0,0,0,2.0,0,1,0,2.0,1,0,3.0,0,0,1,0,94.0,27,359.0,1.45
0.0,3385.0,3.0,2,5.0,1509.0,441.0,43.0,50.0,1.0,4.0,1430.0,22.4658051,88.384625,1,6.0,0,0,0,0,0,1,0,1.0,1,0,0,2.0,1,0,3.0,0,0,1,0,80.0,27,126.0,0.6
0.0,3949.0,3.0,6,5.0,486.0,444.0,43.0,50.0,1.0,1.0,1800.0,22.5226995,88.3671083,1,6.0,0,0,0,0,0,1,0,1.0,1,0,0,2.0,1,0,3.0,0,0,1,0,203.0,27,129.0,2.5
0.0,769.0,2.0,2,5.0,1213.0,244.0,43.0,50.0,1.0,5.0,1170.0,22.5026325,88.3664528,1,6.0,0,0,0,0,0,1,0,1.0,1,0,0,2.0,1,0,3.0,0,0,1,0,204.0,27,271.0,0.72
0.0,891.0,4.0,2,19.0,83.0,671.0,43.0,42.0,2.0,17.0,3185.0,22.548114,88.4004968,1,0.0,0,0,0,0,0,0,0,2.0,0,1,0,2.0,1,0,3.0,0,0,1,0,193.0,27,116.0,2.72
0.0,3903.0,2.0,2,20.0,357.0,305.0,43.0,49.0,1.0,9.0,1187.0,22.4861792,88.3380097,1,3.0,0,0,1,0,0,0,0,1.0,1,0,0,2.0,1,0,3.0,0,0,1,0,89.0,27,359.0,0.85
0.0,1710.0,2.0,2,16.0,299.0,244.0,43.0,50.0,1.0,3.0,1150.0,22.500634,88.348368,1,0.0,0,0,0,0,0,0,0,1.0,1,0,0,2.0,1,0,3.0,0,0,1,0,95.0,27,271.0,1.0
0.0,3328.0,3.0,3,12.0,511.0,481.0,43.0,50.0,1.0,8.0,1654.0,22.5050813878,88.3544763969,1,6.0,0,0,0,0,0,1,0,1.0,1,0,0,2.0,1,0,3.0,0,0,1,0,95.0,27,189.0,1.65
0.0,34.0,2.0,3,4.0,289.0,90.0,43.0,48.0,1.0,1.0,950.0,22.4767739,88.3612972,1,0.0,0,0,0,0,0,0,0,2.0,0,1,0,2.0,1,0,3.0,0,0,1,0,89.0,27,45.0,0.47
0.0,3936.0,3.0,2,5.0,341.0,424.0,43.0,50.0,1.0,3.0,1550.0,22.5189029,88.3585579,1,0.0,0,0,0,0,0,0,0,1.0,1,0,0,2.0,1,0,3.0,0,0,1,0,211.0,27,103.0,1.62
0.0,3784.0,3.0,2,20.0,357.0,583.0,43.0,49.0,1.0,11.0,1435.0,22.486843,88.338949,1,6.0,0,0,0,0,0,1,0,1.0,1,0,0,2.0,1,0,3.0,0,0,1,0,89.0,27,359.0,1.05
0.0,3032.0,2.0,2,20.0,357.0,305.0,43.0,50.0,1.0,10.0,1187.0,22.5,88.35,1,3.0,0,0,1,0,0,0,0,1.0,1,0,0,2.0,1,0,3.0,0,0,1,0,95.0,27,359.0,0.83
0.0,3666.0,3.0,2,12.0,1463.0,583.0,43.0,50.0,1.0,8.0,1050.0,22.5,88.35,1,3.0,0,0,1,0,0,0,0,1.0,1,0,0,2.0,1,0,3.0,0,0,1,0,95.0,27,359.0,0.68
0.0,942.0,2.0,2,20.0,357.0,305.0,43.0,50.0,1.0,16.0,1187.0,22.5,88.35,1,6.0,0,0,0,0,0,1,0,1.0,1,0,0,2.0,1,0,3.0,0,0,1,0,95.0,27,359.0,0.9
0.0,2805.0,3.0,2,35.0,1462.0,533.0,43.0,15.0,2.0,17.0,1472.0,22.499905,88.360697,1,0.0,0,0,0,0,0,0,0,1.0,1,0,0,2.0,1,0,3.0,0,0,1,0,247.0,27,271.0,1.85
0.0,804.0,3.0,1,15.0,415.0,489.0,42.0,8.0,1.0,10.0,1524.0,22.51,88.23,1,6.0,0,0,0,0,0,1,0,1.0,1,0,0,2.0,1,0,3.0,0,0,1,0,118.0,27,199.0,0.65
0.0,35.0,2.0,1,4.0,197.0,99.0,43.0,49.0,1.0,2.0,669.0,22.4956799,88.3256559,1,6.0,0,0,0,0,0,1,0,1.0,1,0,0,2.0,1,0,3.0,0,0,1,0,290.0,27,55.0,0.23
0.0,2767.0,2.0,6,3.0,1604.0,99.0,43.0,49.0,1.0,2.0,870.0,22.4978086,88.3093517,1,8.0,0,0,0,0,0,0,1,0.0,0,0,0,2.0,1,0,3.0,0,0,1,0,287.0,27,55.0,0.305
0.0,2745.0,2.0,6,3.0,1100.0,99.0,43.0,49.0,1.0,1.0,870.0,22.4978086,88.3093517,1,1.0,1,0,0,0,0,0,0,0.0,0,0,0,2.0,1,0,3.0,0,0,1,0,287.0,27,55.0,0.3
0.0,2769.0,2.0,6,2.0,678.0,100.0,43.0,47.0,1.0,1.0,900.0,22.4869926,88.3131558,1,6.0,0,0,0,0,0,1,0,0.0,0,0,0,2.0,1,0,3.0,0,0,1,0,287.0,27,56.0,0.35
0.0,2768.0,2.0,6,3.0,561.0,157.0,43.0,42.0,1.0,2.0,850.0,22.4765842969,88.3369841946,1,6.0,0,0,0,0,0,1,0,0.0,0,0,0,2.0,1,0,3.0,0,0,1,0,89.0,27,144.0,0.32
0.0,2771.0,2.0,2,3.0,493.0,157.0,43.0,42.0,2.0,2.0,900.0,22.4765842969,88.3369841946,1,8.0,0,0,0,0,0,0,1,0.0,0,0,0,2.0,1,0,3.0,0,0,1,0,89.0,27,144.0,0.32
0.0,2780.0,3.0,1,4.0,938.0,583.0,43.0,42.0,2.0,1.0,1500.0,22.57254,88.43159,1,5.0,0,0,0,0,1,0,0,0.0,0,0,0,2.0,1,0,3.0,0,0,1,0,46.0,27,359.0,0.97
0.0,2762.0,2.0,1,3.0,938.0,188.0,43.0,36.0,1.0,2.0,928.0,22.474354,88.34331,1,6.0,0,0,0,0,0,1,0,0.0,0,0,0,2.0,1,0,3.0,0,0,1,0,89.0,27,188.0,0.4
0.0,2777.0,2.0,1,4.0,938.0,90.0,43.0,36.0,1.0,2.0,720.0,22.474354,88.34331,1,3.0,0,0,1,0,0,0,0,0.0,0,0,0,2.0,1,0,3.0,0,0,1,0,89.0,27,45.0,0.33
0.0,2776.0,2.0,2,4.0,937.0,211.0,43.0,36.0,1.0,1.0,611.0,22.474354,88.34331,1,5.0,0,0,0,0,1,0,0,0.0,0,0,0,2.0,1,0,3.0,0,0,1,0,89.0,27,225.0,0.23
0.0,2756.0,2.0,1,4.0,938.0,90.0,43.0,36.0,1.0,2.0,860.0,22.474354,88.34331,1,5.0,0,0,0,0,1,0,0,0.0,0,0,0,2.0,1,0,3.0,0,0,1,0,89.0,27,45.0,0.28
0.0,2765.0,2.0,1,3.0,938.0,90.0,43.0,36.0,1.0,2.0,875.0,22.474354,88.34331,1,8.0,0,0,0,0,0,0,1,0.0,0,0,0,2.0,1,0,3.0,0,0,1,0,89.0,27,45.0,0.3
0.0,2775.0,2.0,1,3.0,938.0,90.0,43.0,43.0,1.0,1.0,900.0,22.466324,88.371574,1,1.0,1,0,0,0,0,0,0,1.0,1,0,0,2.0,1,0,3.0,0,0,1,0,78.0,27,45.0,0.41
0.0,2778.0,3.0,1,3.0,939.0,383.0,43.0,42.0,1.0,1.0,1150.0,22.461143,88.39447,1,8.0,0,0,0,0,0,0,1,1.0,1,0,0,2.0,1,0,3.0,0,0,1,0,80.0,27,45.0,0.58
0.0,2754.0,2.0,3,3.0,938.0,205.0,43.0,18.0,1.0,3.0,800.0,22.487508,88.287829,1,1.0,1,0,0,0,0,0,0,0.0,0,0,0,2.0,1,0,3.0,0,0,1,0,210.0,27,218.0,0.23
0.0,1965.0,2.0,3,4.0,853.0,207.0,43.0,49.0,1.0,4.0,850.0,22.5283976,88.3527483,1,6.0,0,0,0,0,0,1,0,0.0,0,0,0,2.0,1,0,3.0,0,0,1,0,83.0,27,220.0,0.35
0.0,2773.0,3.0,1,3.0,879.0,583.0,43.0,50.0,0.0,0.0,930.0,22.5,88.35,1,6.0,0,0,0,0,0,1,0,0.0,0,0,0,2.0,1,0,3.0,0,0,1,0,95.0,27,359.0,0.31
0.0,1123.0,2.0,1,2.0,482.0,262.0,43.0,50.0,1.0,1.0,730.0,22.5196078136393,88.3921520809538,1,3.0,0,0,1,0,0,0,0,0.0,0,0,0,2.0,1,0,3.0,0,0,1,0,192.0,27,295.0,0.24
0.0,1125.0,2.0,6,2.0,481.0,311.0,43.0,50.0,1.0,2.0,740.0,22.482269,88.336605,1,6.0,0,0,0,0,0,1,0,0.0,0,0,0,2.0,1,0,3.0,0,0,1,0,89.0,27,372.0,0.25
0.0,2779.0,2.0,2,5.0,949.0,250.0,43.0,50.0,1.0,1.0,960.0,22.507692,88.34193,1,8.0,0,0,0,0,0,0,1,0.0,0,0,0,2.0,1,0,3.0,0,0,1,0,94.0,27,279.0,0.68
0.0,1124.0,2.0,3,2.0,483.0,79.0,43.0,49.0,1.0,2.0,600.0,22.536025,88.35469,1,3.0,0,0,1,0,0,0,0,0.0,0,0,0,2.0,1,0,3.0,0,0,1,0,164.0,27,31.0,0.25
0.0,1121.0,2.0,2,3.0,484.0,207.0,43.0,49.0,1.0,1.0,900.0,22.5283976,88.3527483,1,3.0,0,0,1,0,0,0,0,0.0,0,0,0,2.0,1,0,3.0,0,0,1,0,83.0,27,220.0,0.32
0.0,1122.0,2.0,6,3.0,485.0,207.0,43.0,49.0,1.0,1.0,740.0,22.5283976,88.3527483,1,3.0,0,0,1,0,0,0,0,0.0,0,0,0,2.0,1,0,3.0,0,0,1,0,83.0,27,220.0,0.36
0.0,2068.0,2.0,2,3.0,460.0,305.0,43.0,50.0,1.0,3.0,720.0,22.5,88.35,1,3.0,0,0,1,0,0,0,0,0.0,0,0,0,2.0,1,0,3.0,0,0,1,0,95.0,27,359.0,0.25
0.0,2746.0,2.0,2,4.0,929.0,305.0,43.0,50.0,1.0,2.0,840.0,22.5,88.35,1,3.0,0,0,1,0,0,0,0,2.0,0,1,0,2.0,1,0,3.0,0,0,1,0,95.0,27,359.0,0.55
0.0,2747.0,2.0,1,4.0,832.0,207.0,43.0,49.0,1.0,3.0,850.0,22.5283976,88.3527483,1,3.0,0,0,1,0,0,0,0,0.0,0,0,0,2.0,1,0,3.0,0,0,1,0,83.0,27,220.0,0.45
0.0,2749.0,2.0,6,3.0,353.0,188.0,43.0,36.0,0.0,1.0,650.0,22.4659862,88.3474569,1,3.0,0,0,1,0,0,0,0,0.0,0,0,0,2.0,1,0,3.0,0,0,1,0,89.0,27,188.0,0.21
0.0,2752.0,3.0,6,3.0,1603.0,583.0,43.0,50.0,1.0,2.0,1000.0,22.5,88.35,1,5.0,0,0,0,0,1,0,0,0.0,0,0,0,2.0,1,0,3.0,0,0,1,0,95.0,27,359.0,0.55
0.0,2751.0,3.0,6,3.0,1603.0,583.0,43.0,50.0,1.0,2.0,1180.0,22.5,88.35,1,3.0,0,0,1,0,0,0,0,0.0,0,0,0,2.0,1,0,3.0,0,0,1,0,95.0,27,359.0,0.64
0.0,2753.0,3.0,6,3.0,880.0,583.0,43.0,50.0,2.0,3.0,1200.0,22.5,88.35,1,6.0,0,0,0,0,0,1,0,0.0,0,0,0,2.0,1,0,3.0,0,0,1,0,95.0,27,359.0,0.5
0.0,2750.0,2.0,6,3.0,96.0,188.0,43.0,49.0,1.0,1.0,800.0,22.48101,88.34598,1,3.0,0,0,1,0,0,0,0,0.0,0,0,0,2.0,1,0,3.0,0,0,1,0,89.0,27,188.0,0.28
0.0,2764.0,2.0,1,3.0,938.0,305.0,43.0,50.0,1.0,1.0,920.0,22.5,88.35,1,5.0,0,0,0,0,1,0,0,0.0,0,0,0,2.0,1,0,3.0,0,0,1,0,95.0,27,359.0,0.37
0.0,2761.0,2.0,6,3.0,938.0,117.0,43.0,49.0,1.0,2.0,680.0,22.466744,88.388085,1,8.0,0,0,0,0,0,0,1,3.0,0,0,1,2.0,1,0,3.0,0,0,1,0,80.0,27,78.0,0.32
0.0,2748.0,2.0,6,3.0,938.0,113.0,43.0,36.0,1.0,1.0,815.0,22.45758,88.37779,1,2.0,0,1,0,0,0,0,0,0.0,0,0,0,2.0,1,0,3.0,0,0,1,0,80.0,27,74.0,0.26
0.0,2774.0,2.0,6,3.0,938.0,161.0,43.0,43.0,1.0,2.0,804.0,22.457894,88.383531,1,3.0,0,0,1,0,0,0,0,0.0,0,0,0,2.0,1,0,3.0,0,0,1,0,80.0,27,152.0,0.27
0.0,2757.0,2.0,6,3.0,938.0,147.0,43.0,50.0,1.0,3.0,630.0,22.4658051,88.384625,1,6.0,0,0,0,0,0,1,0,0.0,0,0,0,2.0,1,0,3.0,0,0,1,0,80.0,27,126.0,0.24
0.0,2758.0,2.0,1,4.0,1073.0,147.0,43.0,50.0,1.0,3.0,900.0,22.4658051,88.384625,1,5.0,0,0,0,0,1,0,0,0.0,0,0,0,2.0,1,0,3.0,0,0,1,0,80.0,27,126.0,0.3
0.0,2759.0,2.0,6,3.0,167.0,80.0,43.0,49.0,1.0,2.0,869.0,22.4820202278496,88.3856603740929,1,3.0,0,0,1,0,0,0,0,0.0,0,0,0,2.0,1,0,3.0,0,0,1,0,91.0,27,32.0,0.3
0.0,2760.0,2.0,6,3.0,938.0,147.0,43.0,50.0,1.0,1.0,1002.0,22.4658051,88.384625,1,3.0,0,0,1,0,0,0,0,0.0,0,0,0,2.0,1,0,3.0,0,0,1,0,80.0,27,126.0,0.42
0.0,895.0,4.0,1,13.0,443.0,679.0,42.0,15.0,3.0,12.0,2520.0,22.629524,88.41671,1,4.0,0,0,0,1,0,0,0,2.0,0,1,0,2.0,1,0,2.0,0,1,0,0,246.0,26,161.0,2.5
0.0,985.0,3.0,1,13.0,443.0,458.0,42.0,15.0,2.0,11.0,1920.0,22.6401282,88.4295785,1,7.0,0,0,0,0,0,0,0,0.0,0,0,0,2.0,1,0,2.0,0,1,0,0,246.0,26,161.0,1.65
0.0,2580.0,4.0,1,13.0,443.0,679.0,42.0,15.0,2.0,8.0,2520.0,22.62936,88.41786,0,6.0,0,0,0,0,0,1,0,0.0,0,0,0,2.0,1,0,2.0,0,1,0,0,246.0,26,161.0,2.4
0.0,2578.0,3.0,1,13.0,443.0,458.0,42.0,15.0,3.0,8.0,1760.0,22.6401282,88.4295785,1,1.0,1,0,0,0,0,0,0,0.0,0,0,0,2.0,1,0,2.0,0,1,0,0,246.0,26,161.0,1.35
0.0,3230.0,3.0,1,13.0,443.0,458.0,42.0,15.0,2.0,5.0,1310.0,22.629345,88.41625,1,2.0,0,1,0,0,0,0,0,0.0,0,0,0,2.0,1,0,2.0,0,1,0,0,246.0,26,161.0,1.15
0.0,3598.0,3.0,1,13.0,443.0,458.0,42.0,15.0,3.0,7.0,1820.0,22.629345,88.41625,1,8.0,0,0,0,0,0,0,1,0.0,0,0,0,2.0,1,0,2.0,0,1,0,0,246.0,26,161.0,1.35
0.0,3952.0,3.0,1,13.0,443.0,458.0,42.0,15.0,3.0,8.0,1920.0,22.628658,88.41662,1,3.0,0,0,1,0,0,0,0,0.0,0,0,0,2.0,1,0,2.0,0,1,0,0,246.0,26,161.0,1.65
0.0,3035.0,2.0,1,13.0,443.0,169.0,42.0,15.0,2.0,8.0,1150.0,22.628656,88.4167,1,8.0,0,0,0,0,0,0,1,0.0,0,0,0,2.0,1,0,2.0,0,1,0,0,246.0,26,161.0,0.92
0.0,3229.0,3.0,1,13.0,443.0,458.0,42.0,15.0,4.0,10.0,1810.0,22.628647,88.4167,1,1.0,1,0,0,0,0,0,0,0.0,0,0,0,2.0,1,0,2.0,0,1,0,0,246.0,26,161.0,1.35
0.0,3951.0,3.0,1,13.0,443.0,458.0,42.0,15.0,3.0,8.0,1920.0,22.6401282,88.4295785,1,8.0,0,0,0,0,0,0,1,0.0,0,0,0,2.0,1,0,2.0,0,1,0,0,246.0,26,161.0,1.65
0.0,2763.0,2.0,1,4.0,938.0,245.0,43.0,50.0,1.0,1.0,960.0,22.50217,88.386683,1,3.0,0,0,1,0,0,0,0,0.0,0,0,0,2.0,1,0,3.0,0,0,1,0,192.0,27,272.0,0.44
0.0,3599.0,3.0,1,13.0,443.0,458.0,42.0,15.0,2.0,3.0,1920.0,22.6283082,88.4180745,1,0.0,0,0,0,0,0,0,0,1.0,1,0,0,2.0,1,0,2.0,0,1,0,0,246.0,26,161.0,1.85
0.0,2766.0,2.0,6,4.0,941.0,330.0,43.0,50.0,1.0,2.0,950.0,22.4658051,88.384625,1,6.0,0,0,0,0,0,1,0,0.0,0,0,0,1.0,0,0,3.0,0,0,1,0,80.0,27,126.0,0.35
0.0,2755.0,2.0,6,3.0,938.0,90.0,43.0,46.0,1.0,2.0,856.0,22.47069,88.36166,1,6.0,0,0,0,0,0,1,0,0.0,0,0,0,2.0,1,0,3.0,0,0,1,0,89.0,27,45.0,0.3
0.0,644.0,2.0,6,3.0,938.0,90.0,43.0,46.0,1.0,3.0,900.0,22.47069,88.36166,1,5.0,0,0,0,0,1,0,0,0.0,0,0,0,2.0,1,0,3.0,0,0,1,0,89.0,27,45.0,0.35
0.0,2235.0,3.0,6,31.0,743.0,583.0,42.0,15.0,1.0,20.0,1925.0,22.49179,88.346288,1,0.0,0,0,0,0,0,0,0,0.0,0,0,0,2.0,1,0,3.0,0,0,1,0,120.0,27,359.0,2.5
0.0,2235.0,4.0,6,31.0,743.0,720.0,42.0,15.0,1.0,20.0,2364.0,22.49179,88.346288,1,0.0,0,0,0,0,0,0,0,0.0,0,0,0,2.0,1,0,3.0,0,0,1,0,120.0,27,359.0,3.35
0.0,2861.0,3.0,1,30.0,439.0,513.0,43.0,15.0,1.0,27.0,1648.0,22.567407,88.517945,1,0.0,0,0,0,0,0,0,0,0.0,0,0,0,2.0,1,0,1.0,1,0,0,0,254.0,28,242.0,1.25
0.0,645.0,2.0,6,3.0,1032.0,90.0,43.0,46.0,1.0,2.0,856.0,22.47069,88.36166,1,6.0,0,0,0,0,0,1,0,0.0,0,0,0,2.0,1,0,3.0,0,0,1,0,89.0,27,45.0,0.3
0.0,3958.0,3.0,1,4.0,949.0,476.0,43.0,49.0,2.0,4.0,975.0,22.595863,88.42958,1,5.0,0,0,0,0,1,0,0,0.0,0,0,0,2.0,1,0,2.0,0,1,0,0,75.0,26,181.0,0.351
0.0,2109.0,3.0,1,4.0,949.0,476.0,43.0,49.0,2.0,1.0,975.0,22.595863,88.42958,1,8.0,0,0,0,0,0,0,1,0.0,0,0,0,2.0,1,0,2.0,0,1,0,0,75.0,26,181.0,0.351
0.0,3604.0,3.0,1,4.0,949.0,476.0,43.0,40.0,1.0,1.0,1308.0,22.609528,88.441345,1,3.0,0,0,1,0,0,0,0,0.0,0,0,0,2.0,1,0,2.0,0,1,0,0,4.0,26,181.0,0.5232
0.0,2139.0,2.0,1,4.0,949.0,184.0,43.0,40.0,1.0,1.0,926.0,22.609528,88.441345,1,7.0,0,0,0,0,0,0,0,0.0,0,0,0,2.0,1,0,2.0,0,1,0,0,4.0,26,181.0,0.3704
0.0,2660.0,3.0,2,4.0,949.0,513.0,43.0,28.0,2.0,1.0,1470.0,22.63194,88.46037,1,5.0,0,0,0,0,1,0,0,2.0,0,1,0,2.0,1,0,1.0,1,0,0,0,208.0,28,242.0,0.82
0.0,2104.0,2.0,1,5.0,949.0,184.0,43.0,50.0,1.0,5.0,950.0,22.598452,88.42748,1,7.0,0,0,0,0,0,0,0,0.0,0,0,0,2.0,1,0,2.0,0,1,0,0,75.0,26,181.0,0.38
0.0,3159.0,2.0,1,5.0,949.0,184.0,43.0,50.0,1.0,4.0,950.0,22.598452,88.42748,1,8.0,0,0,0,0,0,0,1,0.0,0,0,0,2.0,1,0,2.0,0,1,0,0,75.0,26,181.0,0.38
0.0,3959.0,3.0,1,5.0,949.0,476.0,43.0,50.0,2.0,4.0,1150.0,22.598452,88.42748,1,5.0,0,0,0,0,1,0,0,0.0,0,0,0,2.0,1,0,2.0,0,1,0,0,75.0,26,181.0,0.46
0.0,2108.0,3.0,1,5.0,949.0,476.0,43.0,50.0,2.0,2.0,1150.0,22.598452,88.42748,1,8.0,0,0,0,0,0,0,1,0.0,0,0,0,2.0,1,0,2.0,0,1,0,0,75.0,26,181.0,0.46
0.0,2600.0,2.0,2,3.0,949.0,184.0,43.0,50.0,1.0,2.0,788.0,22.598452,88.42748,1,5.0,0,0,0,0,1,0,0,0.0,0,0,0,2.0,1,0,2.0,0,1,0,0,75.0,26,181.0,0.28
0.0,1642.0,1.0,1,4.0,949.0,30.0,43.0,47.0,1.0,3.0,434.0,22.598553,88.433365,1,5.0,0,0,0,0,1,0,0,0.0,0,0,0,2.0,1,0,2.0,0,1,0,0,75.0,26,181.0,0.165
0.0,3555.0,2.0,1,12.0,116.0,264.0,43.0,17.0,1.0,8.0,830.0,22.725355,88.3384899,1,3.0,0,0,1,0,0,0,0,0.0,0,0,0,2.0,1,0,4.0,0,0,0,1,169.0,29,297.0,0.24
0.0,2425.0,3.0,1,3.0,949.0,501.0,43.0,46.0,1.0,1.0,1250.0,22.465895,88.37548,1,1.0,1,0,0,0,0,0,0,0.0,0,0,0,2.0,1,0,3.0,0,0,1,0,80.0,27,225.0,0.6
0.0,3718.0,3.0,6,19.0,980.0,398.0,42.0,49.0,2.0,2.0,1700.0,22.5667378,88.3929875,1,5.0,0,0,0,0,1,0,0,0.0,0,0,0,2.0,1,0,2.0,0,1,0,0,163.0,26,64.0,1.45
0.0,405.0,3.0,1,17.0,57.0,483.0,43.0,49.0,2.0,8.0,1615.0,22.597863,88.402625,1,1.0,1,0,0,0,0,0,0,3.0,0,0,1,2.0,1,0,2.0,0,1,0,0,74.0,26,192.0,1.26
0.0,3201.0,2.0,1,12.0,1567.0,223.0,42.0,8.0,2.0,4.0,830.0,22.6006912,88.4694535,1,6.0,0,0,0,0,0,1,0,0.0,0,0,0,2.0,1,0,1.0,1,0,0,0,134.0,28,242.0,0.54
0.0,1382.0,3.0,1,15.0,1272.0,358.0,43.0,11.0,1.0,8.0,901.0,22.569,88.510296,1,8.0,0,0,0,0,0,0,1,0.0,0,0,0,2.0,1,0,1.0,1,0,0,0,10.0,28,6.0,0.54
0.0,3451.0,1.0,6,5.0,1272.0,1.0,43.0,12.0,1.0,1.0,425.0,22.57294,88.507484,1,2.0,0,1,0,0,0,0,0,0.0,0,0,0,2.0,1,0,1.0,1,0,0,0,10.0,28,6.0,0.21
0.0,3782.0,2.0,1,25.0,1071.0,268.0,42.0,12.0,1.0,10.0,1032.0,22.570171,88.447571,1,2.0,0,1,0,0,0,0,0,0.0,0,0,0,2.0,1,0,2.0,0,1,0,0,267.0,26,305.0,1.0
0.0,786.0,2.0,1,15.0,1609.0,172.0,42.0,9.0,2.0,2.0,906.0,22.4439029807,88.2978736068,1,3.0,0,0,1,0,0,0,0,0.0,0,0,0,2.0,1,0,3.0,0,0,1,0,119.0,27,166.0,0.485
0.0,1842.0,3.0,2,4.0,298.0,471.0,43.0,26.0,2.0,1.0,1305.0,22.448935,88.393423,1,6.0,0,0,0,0,0,1,0,0.0,0,0,0,2.0,1,0,3.0,0,0,1,0,74.0,27,176.0,0.75
0.0,2806.0,3.0,2,35.0,1462.0,533.0,43.0,15.0,1.0,15.0,1686.0,22.5026325,88.3664528,1,5.0,0,0,0,0,1,0,0,2.0,0,1,0,2.0,1,0,3.0,0,0,1,0,247.0,27,271.0,2.25
0.0,2422.0,2.0,1,5.0,1735.0,255.0,42.0,1.0,1.0,5.0,764.0,22.4170642,88.4001091,1,3.0,0,0,1,0,0,0,0,0.0,0,0,0,2.0,1,0,3.0,0,0,1,0,41.0,27,288.0,0.33
0.0,3998.0,3.0,3,35.0,1462.0,533.0,43.0,15.0,1.0,28.0,1583.0,22.499905,88.360697,1,3.0,0,0,1,0,0,0,0,0.0,0,0,0,2.0,1,0,3.0,0,0,1,0,247.0,27,271.0,1.85
0.0,1866.0,3.0,3,35.0,1462.0,533.0,43.0,15.0,1.0,27.0,1754.0,22.499905,88.360697,1,0.0,0,0,0,0,0,0,0,3.0,0,0,1,2.0,1,0,3.0,0,0,1,0,247.0,27,271.0,2.2
0.0,2416.0,2.0,1,4.0,932.0,172.0,42.0,1.0,2.0,3.0,745.0,22.411118,88.249644,1,3.0,0,0,1,0,0,0,0,1.0,1,0,0,2.0,1,0,3.0,0,0,1,0,41.0,27,166.0,0.1825
0.0,2416.0,3.0,1,4.0,932.0,462.0,42.0,1.0,2.0,2.0,888.0,22.411118,88.249644,1,3.0,0,0,1,0,0,0,0,1.0,1,0,0,2.0,1,0,3.0,0,0,1,0,41.0,27,166.0,0.2176
0.0,3150.0,2.0,1,5.0,935.0,138.0,43.0,50.0,1.0,5.0,672.0,22.613989,88.39536,1,7.0,0,0,0,0,0,0,0,0.0,0,0,0,2.0,1,0,2.0,0,1,0,0,71.0,26,112.0,0.2587
0.0,1698.0,2.0,1,6.0,1206.0,81.0,43.0,40.0,1.0,1.0,655.0,22.614952,88.43902,1,5.0,0,0,0,0,1,0,0,0.0,0,0,0,2.0,1,0,2.0,0,1,0,0,3.0,26,33.0,0.1753
0.0,2417.0,2.0,1,4.0,932.0,172.0,42.0,1.0,2.0,4.0,745.0,22.411118,88.249644,1,7.0,0,0,0,0,0,0,0,1.0,1,0,0,2.0,1,0,3.0,0,0,1,0,41.0,27,166.0,0.1826
0.0,3043.0,2.0,2,5.0,564.0,252.0,43.0,27.0,1.0,5.0,878.0,22.64271,88.466433,1,3.0,0,0,1,0,0,0,0,0.0,0,0,0,2.0,1,0,1.0,1,0,0,0,208.0,28,284.0,0.28
0.0,716.0,2.0,2,5.0,564.0,252.0,43.0,27.0,1.0,2.0,876.0,22.64271,88.466433,1,2.0,0,1,0,0,0,0,0,0.0,0,0,0,2.0,1,0,1.0,1,0,0,0,208.0,28,284.0,0.32
0.0,2696.0,3.0,1,10.0,1084.0,542.0,43.0,29.0,1.0,4.0,1220.0,22.632527,88.464186,1,2.0,0,1,0,0,0,0,0,0.0,0,0,0,2.0,1,0,1.0,1,0,0,0,208.0,28,284.0,0.7
0.0,1654.0,2.0,2,5.0,564.0,252.0,43.0,25.0,1.0,2.0,878.0,22.6437654,88.4665688,1,1.0,1,0,0,0,0,0,0,0.0,0,0,0,2.0,1,0,1.0,1,0,0,0,208.0,28,284.0,0.32
0.0,3274.0,3.0,1,10.0,1084.0,542.0,43.0,35.0,1.0,5.0,1280.0,22.6006912,88.4694535,1,5.0,0,0,0,0,1,0,0,0.0,0,0,0,2.0,1,0,1.0,1,0,0,0,185.0,28,284.0,0.74
0.0,2496.0,2.0,2,4.0,1404.0,252.0,43.0,15.0,1.0,3.0,780.0,22.64148,88.471821,1,1.0,1,0,0,0,0,0,0,0.0,0,0,0,2.0,1,0,1.0,1,0,0,0,248.0,28,284.0,0.32
0.0,3686.0,5.0,1,15.0,874.0,746.0,43.0,42.0,4.0,14.0,3079.0,22.576903,88.454165,1,6.0,0,0,0,0,0,1,0,1.0,1,0,0,2.0,1,0,1.0,1,0,0,0,85.0,28,242.0,1.51
0.0,568.0,3.0,1,5.0,152.0,503.0,43.0,18.0,1.0,2.0,1143.0,22.647651,88.46087,1,4.0,0,0,0,1,0,0,0,0.0,0,0,0,2.0,1,0,2.0,0,1,0,0,205.0,26,230.0,0.45
0.0,3275.0,3.0,2,10.0,1084.0,542.0,43.0,29.0,1.0,4.0,1221.0,22.632527,88.464186,1,5.0,0,0,0,0,1,0,0,0.0,0,0,0,2.0,1,0,1.0,1,0,0,0,208.0,28,284.0,0.7
0.0,1653.0,2.0,2,5.0,564.0,252.0,43.0,27.0,1.0,4.0,877.0,22.64271,88.466433,1,1.0,1,0,0,0,0,0,0,0.0,0,0,0,2.0,1,0,1.0,1,0,0,0,208.0,28,284.0,0.3
0.0,854.0,3.0,2,10.0,1084.0,542.0,43.0,29.0,1.0,5.0,1321.0,22.632527,88.464186,1,3.0,0,0,1,0,0,0,0,0.0,0,0,0,2.0,1,0,1.0,1,0,0,0,208.0,28,284.0,0.72
0.0,3044.0,2.0,2,5.0,564.0,252.0,43.0,27.0,1.0,4.0,862.0,22.64271,88.466433,1,1.0,1,0,0,0,0,0,0,0.0,0,0,0,2.0,1,0,1.0,1,0,0,0,208.0,28,284.0,0.3
0.0,1188.0,2.0,2,5.0,564.0,252.0,43.0,27.0,1.0,5.0,879.0,22.64271,88.466433,1,3.0,0,0,1,0,0,0,0,0.0,0,0,0,2.0,1,0,1.0,1,0,0,0,208.0,28,284.0,0.275
0.0,1193.0,2.0,2,10.0,568.0,252.0,43.0,30.0,1.0,10.0,1010.0,22.572205,88.46655,1,3.0,0,0,1,0,0,0,0,0.0,0,0,0,2.0,1,0,1.0,1,0,0,0,85.0,28,284.0,0.62
0.0,1577.0,3.0,1,10.0,1084.0,542.0,43.0,29.0,1.0,5.0,1320.0,22.632527,88.464186,1,3.0,0,0,1,0,0,0,0,0.0,0,0,0,2.0,1,0,1.0,1,0,0,0,208.0,28,284.0,0.72
0.0,1575.0,3.0,1,10.0,1084.0,542.0,43.0,29.0,1.0,4.0,1221.0,22.632527,88.464186,1,5.0,0,0,0,0,1,0,0,0.0,0,0,0,2.0,1,0,1.0,1,0,0,0,208.0,28,284.0,0.7
0.0,3881.0,2.0,2,5.0,564.0,252.0,43.0,27.0,1.0,5.0,877.0,22.64271,88.466433,1,3.0,0,0,1,0,0,0,0,0.0,0,0,0,2.0,1,0,1.0,1,0,0,0,208.0,28,284.0,0.27
0.0,1501.0,3.0,1,5.0,152.0,503.0,43.0,18.0,1.0,2.0,1143.0,22.647651,88.46087,1,4.0,0,0,0,1,0,0,0,0.0,0,0,0,2.0,1,0,2.0,0,1,0,0,205.0,26,230.0,0.45
0.0,1655.0,3.0,2,5.0,564.0,542.0,43.0,27.0,1.0,4.0,1102.0,22.64271,88.466433,1,3.0,0,0,1,0,0,0,0,0.0,0,0,0,2.0,1,0,1.0,1,0,0,0,208.0,28,284.0,0.42
0.0,569.0,3.0,1,5.0,152.0,542.0,43.0,18.0,1.0,2.0,1143.0,22.647651,88.46087,1,4.0,0,0,0,1,0,0,0,0.0,0,0,0,2.0,1,0,1.0,1,0,0,0,205.0,28,284.0,0.45
0.0,347.0,3.0,2,5.0,564.0,542.0,43.0,35.0,1.0,4.0,1100.0,22.6006912,88.4694535,1,1.0,1,0,0,0,0,0,0,0.0,0,0,0,2.0,1,0,1.0,1,0,0,0,185.0,28,284.0,0.41
0.0,3734.0,2.0,2,5.0,564.0,252.0,43.0,27.0,1.0,4.0,860.0,22.64271,88.466433,1,5.0,0,0,0,0,1,0,0,0.0,0,0,0,2.0,1,0,1.0,1,0,0,0,208.0,28,284.0,0.295
0.0,2742.0,4.0,2,6.0,694.0,724.0,43.0,49.0,2.0,6.0,1701.0,22.603695,88.4142122,1,5.0,0,0,0,0,1,0,0,0.0,0,0,0,2.0,1,0,2.0,0,1,0,0,74.0,26,370.0,0.88
0.0,3539.0,2.0,2,5.0,564.0,252.0,43.0,35.0,1.0,1.0,875.0,22.6006912,88.4694535,1,7.0,0,0,0,0,0,0,0,0.0,0,0,0,2.0,1,0,1.0,1,0,0,0,185.0,28,284.0,0.2951
0.0,4002.0,3.0,2,5.0,151.0,542.0,43.0,7.0,1.0,3.0,1250.0,22.638817,88.472984,1,1.0,1,0,0,0,0,0,0,0.0,0,0,0,2.0,1,0,1.0,1,0,0,0,18.0,28,284.0,0.43
0.0,1189.0,2.0,2,5.0,564.0,252.0,43.0,27.0,1.0,4.0,860.0,22.64271,88.466433,1,1.0,1,0,0,0,0,0,0,0.0,0,0,0,2.0,1,0,1.0,1,0,0,0,208.0,28,284.0,0.29
0.0,853.0,3.0,2,10.0,1084.0,542.0,43.0,29.0,1.0,4.0,1221.0,22.632527,88.464186,1,6.0,0,0,0,0,0,1,0,0.0,0,0,0,2.0,1,0,1.0,1,0,0,0,208.0,28,284.0,0.7
0.0,4012.0,3.0,1,5.0,152.0,542.0,43.0,23.0,1.0,2.0,1141.0,22.645529,88.460705,1,4.0,0,0,0,1,0,0,0,0.0,0,0,0,2.0,1,0,1.0,1,0,0,0,205.0,28,284.0,0.45
0.0,2683.0,2.0,1,4.0,949.0,248.0,43.0,49.0,1.0,4.0,884.0,22.495552,88.40255,1,6.0,0,0,0,0,0,1,0,0.0,0,0,0,2.0,1,0,3.0,0,0,1,0,188.0,27,276.0,0.4
0.0,940.0,2.0,6,3.0,342.0,113.0,43.0,22.0,1.0,2.0,705.0,22.448466,88.3749395,1,8.0,0,0,0,0,0,0,1,0.0,0,0,0,2.0,1,0,3.0,0,0,1,0,74.0,27,74.0,0.275
0.0,2362.0,2.0,1,3.0,1353.0,218.0,43.0,34.0,1.0,2.0,742.0,22.48234,88.41252,1,6.0,0,0,0,0,0,1,0,0.0,0,0,0,2.0,1,0,3.0,0,0,1,0,77.0,27,236.0,0.29
0.0,678.0,1.0,1,12.0,524.0,9.0,42.0,15.0,1.0,0.0,402.0,22.4978086,88.3093517,1,1.0,1,0,0,0,0,0,0,3.0,0,0,1,2.0,1,0,3.0,0,0,1,0,137.0,27,55.0,0.1375
0.0,2344.0,2.0,1,4.0,1363.0,218.0,43.0,34.0,1.0,3.0,961.0,22.48234,88.41252,1,5.0,0,0,0,0,1,0,0,0.0,0,0,0,2.0,1,0,3.0,0,0,1,0,77.0,27,236.0,0.3843999999999999
0.0,521.0,3.0,1,3.0,1339.0,507.0,43.0,34.0,2.0,3.0,1156.0,22.48234,88.41252,1,6.0,0,0,0,0,0,1,0,0.0,0,0,0,2.0,1,0,3.0,0,0,1,0,77.0,27,236.0,0.445
0.0,2351.0,3.0,1,4.0,1346.0,507.0,43.0,34.0,1.0,2.0,1283.0,22.48234,88.41252,1,3.0,0,0,1,0,0,0,0,0.0,0,0,0,2.0,1,0,3.0,0,0,1,0,77.0,27,236.0,0.526
0.0,2069.0,3.0,1,4.0,1345.0,507.0,43.0,34.0,1.0,3.0,1277.0,22.48234,88.41252,1,6.0,0,0,0,0,0,1,0,0.0,0,0,0,2.0,1,0,3.0,0,0,1,0,77.0,27,236.0,0.5235
0.0,2804.0,3.0,1,4.0,1344.0,507.0,43.0,34.0,1.0,3.0,1250.0,22.48234,88.41252,1,4.0,0,0,0,1,0,0,0,0.0,0,0,0,2.0,1,0,3.0,0,0,1,0,77.0,27,236.0,0.5125
0.0,2352.0,2.0,1,3.0,1332.0,218.0,43.0,34.0,1.0,1.0,1006.0,22.48234,88.41252,1,3.0,0,0,1,0,0,0,0,0.0,0,0,0,2.0,1,0,3.0,0,0,1,0,77.0,27,236.0,0.3873
0.0,2800.0,3.0,1,3.0,1342.0,507.0,43.0,34.0,1.0,3.0,1170.0,22.48234,88.41252,1,3.0,0,0,1,0,0,0,0,0.0,0,0,0,2.0,1,0,3.0,0,0,1,0,77.0,27,236.0,0.4503999999999999
0.0,2356.0,3.0,1,4.0,1341.0,507.0,43.0,34.0,1.0,2.0,1163.0,22.48234,88.41252,1,3.0,0,0,1,0,0,0,0,0.0,0,0,0,2.0,1,0,3.0,0,0,1,0,77.0,27,236.0,0.4534
0.0,520.0,3.0,1,3.0,1337.0,507.0,43.0,34.0,1.0,2.0,1101.0,22.48234,88.41252,1,4.0,0,0,0,1,0,0,0,0.0,0,0,0,2.0,1,0,3.0,0,0,1,0,77.0,27,236.0,0.4289
0.0,2802.0,3.0,5,3.0,1333.0,507.0,45.0,34.0,1.0,1.0,1059.0,22.48234,88.41252,1,4.0,0,0,0,1,0,0,0,0.0,0,0,0,2.0,1,0,3.0,0,0,1,0,77.0,27,236.0,0.4451
0.0,2801.0,3.0,1,4.0,1340.0,507.0,43.0,34.0,1.0,3.0,1160.0,22.48234,88.41252,1,3.0,0,0,1,0,0,0,0,0.0,0,0,0,2.0,1,0,3.0,0,0,1,0,77.0,27,236.0,0.4479999999999999
0.0,2347.0,2.0,2,3.0,1360.0,218.0,43.0,34.0,0.0,3.0,949.0,22.48234,88.41252,1,4.0,0,0,0,1,0,0,0,0.0,0,0,0,2.0,1,0,3.0,0,0,1,0,77.0,27,236.0,0.32
0.0,2358.0,2.0,1,3.0,1357.0,218.0,43.0,34.0,1.0,2.0,817.0,22.48234,88.41252,1,4.0,0,0,0,1,0,0,0,0.0,0,0,0,2.0,1,0,3.0,0,0,1,0,77.0,27,236.0,0.3268
0.0,1598.0,2.0,1,4.0,768.0,287.0,43.0,25.0,1.0,3.0,832.0,22.706118,88.368546,1,3.0,0,0,1,0,0,0,0,0.0,0,0,0,2.0,1,0,2.0,0,1,0,0,200.0,26,335.0,0.255
0.0,2717.0,2.0,1,4.0,768.0,287.0,43.0,25.0,1.0,2.0,844.0,22.706118,88.368546,1,3.0,0,0,1,0,0,0,0,0.0,0,0,0,2.0,1,0,2.0,0,1,0,0,200.0,26,335.0,0.259
0.0,1603.0,3.0,1,4.0,1387.0,568.0,43.0,25.0,2.0,2.0,1046.0,22.706118,88.368546,1,3.0,0,0,1,0,0,0,0,0.0,0,0,0,2.0,1,0,2.0,0,1,0,0,200.0,26,335.0,0.3492
0.0,1933.0,2.0,1,4.0,769.0,287.0,43.0,25.0,1.0,3.0,821.0,22.706118,88.368546,1,4.0,0,0,0,1,0,0,0,0.0,0,0,0,2.0,1,0,2.0,0,1,0,0,200.0,26,335.0,0.2521
0.0,2466.0,2.0,1,4.0,1315.0,287.0,43.0,25.0,1.0,0.0,870.0,22.706118,88.368546,1,3.0,0,0,1,0,0,0,0,1.0,1,0,0,2.0,1,0,2.0,0,1,0,0,200.0,26,335.0,0.2225
0.0,1932.0,1.0,1,4.0,777.0,50.0,43.0,24.0,1.0,0.0,532.0,22.712215,88.36987,1,4.0,0,0,0,1,0,0,0,0.0,0,0,0,2.0,1,0,2.0,0,1,0,0,200.0,26,335.0,0.15
0.0,3560.0,2.0,1,4.0,768.0,287.0,43.0,23.0,1.0,0.0,665.0,22.710316,88.36881,1,1.0,1,0,0,0,0,0,0,0.0,0,0,0,2.0,1,0,2.0,0,1,0,0,200.0,26,335.0,0.1825
0.0,1602.0,2.0,1,4.0,1314.0,287.0,43.0,23.0,1.0,0.0,699.0,22.710316,88.36881,1,3.0,0,0,1,0,0,0,0,0.0,0,0,0,2.0,1,0,2.0,0,1,0,0,200.0,26,335.0,0.1875
0.0,2349.0,2.0,1,2.0,1356.0,218.0,43.0,25.0,0.0,0.0,776.0,22.487628,88.4184234,1,4.0,0,0,0,1,0,0,0,0.0,0,0,0,2.0,1,0,3.0,0,0,1,0,188.0,27,236.0,0.2949
0.0,2361.0,2.0,1,3.0,1352.0,218.0,43.0,29.0,1.0,3.0,740.0,22.4860331,88.4160005,1,6.0,0,0,0,0,0,1,0,0.0,0,0,0,2.0,1,0,3.0,0,0,1,0,188.0,27,236.0,0.2811
0.0,2360.0,3.0,1,4.0,1335.0,507.0,43.0,34.0,1.0,1.0,1072.0,22.48234,88.41252,1,8.0,0,0,0,0,0,0,1,0.0,0,0,0,2.0,1,0,3.0,0,0,1,0,77.0,27,236.0,0.4132
0.0,2350.0,2.0,1,4.0,1347.0,218.0,43.0,32.0,0.0,3.0,636.0,22.4804555,88.4149284,1,1.0,1,0,0,0,0,0,0,0.0,0,0,0,2.0,1,0,3.0,0,0,1,0,77.0,27,236.0,0.2544
0.0,2355.0,3.0,1,4.0,1338.0,507.0,43.0,32.0,1.0,1.0,1142.0,22.4802797,88.4151585,1,3.0,0,0,1,0,0,0,0,0.0,0,0,0,2.0,1,0,3.0,0,0,1,0,77.0,27,236.0,0.4458
0.0,518.0,2.0,1,3.0,1355.0,218.0,43.0,27.0,1.0,3.0,774.0,22.4819989,88.4156037,1,4.0,0,0,0,1,0,0,0,0.0,0,0,0,2.0,1,0,3.0,0,0,1,0,189.0,27,236.0,0.2942
0.0,1308.0,3.0,1,4.0,1343.0,487.0,43.0,47.0,1.0,4.0,1240.0,22.501139,88.406038,1,6.0,0,0,0,0,0,1,0,0.0,0,0,0,2.0,1,0,3.0,0,0,1,0,188.0,27,197.0,0.8
0.0,1307.0,3.0,1,4.0,1343.0,465.0,43.0,50.0,1.0,1.0,1240.0,22.4982976,88.394025,1,4.0,0,0,0,1,0,0,0,0.0,0,0,0,2.0,1,0,3.0,0,0,1,0,192.0,27,169.0,0.8
0.0,2359.0,2.0,1,3.0,1354.0,218.0,43.0,34.0,1.0,2.0,743.0,22.48234,88.41252,1,6.0,0,0,0,0,0,1,0,0.0,0,0,0,2.0,1,0,3.0,0,0,1,0,77.0,27,236.0,0.2853
0.0,1702.0,2.0,1,4.0,1390.0,287.0,43.0,25.0,1.0,1.0,820.0,22.706404,88.368744,1,6.0,0,0,0,0,0,1,0,0.0,0,0,0,2.0,1,0,2.0,0,1,0,0,200.0,26,335.0,0.2692
0.0,3660.0,3.0,1,4.0,1390.0,568.0,43.0,25.0,2.0,1.0,1045.0,22.706404,88.368744,1,5.0,0,0,0,0,1,0,0,0.0,0,0,0,2.0,1,0,2.0,0,1,0,0,200.0,26,335.0,0.344
0.0,2485.0,2.0,1,4.0,1388.0,287.0,43.0,25.0,1.0,1.0,845.0,22.706404,88.368744,1,1.0,1,0,0,0,0,0,0,0.0,0,0,0,2.0,1,0,2.0,0,1,0,0,200.0,26,335.0,0.2769
0.0,3192.0,2.0,1,4.0,1390.0,287.0,43.0,25.0,1.0,4.0,820.0,22.706404,88.368744,1,5.0,0,0,0,0,1,0,0,0.0,0,0,0,2.0,1,0,2.0,0,1,0,0,200.0,26,335.0,0.2692
0.0,2728.0,3.0,1,4.0,1390.0,568.0,43.0,25.0,2.0,4.0,1045.0,22.706404,88.368744,1,5.0,0,0,0,0,1,0,0,0.0,0,0,0,2.0,1,0,2.0,0,1,0,0,200.0,26,335.0,0.344
0.0,3563.0,2.0,1,4.0,1390.0,287.0,43.0,25.0,1.0,2.0,850.0,22.706236,88.36889,1,1.0,1,0,0,0,0,0,0,0.0,0,0,0,2.0,1,0,2.0,0,1,0,0,200.0,26,335.0,0.2785
0.0,2484.0,2.0,1,4.0,1390.0,287.0,43.0,25.0,1.0,3.0,850.0,22.706709,88.368866,1,1.0,1,0,0,0,0,0,0,0.0,0,0,0,2.0,1,0,2.0,0,1,0,0,200.0,26,335.0,0.2828
0.0,2726.0,2.0,1,4.0,1390.0,287.0,43.0,25.0,1.0,2.0,820.0,22.706709,88.368866,1,5.0,0,0,0,0,1,0,0,0.0,0,0,0,2.0,1,0,2.0,0,1,0,0,200.0,26,335.0,0.2692
0.0,3374.0,3.0,1,4.0,1388.0,568.0,43.0,25.0,2.0,2.0,1045.0,22.706236,88.36889,1,5.0,0,0,0,0,1,0,0,0.0,0,0,0,2.0,1,0,2.0,0,1,0,0,200.0,26,335.0,0.344
0.0,2346.0,2.0,1,4.0,1359.0,218.0,43.0,27.0,1.0,3.0,829.0,22.4819989,88.4156037,1,7.0,0,0,0,0,0,0,0,0.0,0,0,0,2.0,1,0,3.0,0,0,1,0,189.0,27,236.0,0.3308
0.0,2357.0,2.0,1,2.0,1351.0,218.0,43.0,34.0,1.0,1.0,717.0,22.48234,88.41252,1,3.0,0,0,1,0,0,0,0,0.0,0,0,0,2.0,1,0,3.0,0,0,1,0,77.0,27,236.0,0.2725
0.0,3817.0,1.0,1,4.0,1390.0,50.0,43.0,25.0,1.0,2.0,570.0,22.706638,88.36882,1,8.0,0,0,0,0,0,0,1,0.0,0,0,0,2.0,1,0,2.0,0,1,0,0,200.0,26,335.0,0.1896
0.0,2487.0,2.0,1,4.0,1388.0,287.0,43.0,25.0,1.0,2.0,820.0,22.706638,88.36882,1,6.0,0,0,0,0,0,1,0,0.0,0,0,0,2.0,1,0,2.0,0,1,0,0,200.0,26,335.0,0.2733
0.0,867.0,3.0,1,4.0,1388.0,568.0,43.0,25.0,2.0,1.0,1045.0,22.706482,88.368835,1,1.0,1,0,0,0,0,0,0,0.0,0,0,0,2.0,1,0,2.0,0,1,0,0,200.0,26,335.0,0.3452
0.0,2727.0,2.0,1,4.0,1388.0,287.0,43.0,25.0,1.0,1.0,850.0,22.706638,88.36882,1,3.0,0,0,1,0,0,0,0,0.0,0,0,0,2.0,1,0,2.0,0,1,0,0,200.0,26,335.0,0.2827
0.0,3562.0,2.0,1,4.0,1328.0,287.0,43.0,25.0,1.0,0.0,870.0,22.706482,88.368835,1,3.0,0,0,1,0,0,0,0,1.0,1,0,0,2.0,1,0,2.0,0,1,0,0,200.0,26,335.0,0.2275
0.0,2192.0,2.0,1,4.0,1021.0,287.0,42.0,25.0,1.0,0.0,770.0,22.69924,88.38115,1,3.0,0,0,1,0,0,0,0,1.0,1,0,0,2.0,1,0,2.0,0,1,0,0,200.0,26,335.0,0.2575
0.0,756.0,2.0,1,4.0,1021.0,287.0,42.0,25.0,1.0,0.0,755.0,22.706314,88.37029,1,5.0,0,0,0,0,1,0,0,1.0,1,0,0,2.0,1,0,2.0,0,1,0,0,200.0,26,335.0,0.2528
0.0,2348.0,2.0,1,4.0,1348.0,218.0,43.0,34.0,0.0,2.0,667.0,22.48234,88.41252,1,1.0,1,0,0,0,0,0,0,0.0,0,0,0,2.0,1,0,3.0,0,0,1,0,77.0,27,236.0,0.2668
0.0,2345.0,3.0,1,4.0,1336.0,507.0,43.0,30.0,1.0,4.0,1095.0,22.48304,88.41451,1,1.0,1,0,0,0,0,0,0,0.0,0,0,0,2.0,1,0,3.0,0,0,1,0,189.0,27,236.0,0.4435
0.0,2343.0,3.0,1,4.0,1361.0,507.0,43.0,30.0,1.0,3.0,952.0,22.48304,88.41451,1,6.0,0,0,0,0,0,1,0,0.0,0,0,0,2.0,1,0,3.0,0,0,1,0,189.0,27,236.0,0.3854999999999999
0.0,1115.0,2.0,1,4.0,1349.0,218.0,43.0,30.0,1.0,3.0,692.0,22.48304,88.41451,1,6.0,0,0,0,0,0,1,0,0.0,0,0,0,2.0,1,0,3.0,0,0,1,0,189.0,27,236.0,0.2768
0.0,2353.0,2.0,1,3.0,1358.0,218.0,43.0,26.0,1.0,2.0,819.0,22.484125,88.41665,1,3.0,0,0,1,0,0,0,0,0.0,0,0,0,2.0,1,0,3.0,0,0,1,0,188.0,27,236.0,0.3279999999999999
0.0,2818.0,3.0,5,3.0,1334.0,507.0,45.0,34.0,1.0,2.0,1060.0,22.48234,88.41252,1,4.0,0,0,0,1,0,0,0,0.0,0,0,0,2.0,1,0,3.0,0,0,1,0,77.0,27,236.0,0.4452
0.0,2354.0,2.0,2,3.0,1362.0,218.0,43.0,34.0,0.0,3.0,955.0,22.48234,88.41252,1,4.0,0,0,0,1,0,0,0,0.0,0,0,0,2.0,1,0,3.0,0,0,1,0,77.0,27,236.0,0.32
0.0,2718.0,3.0,5,4.0,812.0,568.0,45.0,25.0,1.0,2.0,1070.0,22.69924,88.38115,1,1.0,1,0,0,0,0,0,0,0.0,0,0,0,2.0,1,0,2.0,0,1,0,0,200.0,26,335.0,0.3226
0.0,2486.0,3.0,5,4.0,1389.0,568.0,45.0,25.0,1.0,3.0,1045.0,22.69924,88.38115,1,1.0,1,0,0,0,0,0,0,0.0,0,0,0,2.0,1,0,2.0,0,1,0,0,200.0,26,335.0,0.3492
0.0,3561.0,2.0,5,4.0,812.0,287.0,45.0,25.0,1.0,2.0,881.0,22.69924,88.38115,1,1.0,1,0,0,0,0,0,0,0.0,0,0,0,2.0,1,0,2.0,0,1,0,0,200.0,26,335.0,0.2691
0.0,3178.0,2.0,6,4.0,1021.0,287.0,42.0,25.0,1.0,0.0,770.0,22.69924,88.38115,1,1.0,1,0,0,0,0,0,0,0.0,0,0,0,2.0,1,0,2.0,0,1,0,0,200.0,26,335.0,0.2575
0.0,3659.0,3.0,5,4.0,1094.0,568.0,45.0,25.0,1.0,2.0,1158.0,22.69924,88.38115,1,1.0,1,0,0,0,0,0,0,0.0,0,0,0,2.0,1,0,2.0,0,1,0,0,200.0,26,335.0,0.4079
0.0,2719.0,1.0,5,4.0,816.0,50.0,45.0,25.0,1.0,0.0,532.0,22.69924,88.38115,1,0.0,0,0,0,0,0,0,0,3.0,0,0,1,2.0,1,0,2.0,0,1,0,0,200.0,26,335.0,0.1762
0.0,2725.0,2.0,5,4.0,1389.0,287.0,45.0,25.0,1.0,3.0,850.0,22.69924,88.38115,1,0.0,0,0,0,0,0,0,0,3.0,0,0,1,2.0,1,0,2.0,0,1,0,0,200.0,26,335.0,0.2827
0.0,1601.0,2.0,1,4.0,1021.0,287.0,42.0,25.0,1.0,4.0,772.0,22.69924,88.38115,1,2.0,0,1,0,0,0,0,0,3.0,0,0,1,2.0,1,0,2.0,0,1,0,0,200.0,26,335.0,0.285
0.0,2363.0,3.0,1,4.0,1343.0,435.0,43.0,50.0,1.0,1.0,1240.0,22.5019444,88.4020459,1,4.0,0,0,0,1,0,0,0,0.0,0,0,0,2.0,1,0,3.0,0,0,1,0,188.0,27,116.0,0.79
0.0,4168.0,2.672021502414428,0,3.0,1727.0,783.0,46.0,12.0,1.2297135143990388,3.753961788353753,720.0,22.4439029807,88.2978736068,1,0.0,0,0,0,0,0,0,0,3.0,0,0,1,3.0,0,1,3.0,0,0,1,0,41.0,27,166.0,0.0285
0.0,2912.0,2.672021502414428,0,3.0,1727.0,783.0,31.0,12.0,1.2297135143990388,3.753961788353753,2880.0,22.4439029807,88.2978736068,1,8.0,0,0,0,0,0,0,1,3.0,0,0,1,3.0,0,1,3.0,0,0,1,0,41.0,27,166.0,0.0559999999999999
0.0,2221.0,2.672021502414428,0,3.0,1724.0,794.0,43.0,15.0,1.2297135143990388,3.753961788353753,1080.0,22.4606071,88.3129969,1,4.0,0,0,0,1,0,0,0,3.0,0,0,1,3.0,0,1,3.0,0,0,1,0,274.0,27,355.0,0.0484999999999999
0.0,2996.0,1.0,2,17.0,83.0,13.0,43.0,49.0,1.0,15.0,565.0,22.485966,88.396453,1,8.0,0,0,0,0,0,0,1,0.0,0,0,0,2.0,1,0,3.0,0,0,1,0,88.0,27,82.0,0.25
0.0,3243.0,3.0,1,4.0,762.0,388.0,42.0,15.0,1.0,2.0,1070.0,22.36686,88.43711,1,6.0,0,0,0,0,0,1,0,0.0,0,0,0,2.0,1,0,3.0,0,0,1,0,32.0,27,52.0,0.353
0.0,1298.0,2.0,6,14.0,590.0,223.0,42.0,15.0,1.0,2.0,1240.0,22.5936264,88.4766028,1,1.0,1,0,0,0,0,0,0,0.0,0,0,0,2.0,1,0,1.0,1,0,0,0,140.0,28,242.0,0.89
0.0,2675.0,3.0,6,17.0,778.0,525.0,42.0,12.0,2.0,12.0,1469.0,22.614686,88.390668,1,6.0,0,0,0,0,0,1,0,0.0,0,0,0,2.0,1,0,2.0,0,1,0,0,132.0,26,258.0,1.05
0.0,820.0,3.0,1,17.0,778.0,525.0,42.0,12.0,2.0,10.0,1523.0,22.614686,88.390668,1,1.0,1,0,0,0,0,0,0,0.0,0,0,0,2.0,1,0,2.0,0,1,0,0,132.0,26,258.0,1.1
0.0,3677.0,4.0,1,17.0,778.0,699.0,42.0,12.0,2.0,4.0,1947.0,22.614686,88.390668,1,8.0,0,0,0,0,0,0,1,0.0,0,0,0,2.0,1,0,2.0,0,1,0,0,132.0,26,258.0,1.34
0.0,1823.0,3.0,1,17.0,778.0,525.0,42.0,12.0,2.0,5.0,1463.0,22.614686,88.390668,1,1.0,1,0,0,0,0,0,0,0.0,0,0,0,2.0,1,0,2.0,0,1,0,0,132.0,26,258.0,1.03
0.0,1878.0,4.0,5,20.0,1069.0,695.0,44.0,7.0,2.0,17.0,2350.0,22.570637,88.4617767,1,3.0,0,0,1,0,0,0,0,0.0,0,0,0,2.0,1,0,1.0,1,0,0,0,146.0,28,242.0,2.55
0.0,1879.0,4.0,5,20.0,1069.0,695.0,44.0,7.0,2.0,18.0,2050.0,22.570637,88.4617767,1,4.0,0,0,0,1,0,0,0,0.0,0,0,0,2.0,1,0,1.0,1,0,0,0,146.0,28,242.0,2.1
0.0,2274.0,3.0,5,20.0,1069.0,513.0,44.0,7.0,2.0,18.0,1900.0,22.570637,88.4617767,1,3.0,0,0,1,0,0,0,0,0.0,0,0,0,2.0,1,0,1.0,1,0,0,0,146.0,28,242.0,2.0
0.0,1538.0,3.0,5,20.0,1069.0,513.0,44.0,7.0,1.0,18.0,1250.0,22.570637,88.4617767,1,6.0,0,0,0,0,0,1,0,0.0,0,0,0,2.0,1,0,1.0,1,0,0,0,146.0,28,242.0,1.3
0.0,1300.0,4.0,6,14.0,590.0,695.0,42.0,15.0,1.0,2.0,2490.0,22.5935271,88.4771723,1,0.0,0,0,0,0,0,0,0,0.0,0,0,0,2.0,1,0,1.0,1,0,0,0,140.0,28,242.0,2.15
0.0,1299.0,3.0,6,14.0,590.0,513.0,42.0,15.0,1.0,2.0,1310.0,22.5935333,88.4771772,1,1.0,1,0,0,0,0,0,0,0.0,0,0,0,2.0,1,0,1.0,1,0,0,0,140.0,28,242.0,1.14
0.0,3397.0,3.0,1,21.0,369.0,513.0,43.0,35.0,2.0,20.0,1522.0,22.6006912,88.4694535,1,1.0,1,0,0,0,0,0,0,0.0,0,0,0,2.0,1,0,1.0,1,0,0,0,185.0,28,242.0,1.0
0.0,3000.0,1.0,1,4.0,949.0,1.0,43.0,11.0,1.0,1.0,436.0,22.5699357,88.5100955,1,0.0,0,0,0,0,0,0,0,0.0,0,0,0,2.0,1,0,1.0,1,0,0,0,10.0,28,6.0,0.2245
0.0,1807.0,3.0,1,14.0,1533.0,358.0,43.0,11.0,1.0,5.0,901.0,22.5701926,88.5100398,1,1.0,1,0,0,0,0,0,0,0.0,0,0,0,2.0,1,0,1.0,1,0,0,0,10.0,28,6.0,0.56
0.0,2519.0,3.0,1,14.0,1533.0,358.0,43.0,11.0,1.0,6.0,901.0,22.5701926,88.5100398,1,0.0,0,0,0,0,0,0,0,0.0,0,0,0,2.0,1,0,1.0,1,0,0,0,10.0,28,6.0,0.561
0.0,2514.0,3.0,1,14.0,949.0,358.0,43.0,11.0,1.0,5.0,901.0,22.5701926,88.5100398,1,0.0,0,0,0,0,0,0,0,0.0,0,0,0,2.0,1,0,1.0,1,0,0,0,10.0,28,6.0,0.5595
0.0,2124.0,3.0,1,14.0,949.0,358.0,43.0,11.0,1.0,6.0,901.0,22.5701926,88.5100398,1,0.0,0,0,0,0,0,0,0,0.0,0,0,0,2.0,1,0,1.0,1,0,0,0,10.0,28,6.0,0.5615
0.0,2891.0,1.0,1,4.0,1533.0,1.0,43.0,11.0,1.0,2.0,437.0,22.5730323,88.5078391,1,0.0,0,0,0,0,0,0,0,0.0,0,0,0,2.0,1,0,1.0,1,0,0,0,10.0,28,6.0,0.2251
0.0,2123.0,1.0,1,4.0,949.0,1.0,43.0,11.0,1.0,2.0,437.0,22.5730587,88.5077712,1,1.0,1,0,0,0,0,0,0,0.0,0,0,0,2.0,1,0,1.0,1,0,0,0,10.0,28,6.0,0.222
0.0,683.0,1.0,1,4.0,1533.0,1.0,43.0,11.0,1.0,1.0,437.0,22.5727479,88.508621,1,0.0,0,0,0,0,0,0,0,0.0,0,0,0,2.0,1,0,1.0,1,0,0,0,10.0,28,6.0,0.225
0.0,3809.0,1.0,1,4.0,949.0,1.0,43.0,11.0,1.0,1.0,437.0,22.5710794,88.5095732,1,1.0,1,0,0,0,0,0,0,0.0,0,0,0,2.0,1,0,1.0,1,0,0,0,10.0,28,6.0,0.22
0.0,3913.0,3.0,1,14.0,949.0,358.0,43.0,26.0,1.0,2.0,901.0,22.498705,88.41619,1,4.0,0,0,0,1,0,0,0,0.0,0,0,0,2.0,1,0,1.0,1,0,0,0,179.0,28,6.0,0.56
0.0,3011.0,1.0,1,4.0,949.0,1.0,43.0,26.0,1.0,2.0,480.0,22.498705,88.41619,1,4.0,0,0,0,1,0,0,0,0.0,0,0,0,2.0,1,0,1.0,1,0,0,0,179.0,28,6.0,0.22
0.0,680.0,1.0,1,4.0,949.0,1.0,43.0,26.0,1.0,4.0,480.0,22.498705,88.41619,1,5.0,0,0,0,0,1,0,0,0.0,0,0,0,2.0,1,0,1.0,1,0,0,0,179.0,28,6.0,0.17
0.0,1637.0,1.0,1,4.0,949.0,1.0,43.0,26.0,1.0,4.0,480.0,22.498705,88.41619,1,1.0,1,0,0,0,0,0,0,0.0,0,0,0,2.0,1,0,1.0,1,0,0,0,179.0,28,6.0,0.1699
0.0,2890.0,1.0,1,4.0,1533.0,1.0,43.0,11.0,1.0,2.0,480.0,22.569,88.510296,1,0.0,0,0,0,0,0,0,0,0.0,0,0,0,2.0,1,0,1.0,1,0,0,0,10.0,28,6.0,0.22
0.0,1805.0,3.0,1,14.0,1533.0,358.0,43.0,11.0,1.0,2.0,901.0,22.569305,88.510345,1,6.0,0,0,0,0,0,1,0,0.0,0,0,0,2.0,1,0,1.0,1,0,0,0,10.0,28,6.0,0.56
0.0,2515.0,1.0,1,4.0,1533.0,1.0,43.0,11.0,1.0,3.0,480.0,22.569,88.510296,1,8.0,0,0,0,0,0,0,1,0.0,0,0,0,2.0,1,0,1.0,1,0,0,0,10.0,28,6.0,0.18
0.0,1640.0,1.0,1,4.0,1533.0,1.0,43.0,11.0,1.0,4.0,480.0,22.569,88.510296,1,4.0,0,0,0,1,0,0,0,0.0,0,0,0,2.0,1,0,1.0,1,0,0,0,10.0,28,6.0,0.17
0.0,3003.0,1.0,1,4.0,1533.0,1.0,43.0,11.0,1.0,1.0,480.0,22.569,88.510296,1,7.0,0,0,0,0,0,0,0,0.0,0,0,0,2.0,1,0,1.0,1,0,0,0,10.0,28,6.0,0.221
0.0,3453.0,1.0,1,4.0,1533.0,1.0,43.0,11.0,1.0,1.0,480.0,22.569,88.510296,1,8.0,0,0,0,0,0,0,1,0.0,0,0,0,2.0,1,0,1.0,1,0,0,0,10.0,28,6.0,0.22
0.0,3387.0,3.0,1,14.0,1533.0,358.0,43.0,11.0,1.0,9.0,900.0,22.569,88.510296,1,0.0,0,0,0,0,0,0,0,0.0,0,0,0,2.0,1,0,1.0,1,0,0,0,10.0,28,6.0,0.56
0.0,3132.0,2.0,1,33.0,440.0,223.0,42.0,15.0,2.0,1.0,1000.0,22.567095,88.51997,1,6.0,0,0,0,0,0,1,0,2.0,0,1,0,2.0,1,0,1.0,1,0,0,0,263.0,28,242.0,0.8
0.0,1772.0,3.0,1,33.0,440.0,513.0,42.0,15.0,2.0,23.0,1750.0,22.6006912,88.4694535,1,8.0,0,0,0,0,0,0,1,2.0,0,1,0,2.0,1,0,1.0,1,0,0,0,263.0,28,242.0,1.26
0.0,982.0,3.0,1,33.0,440.0,513.0,42.0,15.0,2.0,11.0,1585.0,22.566692,88.51896,1,1.0,1,0,0,0,0,0,0,2.0,0,1,0,2.0,1,0,1.0,1,0,0,0,263.0,28,242.0,1.25
0.0,976.0,3.0,2,30.0,439.0,513.0,43.0,15.0,2.0,21.0,1809.0,22.6006912,88.4694535,1,5.0,0,0,0,0,1,0,0,0.0,0,0,0,2.0,1,0,1.0,1,0,0,0,254.0,28,242.0,1.1
0.0,3452.0,1.0,1,4.0,1533.0,1.0,43.0,11.0,1.0,1.0,437.0,22.569,88.510296,1,2.0,0,1,0,0,0,0,0,0.0,0,0,0,2.0,1,0,1.0,1,0,0,0,10.0,28,6.0,0.221
0.0,1806.0,3.0,1,14.0,1533.0,358.0,43.0,11.0,1.0,3.0,900.0,22.569,88.510296,1,1.0,1,0,0,0,0,0,0,0.0,0,0,0,2.0,1,0,1.0,1,0,0,0,10.0,28,6.0,0.5539999999999999
0.0,874.0,3.0,1,14.0,1533.0,358.0,43.0,11.0,1.0,2.0,900.0,22.569,88.510296,1,4.0,0,0,0,1,0,0,0,0.0,0,0,0,2.0,1,0,1.0,1,0,0,0,10.0,28,6.0,0.5556
0.0,2892.0,3.0,1,14.0,1533.0,358.0,43.0,10.0,1.0,2.0,900.0,22.569,88.510296,1,2.0,0,1,0,0,0,0,0,0.0,0,0,0,2.0,1,0,1.0,1,0,0,0,10.0,28,6.0,0.5550999999999999
0.0,1384.0,1.0,1,4.0,1533.0,1.0,43.0,11.0,1.0,1.0,437.0,22.569,88.510296,1,6.0,0,0,0,0,0,1,0,0.0,0,0,0,2.0,1,0,1.0,1,0,0,0,10.0,28,6.0,0.225
0.0,1638.0,1.0,1,4.0,1533.0,1.0,43.0,11.0,1.0,1.0,437.0,22.569,88.510296,1,1.0,1,0,0,0,0,0,0,0.0,0,0,0,2.0,1,0,1.0,1,0,0,0,10.0,28,6.0,0.22
0.0,3296.0,3.0,1,14.0,1533.0,358.0,43.0,11.0,1.0,1.0,900.0,22.569,88.510296,1,5.0,0,0,0,0,1,0,0,0.0,0,0,0,2.0,1,0,1.0,1,0,0,0,10.0,28,6.0,0.56
0.0,875.0,3.0,1,14.0,1533.0,358.0,43.0,11.0,1.0,1.0,900.0,22.569,88.510296,1,2.0,0,1,0,0,0,0,0,0.0,0,0,0,2.0,1,0,1.0,1,0,0,0,10.0,28,6.0,0.555
0.0,2893.0,3.0,1,14.0,1533.0,358.0,43.0,11.0,1.0,10.0,900.0,22.569,88.510296,1,7.0,0,0,0,0,0,0,0,0.0,0,0,0,2.0,1,0,1.0,1,0,0,0,10.0,28,6.0,0.55
0.0,2647.0,2.0,1,33.0,440.0,223.0,42.0,15.0,2.0,1.0,1000.0,22.56711,88.51997,1,1.0,1,0,0,0,0,0,0,0.0,0,0,0,2.0,1,0,1.0,1,0,0,0,263.0,28,242.0,0.82
0.0,1771.0,3.0,1,33.0,440.0,513.0,42.0,15.0,2.0,11.0,1585.0,22.6006912,88.4694535,1,5.0,0,0,0,0,1,0,0,2.0,0,1,0,2.0,1,0,1.0,1,0,0,0,263.0,28,242.0,1.25
0.0,2645.0,3.0,2,30.0,439.0,513.0,43.0,15.0,2.0,21.0,1809.0,22.567407,88.517945,1,3.0,0,0,1,0,0,0,0,0.0,0,0,0,2.0,1,0,1.0,1,0,0,0,254.0,28,242.0,1.1
0.0,808.0,3.0,1,33.0,440.0,513.0,42.0,15.0,2.0,5.0,1606.0,22.6006912,88.4694535,1,1.0,1,0,0,0,0,0,0,0.0,0,0,0,2.0,1,0,1.0,1,0,0,0,263.0,28,242.0,1.18
0.0,1270.0,3.0,2,3.0,950.0,365.0,43.0,36.0,1.0,3.0,1247.0,22.51446,88.4093,1,1.0,1,0,0,0,0,0,0,0.0,0,0,0,2.0,1,0,3.0,0,0,1,0,188.0,27,15.0,0.5
0.0,1606.0,3.0,3,4.0,1467.0,571.0,43.0,50.0,2.0,4.0,2000.0,22.5133969,88.356058,1,8.0,0,0,0,0,0,0,1,0.0,0,0,0,2.0,1,0,3.0,0,0,1,0,197.0,27,340.0,2.5
0.0,2731.0,3.0,2,5.0,1467.0,571.0,43.0,50.0,1.0,4.0,2200.0,22.5133969,88.356058,1,5.0,0,0,0,0,1,0,0,2.0,0,1,0,2.0,1,0,3.0,0,0,1,0,197.0,27,340.0,2.7
0.0,3417.0,4.0,6,23.0,102.0,695.0,42.0,15.0,2.0,8.0,3029.0,22.5807025,88.4617707,1,3.0,0,0,1,0,0,0,0,0.0,0,0,0,2.0,1,0,1.0,1,0,0,0,145.0,28,242.0,3.8
0.0,1978.0,2.0,1,4.0,655.0,255.0,43.0,24.0,1.0,2.0,747.0,22.448128,88.3914,1,7.0,0,0,0,0,0,0,0,0.0,0,0,0,2.0,1,0,3.0,0,0,1,0,74.0,27,288.0,0.2529
0.0,2882.0,3.0,1,4.0,1521.0,504.0,43.0,1.0,1.0,1.0,1136.0,22.425206,88.400764,1,4.0,0,0,0,1,0,0,0,3.0,0,0,1,2.0,1,0,3.0,0,0,1,0,292.0,27,231.0,0.3922
0.0,2881.0,2.0,1,4.0,1519.0,255.0,43.0,1.0,1.0,4.0,882.0,22.422591,88.395688,1,2.0,0,1,0,0,0,0,0,0.0,0,0,0,2.0,1,0,3.0,0,0,1,0,292.0,27,288.0,0.2958
0.0,2287.0,3.0,1,11.0,1120.0,504.0,43.0,1.0,1.0,7.0,1370.0,22.431361,88.396724,1,3.0,0,0,1,0,0,0,0,0.0,0,0,0,2.0,1,0,3.0,0,0,1,0,292.0,27,231.0,0.6528
0.0,1146.0,2.0,1,4.0,1119.0,215.0,42.0,10.0,1.0,3.0,900.0,22.43483,88.398326,1,3.0,0,0,1,0,0,0,0,0.0,0,0,0,2.0,1,0,3.0,0,0,1,0,243.0,27,231.0,0.3578
0.0,1986.0,2.0,1,4.0,1588.0,179.0,42.0,15.0,1.0,4.0,937.0,22.443479,88.389803,1,1.0,1,0,0,0,0,0,0,0.0,0,0,0,2.0,1,0,3.0,0,0,1,0,150.0,27,176.0,0.4667
0.0,1986.0,3.0,1,4.0,1588.0,471.0,42.0,15.0,1.0,1.0,1120.0,22.443479,88.389803,1,4.0,0,0,0,1,0,0,0,0.0,0,0,0,2.0,1,0,3.0,0,0,1,0,150.0,27,176.0,0.5489999999999999
0.0,2193.0,2.0,1,4.0,1022.0,288.0,43.0,8.0,1.0,3.0,770.0,22.437746,88.413284,1,3.0,0,0,1,0,0,0,0,0.0,0,0,0,2.0,1,0,3.0,0,0,1,0,213.0,27,336.0,0.231
0.0,1985.0,2.0,1,4.0,29.0,292.0,42.0,37.0,1.0,2.0,702.0,22.4736293,88.4073128,1,7.0,0,0,0,0,0,0,0,0.0,0,0,0,2.0,1,0,3.0,0,0,1,0,77.0,27,341.0,0.2946999999999999
0.0,1985.0,2.0,1,4.0,29.0,292.0,42.0,37.0,1.0,3.0,730.0,22.4736293,88.4073128,1,6.0,0,0,0,0,0,1,0,0.0,0,0,0,2.0,1,0,3.0,0,0,1,0,77.0,27,341.0,0.3051
0.0,1694.0,2.0,1,6.0,965.0,81.0,43.0,40.0,1.0,4.0,722.0,22.6094839,88.4413442,1,8.0,0,0,0,0,0,0,1,0.0,0,0,0,2.0,1,0,2.0,0,1,0,0,4.0,26,33.0,0.2025
0.0,663.0,3.0,1,15.0,1609.0,462.0,42.0,9.0,3.0,12.0,1128.0,22.440158,88.294329,1,3.0,0,0,1,0,0,0,0,0.0,0,0,0,2.0,1,0,3.0,0,0,1,0,119.0,27,166.0,0.62
0.0,662.0,3.0,1,15.0,1609.0,462.0,42.0,9.0,3.0,8.0,1128.0,22.440158,88.294329,1,3.0,0,0,1,0,0,0,0,0.0,0,0,0,2.0,1,0,3.0,0,0,1,0,119.0,27,166.0,0.66
0.0,659.0,3.0,1,15.0,1609.0,462.0,42.0,9.0,3.0,8.0,1129.0,22.440158,88.294329,1,5.0,0,0,0,0,1,0,0,0.0,0,0,0,2.0,1,0,3.0,0,0,1,0,119.0,27,166.0,0.64
0.0,661.0,3.0,1,15.0,1609.0,462.0,42.0,9.0,3.0,10.0,1128.0,22.440158,88.294329,1,0.0,0,0,0,0,0,0,0,0.0,0,0,0,2.0,1,0,3.0,0,0,1,0,119.0,27,166.0,0.64
0.0,660.0,3.0,1,15.0,1609.0,462.0,42.0,9.0,3.0,10.0,1128.0,22.440158,88.294329,1,1.0,1,0,0,0,0,0,0,0.0,0,0,0,2.0,1,0,3.0,0,0,1,0,119.0,27,166.0,0.63
0.0,14.0,3.0,1,15.0,1609.0,462.0,42.0,9.0,3.0,7.0,1228.0,22.440158,88.294329,1,0.0,0,0,0,0,0,0,0,3.0,0,0,1,2.0,1,0,3.0,0,0,1,0,119.0,27,166.0,0.66
0.0,3173.0,2.0,1,6.0,966.0,81.0,43.0,41.0,1.0,3.0,669.0,22.6150656,88.439303,1,2.0,0,1,0,0,0,0,0,0.0,0,0,0,2.0,1,0,2.0,0,1,0,0,1.0,26,33.0,0.195
0.0,4108.0,3.0,6,15.0,1108.0,462.0,42.0,15.0,1.0,7.0,1064.0,22.447584,88.299034,1,0.0,0,0,0,0,0,0,0,0.0,0,0,0,2.0,1,0,3.0,0,0,1,0,67.0,27,166.0,0.63
0.0,243.0,3.0,6,13.0,712.0,462.0,42.0,13.0,1.0,10.0,1285.0,22.447052,88.298067,1,4.0,0,0,0,1,0,0,0,0.0,0,0,0,2.0,1,0,3.0,0,0,1,0,41.0,27,166.0,0.82
0.0,651.0,2.0,2,14.0,995.0,302.0,43.0,15.0,1.0,6.0,1055.0,22.449368,88.30269,1,4.0,0,0,0,1,0,0,0,0.0,0,0,0,2.0,1,0,3.0,0,0,1,0,41.0,27,355.0,0.4
0.0,654.0,2.0,2,7.0,995.0,302.0,43.0,15.0,1.0,2.0,1055.0,22.451063,88.30302,1,4.0,0,0,0,1,0,0,0,3.0,0,0,1,2.0,1,0,3.0,0,0,1,0,213.0,27,355.0,0.38
0.0,652.0,3.0,2,14.0,995.0,581.0,43.0,16.0,1.0,10.0,1228.0,22.45136,88.30241,1,7.0,0,0,0,0,0,0,0,0.0,0,0,0,2.0,1,0,3.0,0,0,1,0,213.0,27,355.0,0.52
0.0,4106.0,3.0,2,14.0,995.0,581.0,43.0,16.0,2.0,8.0,1048.0,22.451277,88.30238,1,1.0,1,0,0,0,0,0,0,0.0,0,0,0,2.0,1,0,3.0,0,0,1,0,213.0,27,355.0,0.425
0.0,653.0,3.0,2,10.0,995.0,581.0,43.0,16.0,2.0,10.0,1055.0,22.451382,88.302444,1,3.0,0,0,1,0,0,0,0,0.0,0,0,0,2.0,1,0,3.0,0,0,1,0,213.0,27,355.0,0.39
0.0,650.0,2.0,2,4.0,995.0,302.0,43.0,15.0,1.0,2.0,837.0,22.451107,88.30293,1,1.0,1,0,0,0,0,0,0,1.0,1,0,0,2.0,1,0,3.0,0,0,1,0,213.0,27,355.0,0.32
0.0,2158.0,3.0,1,6.0,965.0,463.0,43.0,39.0,1.0,5.0,1128.0,22.6094632,88.4413343,1,6.0,0,0,0,0,0,1,0,0.0,0,0,0,2.0,1,0,2.0,0,1,0,0,4.0,26,167.0,0.3166
0.0,1695.0,2.0,1,5.0,965.0,173.0,43.0,46.0,1.0,1.0,800.0,22.6099464,88.4383282,1,4.0,0,0,0,1,0,0,0,0.0,0,0,0,2.0,1,0,2.0,0,1,0,0,3.0,26,167.0,0.22
0.0,1693.0,2.0,1,6.0,965.0,81.0,43.0,41.0,1.0,3.0,795.0,22.6150835,88.4392961,1,1.0,1,0,0,0,0,0,0,0.0,0,0,0,2.0,1,0,2.0,0,1,0,0,1.0,26,33.0,0.2226
0.0,819.0,3.0,6,23.0,738.0,513.0,42.0,9.0,1.0,18.0,1558.0,22.586413,88.486072,1,3.0,0,0,1,0,0,0,0,0.0,0,0,0,2.0,1,0,1.0,1,0,0,0,141.0,28,242.0,1.5
0.0,2269.0,3.0,6,18.0,1060.0,513.0,42.0,15.0,1.0,10.0,1054.0,22.582182,88.487992,1,3.0,0,0,1,0,0,0,0,0.0,0,0,0,2.0,1,0,1.0,1,0,0,0,234.0,28,242.0,1.1
0.0,3639.0,3.0,6,18.0,1060.0,513.0,42.0,15.0,1.0,10.0,1409.0,22.582182,88.487992,1,3.0,0,0,1,0,0,0,0,0.0,0,0,0,2.0,1,0,1.0,1,0,0,0,234.0,28,242.0,1.25
0.0,3980.0,3.0,6,23.0,102.0,513.0,42.0,15.0,3.0,18.0,2073.0,22.581199,88.461896,1,3.0,0,0,1,0,0,0,0,0.0,0,0,0,2.0,1,0,1.0,1,0,0,0,145.0,28,242.0,2.6
0.0,545.0,2.0,6,23.0,102.0,223.0,42.0,15.0,2.0,16.0,1244.0,22.581199,88.461896,1,3.0,0,0,1,0,0,0,0,0.0,0,0,0,2.0,1,0,1.0,1,0,0,0,145.0,28,242.0,1.4
0.0,544.0,1.0,6,23.0,102.0,42.0,42.0,15.0,1.0,12.0,923.0,22.581199,88.461896,1,3.0,0,0,1,0,0,0,0,0.0,0,0,0,2.0,1,0,1.0,1,0,0,0,145.0,28,242.0,0.88
0.0,3519.0,2.0,2,21.0,369.0,223.0,43.0,20.0,1.0,15.0,1257.0,22.579337,88.500056,1,3.0,0,0,1,0,0,0,0,0.0,0,0,0,2.0,1,0,1.0,1,0,0,0,196.0,28,242.0,0.73
0.0,3323.0,3.0,2,33.0,369.0,513.0,43.0,20.0,3.0,18.0,2010.0,22.579337,88.500056,1,3.0,0,0,1,0,0,0,0,0.0,0,0,0,2.0,1,0,1.0,1,0,0,0,196.0,28,242.0,1.3
0.0,1768.0,3.0,2,26.0,369.0,358.0,43.0,11.0,2.0,11.0,1524.0,22.568326,88.510594,1,3.0,0,0,1,0,0,0,0,0.0,0,0,0,2.0,1,0,1.0,1,0,0,0,10.0,28,6.0,0.85
0.0,1381.0,3.0,2,28.0,369.0,358.0,43.0,11.0,2.0,16.0,1845.0,22.568326,88.510594,1,3.0,0,0,1,0,0,0,0,0.0,0,0,0,2.0,1,0,1.0,1,0,0,0,10.0,28,6.0,0.98
0.0,3326.0,3.0,2,30.0,439.0,513.0,43.0,15.0,2.0,15.0,1955.0,22.567407,88.517945,1,3.0,0,0,1,0,0,0,0,0.0,0,0,0,2.0,1,0,1.0,1,0,0,0,254.0,28,242.0,1.15
0.0,977.0,3.0,2,30.0,439.0,513.0,43.0,15.0,2.0,10.0,1809.0,22.567407,88.517945,1,3.0,0,0,1,0,0,0,0,0.0,0,0,0,2.0,1,0,1.0,1,0,0,0,254.0,28,242.0,1.02
0.0,1532.0,2.0,2,30.0,439.0,223.0,43.0,15.0,2.0,8.0,1350.0,22.567407,88.517945,1,3.0,0,0,1,0,0,0,0,0.0,0,0,0,2.0,1,0,1.0,1,0,0,0,254.0,28,242.0,0.72
0.0,2648.0,2.0,1,18.0,440.0,223.0,42.0,15.0,2.0,14.0,1210.0,22.567405,88.517943,1,3.0,0,0,1,0,0,0,0,0.0,0,0,0,2.0,1,0,1.0,1,0,0,0,263.0,28,242.0,0.88
0.0,3628.0,3.0,1,33.0,440.0,513.0,42.0,15.0,2.0,16.0,1623.0,22.567405,88.517943,1,3.0,0,0,1,0,0,0,0,0.0,0,0,0,2.0,1,0,1.0,1,0,0,0,263.0,28,242.0,1.4
0.0,806.0,3.0,1,33.0,440.0,513.0,42.0,15.0,2.0,14.0,1742.0,22.567405,88.517943,1,3.0,0,0,1,0,0,0,0,0.0,0,0,0,2.0,1,0,1.0,1,0,0,0,263.0,28,242.0,1.3
0.0,1774.0,3.0,1,33.0,440.0,513.0,42.0,15.0,2.0,16.0,1528.0,22.567405,88.517943,1,3.0,0,0,1,0,0,0,0,0.0,0,0,0,2.0,1,0,1.0,1,0,0,0,263.0,28,242.0,1.25
0.0,885.0,3.0,2,21.0,1667.0,513.0,43.0,19.0,3.0,7.0,2204.0,22.561032,88.492048,1,3.0,0,0,1,0,0,0,0,2.0,0,1,0,2.0,1,0,1.0,1,0,0,0,195.0,28,242.0,1.4
0.0,1812.0,3.0,2,26.0,1671.0,513.0,43.0,16.0,3.0,15.0,2273.0,22.562535,88.495311,1,3.0,0,0,1,0,0,0,0,0.0,0,0,0,2.0,1,0,1.0,1,0,0,0,10.0,28,242.0,1.2
0.0,3105.0,2.0,2,21.0,1667.0,223.0,43.0,16.0,2.0,8.0,1450.0,22.561032,88.492048,1,3.0,0,0,1,0,0,0,0,0.0,0,0,0,2.0,1,0,1.0,1,0,0,0,195.0,28,242.0,0.82
0.0,3674.0,4.0,1,29.0,1599.0,695.0,42.0,15.0,4.0,18.0,3114.0,22.5811785,88.4961337,1,3.0,0,0,1,0,0,0,0,0.0,0,0,0,2.0,1,0,1.0,1,0,0,0,251.0,28,242.0,3.2
0.0,4040.0,4.0,1,29.0,1599.0,695.0,42.0,15.0,4.0,28.0,3245.0,22.5811785,88.4961337,1,3.0,0,0,1,0,0,0,0,2.0,0,1,0,2.0,1,0,1.0,1,0,0,0,251.0,28,242.0,3.5
0.0,1547.0,3.0,1,29.0,1599.0,513.0,42.0,15.0,3.0,14.0,1940.0,22.5811785,88.4961337,1,3.0,0,0,1,0,0,0,0,0.0,0,0,0,2.0,1,0,1.0,1,0,0,0,251.0,28,242.0,1.99
0.0,2668.0,3.0,1,29.0,1599.0,513.0,42.0,15.0,3.0,19.0,1651.0,22.5811785,88.4961337,1,3.0,0,0,1,0,0,0,0,0.0,0,0,0,2.0,1,0,1.0,1,0,0,0,251.0,28,242.0,1.8
0.0,750.0,2.0,1,6.0,965.0,173.0,43.0,42.0,1.0,3.0,680.0,22.6151034,88.4394577,1,8.0,0,0,0,0,0,0,1,0.0,0,0,0,2.0,1,0,2.0,0,1,0,0,1.0,26,167.0,0.1939999999999999
0.0,1824.0,3.0,1,24.0,779.0,555.0,42.0,15.0,1.0,15.0,1657.0,22.567901,88.446208,1,3.0,0,0,1,0,0,0,0,2.0,0,1,0,2.0,1,0,2.0,0,1,0,0,266.0,26,305.0,2.5
0.0,2479.0,1.0,2,2.0,1372.0,42.0,43.0,19.0,1.0,1.0,566.0,22.561937,88.491503,1,3.0,0,0,1,0,0,0,0,2.0,0,1,0,2.0,1,0,1.0,1,0,0,0,195.0,28,242.0,0.42
0.0,1544.0,2.0,2,26.0,1372.0,223.0,43.0,19.0,1.0,4.0,879.0,22.561937,88.491503,1,3.0,0,0,1,0,0,0,0,1.0,1,0,0,2.0,1,0,1.0,1,0,0,0,195.0,28,242.0,0.64
0.0,1458.0,2.0,1,5.0,965.0,173.0,43.0,42.0,1.0,4.0,560.0,22.6143993,88.4401928,1,4.0,0,0,0,1,0,0,0,0.0,0,0,0,2.0,1,0,2.0,0,1,0,0,3.0,26,167.0,0.171
0.0,3174.0,2.0,1,5.0,965.0,173.0,43.0,42.0,1.0,1.0,810.0,22.6144322,88.4402951,1,1.0,1,0,0,0,0,0,0,0.0,0,0,0,2.0,1,0,2.0,0,1,0,0,3.0,26,167.0,0.2423999999999999
0.0,3525.0,2.0,2,26.0,1372.0,223.0,43.0,19.0,2.0,3.0,1718.0,22.561937,88.491503,1,3.0,0,0,1,0,0,0,0,1.0,1,0,0,2.0,1,0,1.0,1,0,0,0,195.0,28,242.0,1.25
0.0,2480.0,3.0,2,26.0,1372.0,513.0,43.0,19.0,3.0,0.0,2194.0,22.561937,88.491503,1,3.0,0,0,1,0,0,0,0,2.0,0,1,0,2.0,1,0,1.0,1,0,0,0,195.0,28,242.0,1.55
0.0,4013.0,3.0,1,25.0,1071.0,555.0,42.0,12.0,1.0,17.0,1712.0,22.570171,88.447571,1,3.0,0,0,1,0,0,0,0,2.0,0,1,0,2.0,1,0,2.0,0,1,0,0,267.0,26,305.0,2.2
0.0,1829.0,3.0,1,25.0,1071.0,555.0,42.0,12.0,1.0,8.0,1550.0,22.570171,88.447571,1,3.0,0,0,1,0,0,0,0,0.0,0,0,0,2.0,1,0,2.0,0,1,0,0,267.0,26,305.0,1.5
0.0,759.0,2.0,1,25.0,1071.0,268.0,42.0,12.0,1.0,7.0,1032.0,22.570171,88.447571,1,7.0,0,0,0,0,0,0,0,0.0,0,0,0,2.0,1,0,2.0,0,1,0,0,267.0,26,305.0,0.95
0.0,3245.0,3.0,1,24.0,779.0,555.0,42.0,15.0,1.0,9.0,1887.0,22.567901,88.446208,1,3.0,0,0,1,0,0,0,0,0.0,0,0,0,2.0,1,0,2.0,0,1,0,0,266.0,26,305.0,1.8
0.0,1935.0,3.0,1,24.0,779.0,555.0,42.0,15.0,1.0,17.0,1887.0,22.567901,88.446208,1,3.0,0,0,1,0,0,0,0,0.0,0,0,0,2.0,1,0,2.0,0,1,0,0,266.0,26,305.0,2.0
0.0,3246.0,3.0,1,24.0,779.0,555.0,42.0,15.0,1.0,18.0,1905.0,22.567901,88.446208,1,3.0,0,0,1,0,0,0,0,1.0,1,0,0,2.0,1,0,2.0,0,1,0,0,266.0,26,305.0,2.5
0.0,3556.0,2.0,1,24.0,779.0,268.0,42.0,15.0,2.0,17.0,1080.0,22.567901,88.446208,1,3.0,0,0,1,0,0,0,0,0.0,0,0,0,2.0,1,0,2.0,0,1,0,0,266.0,26,305.0,0.95
0.0,3298.0,3.0,1,29.0,1599.0,513.0,42.0,15.0,3.0,17.0,1657.0,22.5810899,88.4974098,1,3.0,0,0,1,0,0,0,0,0.0,0,0,0,2.0,1,0,1.0,1,0,0,0,251.0,28,242.0,1.6
0.0,2667.0,3.0,1,29.0,1599.0,513.0,42.0,15.0,2.0,11.0,1840.0,22.5814351,88.4985416,1,3.0,0,0,1,0,0,0,0,0.0,0,0,0,2.0,1,0,1.0,1,0,0,0,251.0,28,242.0,2.0
0.0,2670.0,4.0,1,29.0,1599.0,695.0,42.0,15.0,3.0,5.0,3220.0,22.5810283,88.4976517,1,3.0,0,0,1,0,0,0,0,0.0,0,0,0,2.0,1,0,1.0,1,0,0,0,251.0,28,242.0,3.0
0.0,1553.0,3.0,2,21.0,1667.0,513.0,43.0,16.0,3.0,7.0,2095.0,22.561032,88.492048,1,3.0,0,0,1,0,0,0,0,0.0,0,0,0,2.0,1,0,1.0,1,0,0,0,195.0,28,242.0,1.4
0.0,1922.0,3.0,6,23.0,738.0,513.0,42.0,9.0,1.0,18.0,1558.0,22.586413,88.486072,1,3.0,0,0,1,0,0,0,0,0.0,0,0,0,2.0,1,0,1.0,1,0,0,0,141.0,28,242.0,1.5
0.0,2637.0,2.0,6,23.0,102.0,223.0,42.0,15.0,2.0,18.0,1244.0,22.581199,88.461896,1,3.0,0,0,1,0,0,0,0,0.0,0,0,0,2.0,1,0,1.0,1,0,0,0,145.0,28,242.0,1.4
0.0,3119.0,2.0,1,23.0,102.0,223.0,42.0,15.0,2.0,9.0,1244.0,22.581199,88.461896,1,3.0,0,0,1,0,0,0,0,0.0,0,0,0,2.0,1,0,1.0,1,0,0,0,145.0,28,242.0,1.35
0.0,209.0,5.0,2,3.0,752.0,757.0,43.0,46.0,3.0,7.186177797390473,2200.0,22.4804667,88.3063923,1,3.0,0,0,1,0,0,0,0,1.0,1,0,0,0.0,0,0,3.0,0,0,1,0,287.0,27,303.0,1.2
0.0,470.0,2.0,3,4.0,524.0,99.0,42.0,15.0,1.0,4.0,774.0,22.4978086,88.3093517,1,3.0,0,0,1,0,0,0,0,1.0,1,0,0,2.0,1,0,3.0,0,0,1,0,137.0,27,55.0,0.33
0.0,198.0,3.0,1,3.0,949.0,609.0,43.0,40.0,1.0,3.0,1000.0,22.485516,88.301751,1,0.0,0,0,0,0,0,0,0,1.0,1,0,0,1.0,0,0,3.0,0,0,1,0,287.0,27,38.0,0.35
0.0,475.0,3.0,3,1.0,8.0,631.0,43.0,49.0,1.0,3.6326304081644,1000.0,22.5304663,88.347781,1,3.0,0,0,1,0,0,0,0,0.0,0,0,0,0.0,0,0,3.0,0,0,1,0,83.0,27,68.0,0.92
0.0,462.0,2.0,1,14.0,400.0,172.0,42.0,15.0,2.0,4.0,890.0,22.4407834,88.2980047,1,6.0,0,0,0,0,0,1,0,1.0,1,0,0,2.0,1,0,3.0,0,0,1,0,109.0,27,166.0,0.6
0.0,472.0,3.0,3,14.0,995.0,581.0,43.0,15.0,2.0,12.0,1242.0,22.4491475,88.3028118,1,3.0,0,0,1,0,0,0,0,0.0,0,0,0,2.0,1,0,3.0,0,0,1,0,41.0,27,355.0,0.58
0.0,3641.0,3.0,2,4.0,173.0,530.0,43.0,50.0,1.0,3.0,1250.0,22.4699925,88.3872424,1,0.0,0,0,0,0,0,0,0,1.0,1,0,0,2.0,1,0,3.0,0,0,1,0,80.0,27,266.0,0.77
0.0,474.0,4.0,2,1.0,1240.0,739.0,43.0,45.0,2.0,5.409404102777435,2400.0,22.4788135,88.3090479,1,3.0,0,0,1,0,0,0,0,2.0,0,1,0,0.0,0,0,3.0,0,0,1,0,287.0,27,303.0,1.1
0.0,471.0,3.0,1,11.0,1205.0,435.0,43.0,42.0,1.0,6.0,1540.0,22.548114,88.4004968,1,3.0,0,0,1,0,0,0,0,0.0,0,0,0,2.0,1,0,1.0,1,0,0,0,193.0,28,116.0,1.0
0.0,464.0,2.0,2,4.0,690.0,343.0,43.0,50.0,1.0,4.0,1187.0,22.5026325,88.3664528,1,6.0,0,0,0,0,0,1,0,0.0,0,0,0,1.0,0,0,3.0,0,0,1,0,204.0,27,271.0,0.78
0.0,467.0,2.0,3,2.0,1453.0,347.0,43.0,18.0,1.0,2.0,810.0,22.4606071,88.3129969,1,3.0,0,0,1,0,0,0,0,0.0,0,0,0,1.0,0,0,3.0,0,0,1,0,206.0,27,355.0,0.24
0.0,465.0,2.0,2,6.0,620.0,246.0,42.0,45.0,1.0,2.0,860.0,22.477387,88.316681,1,3.0,0,0,1,0,0,0,0,0.0,0,0,0,2.0,1,0,3.0,0,0,1,0,287.0,27,273.0,0.32
0.0,466.0,2.0,1,3.0,635.0,334.0,43.0,49.0,1.0,3.0,850.0,22.536025,88.35469,1,3.0,0,0,1,0,0,0,0,0.0,0,0,0,1.0,0,0,3.0,0,0,1,0,164.0,27,172.0,0.24
0.0,469.0,2.0,2,5.0,909.0,305.0,43.0,50.0,1.0,1.0,990.0,22.5,88.35,1,3.0,0,0,1,0,0,0,0,1.0,1,0,0,2.0,1,0,3.0,0,0,1,0,95.0,27,359.0,0.68
0.0,461.0,1.0,1,5.0,49.0,55.0,43.0,50.0,0.0,2.0,667.0,22.49435,88.31612,1,6.0,0,0,0,0,0,1,0,0.0,0,0,0,1.0,0,0,3.0,0,0,1,0,287.0,27,57.0,0.27
0.0,468.0,2.0,2,2.0,1607.0,348.0,43.0,16.0,1.0,2.0,900.0,22.45665,88.30456,1,6.0,0,0,0,0,0,1,0,0.0,0,0,0,1.0,0,0,3.0,0,0,1,0,213.0,27,356.0,0.28
0.0,463.0,2.0,2,4.0,524.0,99.0,42.0,15.0,1.0,3.0,774.0,22.4978086,88.3093517,1,3.0,0,0,1,0,0,0,0,0.0,0,0,0,2.0,1,0,3.0,0,0,1,0,137.0,27,55.0,0.31
0.0,3124.0,2.0,5,5.0,185.0,64.0,45.0,32.0,2.0,2.0,1000.0,22.626212,88.46577,1,1.0,1,0,0,0,0,0,0,0.0,0,0,0,2.0,1,0,1.0,1,0,0,0,208.0,28,5.0,0.48
0.0,601.0,2.0,1,4.0,329.0,341.0,43.0,38.0,1.0,1.0,950.0,22.627955,88.457437,1,4.0,0,0,0,1,0,0,0,0.0,0,0,0,1.0,0,0,1.0,1,0,0,0,183.0,28,248.0,0.53
0.0,1156.0,2.0,1,4.0,1024.0,320.0,43.0,28.0,1.0,3.0,950.0,22.615992,88.47667,1,3.0,0,0,1,0,0,0,0,0.0,0,0,0,1.0,0,0,1.0,1,0,0,0,209.0,28,4.0,0.52
0.0,636.0,3.0,1,4.0,1024.0,608.0,43.0,28.0,1.0,3.0,1150.0,22.615992,88.47667,1,3.0,0,0,1,0,0,0,0,0.0,0,0,0,1.0,0,0,1.0,1,0,0,0,209.0,28,4.0,0.62
0.0,1876.0,3.0,1,4.0,271.0,620.0,43.0,39.0,1.0,4.0,1500.0,22.578154,88.460627,1,4.0,0,0,0,1,0,0,0,0.0,0,0,0,1.0,0,0,1.0,1,0,0,0,85.0,28,245.0,0.87
0.0,1893.0,4.0,1,4.0,1661.0,728.0,43.0,41.0,2.0,3.0,2200.0,22.584146,88.450439,1,3.0,0,0,1,0,0,0,0,0.0,0,0,0,1.0,0,0,1.0,1,0,0,0,49.0,28,250.0,1.57
0.0,1875.0,3.0,5,4.0,296.0,622.0,45.0,41.0,1.0,4.0,1700.0,22.584146,88.450439,1,3.0,0,0,1,0,0,0,0,0.0,0,0,0,1.0,0,0,1.0,1,0,0,0,49.0,28,250.0,1.07
0.0,904.0,4.0,1,4.0,658.0,727.0,43.0,39.0,2.0,1.0,2200.0,22.578154,88.460627,1,4.0,0,0,0,1,0,0,0,0.0,0,0,0,1.0,0,0,1.0,1,0,0,0,85.0,28,245.0,1.4
0.0,667.0,3.0,5,4.0,330.0,622.0,45.0,41.0,1.0,4.0,1210.0,22.584146,88.450439,1,1.0,1,0,0,0,0,0,0,0.0,0,0,0,1.0,0,0,1.0,1,0,0,0,49.0,28,250.0,0.73
0.0,2197.0,3.0,5,4.0,325.0,622.0,45.0,41.0,1.0,1.0,1210.0,22.584146,88.450439,1,1.0,1,0,0,0,0,0,0,0.0,0,0,0,1.0,0,0,1.0,1,0,0,0,49.0,28,250.0,0.78
0.0,1751.0,2.0,5,4.0,592.0,342.0,45.0,41.0,1.0,3.0,950.0,22.584146,88.450439,1,6.0,0,0,0,0,0,1,0,0.0,0,0,0,1.0,0,0,1.0,1,0,0,0,49.0,28,250.0,0.57
0.0,1757.0,2.0,5,4.0,270.0,342.0,45.0,41.0,1.0,4.0,980.0,22.584146,88.450439,1,4.0,0,0,0,1,0,0,0,0.0,0,0,0,1.0,0,0,1.0,1,0,0,0,49.0,28,250.0,0.59
0.0,1754.0,2.0,1,4.0,652.0,342.0,43.0,41.0,1.0,4.0,1100.0,22.584146,88.450439,1,3.0,0,0,1,0,0,0,0,0.0,0,0,0,1.0,0,0,1.0,1,0,0,0,49.0,28,250.0,0.67
0.0,1874.0,3.0,1,4.0,108.0,620.0,43.0,39.0,1.0,2.0,1500.0,22.578154,88.460627,1,3.0,0,0,1,0,0,0,0,0.0,0,0,0,1.0,0,0,1.0,1,0,0,0,85.0,28,245.0,0.85
0.0,1753.0,2.0,1,4.0,653.0,342.0,43.0,41.0,1.0,2.0,1100.0,22.584146,88.450439,1,3.0,0,0,1,0,0,0,0,0.0,0,0,0,1.0,0,0,1.0,1,0,0,0,49.0,28,250.0,0.68
0.0,1755.0,2.0,1,4.0,327.0,340.0,43.0,39.0,1.0,4.0,1150.0,22.578154,88.460627,1,3.0,0,0,1,0,0,0,0,0.0,0,0,0,1.0,0,0,1.0,1,0,0,0,85.0,28,245.0,0.7
0.0,1752.0,2.0,1,4.0,933.0,319.0,43.0,28.0,1.0,1.0,1100.0,22.60134,88.471506,1,3.0,0,0,1,0,0,0,0,0.0,0,0,0,1.0,0,0,1.0,1,0,0,0,185.0,28,3.0,0.58
0.0,1756.0,2.0,1,4.0,1286.0,320.0,43.0,28.0,1.0,2.0,1250.0,22.615992,88.47667,0,4.0,0,0,0,1,0,0,0,3.0,0,0,1,1.0,0,0,1.0,1,0,0,0,209.0,28,4.0,0.57
0.0,2247.0,1.0,6,1.0,1006.0,11.0,43.0,19.0,0.0,3.0,600.0,22.677236,88.348637,1,0.0,0,0,0,0,0,0,0,0.0,0,0,0,2.0,1,0,4.0,0,0,0,1,41.0,29,66.0,0.124
0.0,3285.0,3.0,1,12.0,1368.0,513.0,42.0,15.0,1.0,10.0,1422.0,22.5898703,88.4526969,1,0.0,0,0,0,0,0,0,0,0.0,0,0,0,2.0,1,0,1.0,1,0,0,0,135.0,28,242.0,1.15
0.0,2427.0,3.0,1,16.0,1189.0,513.0,43.0,41.0,2.0,5.0,1909.0,22.590303,88.4534571,1,3.0,0,0,1,0,0,0,0,1.0,1,0,0,2.0,1,0,1.0,1,0,0,0,86.0,28,242.0,1.45
0.0,614.0,3.0,1,14.0,205.0,513.0,43.0,37.0,1.0,1.0,1653.0,22.623897,88.451811,1,0.0,0,0,0,0,0,0,0,3.0,0,0,1,2.0,1,0,1.0,1,0,0,0,183.0,28,242.0,1.3
0.0,2636.0,3.0,1,13.0,80.0,513.0,43.0,49.0,1.0,5.0,1509.0,22.487848,88.345261,1,0.0,0,0,0,0,0,0,0,0.0,0,0,0,2.0,1,0,1.0,1,0,0,0,89.0,28,242.0,1.4
0.0,3676.0,4.0,1,5.0,1706.0,695.0,43.0,36.0,2.0,4.0,1833.0,22.566936,88.463106,1,0.0,0,0,0,0,0,0,0,0.0,0,0,0,2.0,1,0,1.0,1,0,0,0,85.0,28,242.0,1.1
0.0,3250.0,3.0,6,5.0,851.0,500.0,43.0,50.0,1.0,2.0,990.0,22.6174760274,88.4163038726,1,0.0,0,0,0,0,0,0,0,0.0,0,0,0,2.0,1,0,2.0,0,1,0,0,172.0,26,222.0,0.4059
0.0,1964.0,2.0,6,5.0,949.0,208.0,43.0,49.0,1.0,2.0,730.0,22.621084,88.41839,1,5.0,0,0,0,0,1,0,0,0.0,0,0,0,2.0,1,0,2.0,0,1,0,0,182.0,26,222.0,0.3065
0.0,3136.0,2.0,1,10.0,568.0,78.0,43.0,14.0,1.0,3.0,1095.0,22.637897,88.456113,1,5.0,0,0,0,0,1,0,0,0.0,0,0,0,2.0,1,0,1.0,1,0,0,0,21.0,28,30.0,0.63
0.0,3824.0,2.0,1,6.0,568.0,78.0,43.0,14.0,0.0,4.0,1095.0,22.6342671,88.4550798,1,1.0,1,0,0,0,0,0,0,0.0,0,0,0,2.0,1,0,1.0,1,0,0,0,21.0,28,30.0,0.62
0.0,3042.0,2.0,1,14.0,556.0,62.0,43.0,31.0,1.0,11.0,770.0,22.621016,88.468721,1,8.0,0,0,0,0,0,0,1,0.0,0,0,0,2.0,1,0,1.0,1,0,0,0,209.0,28,3.0,0.45
0.0,1180.0,3.0,1,14.0,556.0,356.0,43.0,31.0,1.0,13.0,1620.0,22.621016,88.468721,1,0.0,0,0,0,0,0,0,0,2.0,0,1,0,2.0,1,0,1.0,1,0,0,0,209.0,28,3.0,1.07
0.0,4113.0,3.0,1,15.0,1675.0,513.0,43.0,13.0,1.0,12.0,1226.0,22.5599444,88.4957689,1,0.0,0,0,0,0,0,0,0,0.0,0,0,0,2.0,1,0,1.0,1,0,0,0,10.0,28,242.0,0.92
0.0,1543.0,3.0,1,12.0,1370.0,513.0,43.0,38.0,2.0,2.0,1560.0,22.586418,88.460114,1,1.0,1,0,0,0,0,0,0,0.0,0,0,0,2.0,1,0,1.0,1,0,0,0,86.0,28,242.0,1.02
0.0,3994.0,3.0,1,29.0,1599.0,513.0,42.0,15.0,1.0,13.0,1470.0,22.5811785,88.4961337,1,1.0,1,0,0,0,0,0,0,0.0,0,0,0,2.0,1,0,1.0,1,0,0,0,251.0,28,242.0,1.65
0.0,3911.0,3.0,1,21.0,1600.0,356.0,43.0,22.0,1.0,7.0,1650.0,22.582101,88.493805,1,1.0,1,0,0,0,0,0,0,2.0,0,1,0,2.0,1,0,1.0,1,0,0,0,196.0,28,3.0,1.35
0.0,852.0,3.0,5,20.0,1069.0,513.0,44.0,7.0,1.0,15.0,1116.0,22.570637,88.4617767,1,0.0,0,0,0,0,0,0,0,0.0,0,0,0,2.0,1,0,1.0,1,0,0,0,146.0,28,242.0,1.3
0.0,615.0,2.0,1,18.0,206.0,223.0,43.0,33.0,1.0,14.0,1290.0,22.567275,88.47053,1,0.0,0,0,0,0,0,0,0,0.0,0,0,0,2.0,1,0,1.0,1,0,0,0,85.0,28,242.0,0.8
0.0,2471.0,2.0,1,8.0,1367.0,223.0,43.0,37.0,1.0,8.0,822.0,22.629392,88.456195,1,1.0,1,0,0,0,0,0,0,2.0,0,1,0,2.0,1,0,1.0,1,0,0,0,183.0,28,242.0,0.55
0.0,2469.0,3.0,1,12.0,1367.0,513.0,43.0,37.0,2.0,1.0,1750.0,22.629392,88.456195,1,0.0,0,0,0,0,0,0,0,0.0,0,0,0,2.0,1,0,1.0,1,0,0,0,183.0,28,242.0,0.95
0.0,1530.0,3.0,1,21.0,369.0,513.0,43.0,20.0,2.0,20.0,1522.0,22.579337,88.500056,1,6.0,0,0,0,0,0,1,0,0.0,0,0,0,2.0,1,0,1.0,1,0,0,0,196.0,28,242.0,1.02
0.0,3227.0,3.0,1,30.0,439.0,513.0,43.0,15.0,1.0,7.0,1809.0,22.567407,88.517945,1,8.0,0,0,0,0,0,0,1,1.0,1,0,0,2.0,1,0,1.0,1,0,0,0,254.0,28,242.0,1.22
0.0,3234.0,3.0,1,12.0,526.0,355.0,43.0,41.0,2.0,11.0,1489.0,22.581047,88.462231,1,1.0,1,0,0,0,0,0,0,0.0,0,0,0,2.0,1,0,1.0,1,0,0,0,86.0,28,2.0,1.15
0.0,4039.0,4.0,1,7.0,1182.0,695.0,43.0,39.0,2.0,7.0,1800.0,22.591783,88.469477,1,1.0,1,0,0,0,0,0,0,0.0,0,0,0,2.0,1,0,1.0,1,0,0,0,86.0,28,242.0,1.22
0.0,2665.0,3.0,1,18.0,1551.0,513.0,43.0,26.0,1.0,11.0,1460.0,22.621207,88.48191,1,1.0,1,0,0,0,0,0,0,0.0,0,0,0,2.0,1,0,1.0,1,0,0,0,209.0,28,242.0,0.95
0.0,1674.0,2.0,1,12.0,1368.0,223.0,42.0,15.0,1.0,9.0,922.0,22.589872923653,88.45280587272,1,3.0,0,0,1,0,0,0,0,0.0,0,0,0,2.0,1,0,1.0,1,0,0,0,135.0,28,242.0,0.72
0.0,3873.0,2.0,1,12.0,1368.0,223.0,42.0,15.0,2.0,4.0,1266.0,22.589872923653,88.45280587272,1,3.0,0,0,1,0,0,0,0,0.0,0,0,0,2.0,1,0,1.0,1,0,0,0,135.0,28,242.0,1.02
0.0,448.0,2.672021502414428,0,4.0,607.0,783.0,2.0,12.0,1.2297135143990388,3.753961788353753,1500.0,22.4439029807,88.2978736068,1,3.0,0,0,1,0,0,0,0,3.0,0,0,1,3.0,0,1,3.0,0,0,1,0,41.0,27,166.0,0.0542
0.0,448.0,2.672021502414428,0,4.0,1241.0,783.0,2.0,14.0,1.2297135143990388,3.753961788353753,1440.0,22.457216,88.298579,1,3.0,0,0,1,0,0,0,0,3.0,0,0,1,3.0,0,1,3.0,0,0,1,0,139.0,27,166.0,0.119
0.0,448.0,2.672021502414428,0,4.0,607.0,783.0,2.0,12.0,1.2297135143990388,3.753961788353753,1800.0,22.4439029807,88.2978736068,1,3.0,0,0,1,0,0,0,0,3.0,0,0,1,3.0,0,1,3.0,0,0,1,0,41.0,27,166.0,0.0737
0.0,3521.0,2.0,1,5.0,1301.0,223.0,43.0,5.0,1.0,2.0,1100.0,22.579340476235,88.519580124727,1,3.0,0,0,1,0,0,0,0,1.0,1,0,0,2.0,1,0,1.0,1,0,0,0,9.0,28,242.0,0.7
0.0,3216.0,3.0,1,9.0,203.0,513.0,43.0,26.0,2.0,6.0,1820.0,22.617275,88.480891,1,3.0,0,0,1,0,0,0,0,0.0,0,0,0,2.0,1,0,1.0,1,0,0,0,209.0,28,242.0,1.24
0.0,1656.0,2.0,1,10.0,568.0,78.0,43.0,14.0,1.0,1.0,1090.0,22.6342671,88.4550798,1,7.0,0,0,0,0,0,0,0,0.0,0,0,0,2.0,1,0,1.0,1,0,0,0,21.0,28,30.0,0.6
0.0,1790.0,3.0,1,9.0,949.0,542.0,43.0,46.0,1.0,5.0,1325.0,22.505896,88.40436,1,8.0,0,0,0,0,0,0,1,0.0,0,0,0,2.0,1,0,1.0,1,0,0,0,188.0,28,284.0,0.72
0.0,4011.0,3.0,1,19.0,1732.0,542.0,43.0,37.0,1.0,10.0,1440.0,22.632096,88.453037,1,1.0,1,0,0,0,0,0,0,0.0,0,0,0,2.0,1,0,1.0,1,0,0,0,183.0,28,284.0,0.95
0.0,374.0,4.0,1,10.0,568.0,653.0,43.0,14.0,1.0,5.0,1820.0,22.6342671,88.4550798,1,5.0,0,0,0,0,1,0,0,0.0,0,0,0,2.0,1,0,1.0,1,0,0,0,21.0,28,30.0,0.96
0.0,3767.0,3.0,1,9.0,1400.0,506.0,43.0,25.0,1.0,6.0,1325.0,22.6352532,88.4594179,1,1.0,1,0,0,0,0,0,0,1.0,1,0,0,2.0,1,0,1.0,1,0,0,0,208.0,28,235.0,0.72
0.0,3548.0,2.0,2,19.0,1399.0,252.0,42.0,8.0,1.0,5.0,930.0,22.625582,88.490761,1,5.0,0,0,0,0,1,0,0,0.0,0,0,0,2.0,1,0,1.0,1,0,0,0,118.0,28,284.0,0.7
0.0,3111.0,2.0,1,5.0,498.0,128.0,43.0,37.0,1.0,5.0,1106.0,22.629553,88.448768,1,3.0,0,0,1,0,0,0,0,1.0,1,0,0,2.0,1,0,1.0,1,0,0,0,183.0,28,98.0,0.35
0.0,3766.0,3.0,1,13.0,1696.0,542.0,43.0,30.0,1.0,10.0,1480.0,22.57652,88.47963,1,1.0,1,0,0,0,0,0,0,0.0,0,0,0,2.0,1,0,1.0,1,0,0,0,86.0,28,284.0,0.95
0.0,542.0,3.0,1,6.0,1384.0,542.0,42.0,34.0,1.0,5.0,1370.0,22.634906,88.45515,1,5.0,0,0,0,0,1,0,0,0.0,0,0,0,2.0,1,0,1.0,1,0,0,0,183.0,28,284.0,0.6
0.0,3889.0,2.0,1,13.0,1398.0,252.0,42.0,15.0,1.0,8.0,1130.0,22.632918,88.470518,1,1.0,1,0,0,0,0,0,0,0.0,0,0,0,2.0,1,0,1.0,1,0,0,0,255.0,28,284.0,0.78
0.0,3969.0,3.0,1,10.0,949.0,513.0,43.0,30.0,1.0,4.0,1355.0,22.453125,88.39512,1,8.0,0,0,0,0,0,0,1,0.0,0,0,0,2.0,1,0,1.0,1,0,0,0,74.0,28,242.0,0.75
0.0,3746.0,3.0,1,5.0,693.0,542.0,43.0,39.0,2.0,4.0,1530.0,22.627557,88.44496,1,1.0,1,0,0,0,0,0,0,0.0,0,0,0,2.0,1,0,1.0,1,0,0,0,184.0,28,284.0,0.68
0.0,449.0,2.672021502414428,0,4.0,607.0,783.0,2.0,12.0,1.2297135143990388,3.753961788353753,1500.0,22.4439029807,88.2978736068,1,1.0,1,0,0,0,0,0,0,3.0,0,0,1,3.0,0,1,3.0,0,0,1,0,41.0,27,166.0,0.0512
0.0,449.0,2.672021502414428,0,4.0,607.0,783.0,2.0,12.0,1.2297135143990388,3.753961788353753,1800.0,22.4439029807,88.2978736068,1,3.0,0,0,1,0,0,0,0,3.0,0,0,1,3.0,0,1,3.0,0,0,1,0,41.0,27,166.0,0.062
0.0,450.0,2.672021502414428,0,4.0,607.0,783.0,12.0,12.0,1.2297135143990388,3.753961788353753,2200.0,22.4439029807,88.2978736068,1,6.0,0,0,0,0,0,1,0,3.0,0,0,1,3.0,0,1,3.0,0,0,1,0,41.0,27,166.0,0.0765
0.0,450.0,2.672021502414428,0,4.0,607.0,783.0,12.0,12.0,1.2297135143990388,3.753961788353753,1500.0,22.4439029807,88.2978736068,1,6.0,0,0,0,0,0,1,0,3.0,0,0,1,3.0,0,1,3.0,0,0,1,0,41.0,27,166.0,0.0624
0.0,348.0,3.0,1,8.0,949.0,542.0,43.0,42.0,1.0,4.0,1390.0,22.56985,88.444885,1,4.0,0,0,0,1,0,0,0,0.0,0,0,0,2.0,1,0,1.0,1,0,0,0,47.0,28,284.0,0.75
0.0,502.0,4.0,2,22.0,36.0,671.0,42.0,9.0,3.0,8.0,1671.0,22.55484,88.389641,1,3.0,0,0,1,0,0,0,0,1.0,1,0,0,2.0,1,0,1.0,1,0,0,0,118.0,28,116.0,1.4
0.0,1816.0,3.0,2,16.0,1678.0,587.0,43.0,14.0,2.0,10.0,1226.0,22.561328,88.495259,1,1.0,1,0,0,0,0,0,0,0.0,0,0,0,2.0,1,0,1.0,1,0,0,0,10.0,28,364.0,0.85
0.0,3394.0,3.0,3,3.0,1059.0,633.0,43.0,50.0,2.0,4.8951240068106525,1900.0,22.517369,88.366092,1,3.0,0,0,1,0,0,0,0,1.0,1,0,0,0.0,0,0,3.0,0,0,1,0,204.0,27,104.0,1.5
0.0,3434.0,4.0,3,2.0,1621.0,738.0,43.0,1.0,2.0,5.409404102777435,2200.0,22.601511,88.53401,1,7.0,0,0,0,0,0,0,0,1.0,1,0,0,0.0,0,0,1.0,1,0,0,0,16.0,28,284.0,1.2
0.0,1884.0,4.0,6,16.0,1620.0,705.0,42.0,15.0,3.0,6.0,1550.0,22.5539607,88.3710407,1,3.0,0,0,1,0,0,0,0,0.0,0,0,0,2.0,1,0,1.0,1,0,0,0,250.0,28,284.0,1.4
0.0,2468.0,2.0,2,5.0,1329.0,81.0,43.0,50.0,1.0,2.0,1050.0,22.617386,88.415501,1,3.0,0,0,1,0,0,0,0,0.0,0,0,0,2.0,1,0,2.0,0,1,0,0,172.0,26,33.0,0.42
0.0,3205.0,2.0,6,16.0,1620.0,252.0,42.0,15.0,1.0,15.0,1070.0,22.5539607,88.3710407,1,3.0,0,0,1,0,0,0,0,0.0,0,0,0,2.0,1,0,1.0,1,0,0,0,250.0,28,284.0,0.85
0.0,4009.0,3.0,1,16.0,1620.0,542.0,42.0,15.0,2.0,8.0,1310.0,22.5539607,88.3710407,1,6.0,0,0,0,0,0,1,0,0.0,0,0,0,2.0,1,0,1.0,1,0,0,0,250.0,28,284.0,1.1
0.0,2709.0,4.0,6,16.0,1620.0,705.0,42.0,15.0,3.0,15.0,1550.0,22.5539607,88.3710407,1,3.0,0,0,1,0,0,0,0,0.0,0,0,0,2.0,1,0,1.0,1,0,0,0,250.0,28,284.0,1.3
0.0,2976.0,3.0,1,16.0,1620.0,542.0,42.0,15.0,2.0,5.0,1176.0,22.5539607,88.3710407,1,3.0,0,0,1,0,0,0,0,2.0,0,1,0,2.0,1,0,1.0,1,0,0,0,250.0,28,284.0,1.2
0.0,881.0,3.0,1,16.0,1620.0,542.0,42.0,15.0,2.0,13.0,1176.0,22.5539607,88.3710407,1,3.0,0,0,1,0,0,0,0,0.0,0,0,0,2.0,1,0,1.0,1,0,0,0,250.0,28,284.0,1.25
0.0,3893.0,2.0,2,16.0,1620.0,252.0,42.0,15.0,1.0,12.0,718.0,22.5539607,88.3710407,1,3.0,0,0,1,0,0,0,0,1.0,1,0,0,2.0,1,0,1.0,1,0,0,0,250.0,28,284.0,0.95
0.0,1814.0,3.0,1,14.0,1674.0,587.0,43.0,14.0,2.0,14.0,1226.0,22.561539,88.495989,1,1.0,1,0,0,0,0,0,0,0.0,0,0,0,2.0,1,0,1.0,1,0,0,0,10.0,28,364.0,0.85
0.0,3655.0,3.0,2,26.0,1677.0,542.0,43.0,33.0,3.0,20.0,1768.0,22.616537,88.444233,1,1.0,1,0,0,0,0,0,0,1.0,1,0,0,2.0,1,0,1.0,1,0,0,0,8.0,28,284.0,1.1
0.0,3302.0,3.0,2,16.0,1666.0,513.0,42.0,13.0,2.0,12.0,1460.0,22.560111,88.496916,1,3.0,0,0,1,0,0,0,0,1.0,1,0,0,2.0,1,0,1.0,1,0,0,0,10.0,28,242.0,1.1
0.0,3303.0,3.0,2,15.0,1668.0,513.0,43.0,2.0,2.0,10.0,1897.0,22.6080683685,88.5203647614,1,3.0,0,0,1,0,0,0,0,0.0,0,0,0,2.0,1,0,1.0,1,0,0,0,168.0,28,242.0,1.3
0.0,3091.0,2.0,2,13.0,1398.0,252.0,42.0,15.0,1.0,6.0,1050.0,22.6006912,88.4694535,1,1.0,1,0,0,0,0,0,0,0.0,0,0,0,2.0,1,0,1.0,1,0,0,0,255.0,28,284.0,0.7
0.0,385.0,2.0,1,3.0,170.0,81.0,43.0,49.0,1.0,1.0,680.0,22.6189317,88.4300897,1,0.0,0,0,0,0,0,0,0,0.0,0,0,0,2.0,1,0,2.0,0,1,0,0,172.0,26,33.0,0.245
0.0,3981.0,3.0,1,14.0,205.0,513.0,43.0,37.0,3.0,4.0,1610.0,22.623897,88.451811,1,8.0,0,0,0,0,0,0,1,0.0,0,0,0,2.0,1,0,1.0,1,0,0,0,183.0,28,242.0,1.1
0.0,335.0,2.0,1,5.0,498.0,128.0,43.0,37.0,1.0,2.0,1106.0,22.629553,88.448768,1,5.0,0,0,0,0,1,0,0,0.0,0,0,0,2.0,1,0,1.0,1,0,0,0,183.0,28,98.0,0.4
0.0,340.0,2.0,1,4.0,1308.0,223.0,43.0,37.0,1.0,2.0,800.0,22.590219,88.476987,1,1.0,1,0,0,0,0,0,0,3.0,0,0,1,2.0,1,0,1.0,1,0,0,0,86.0,28,242.0,0.44
0.0,2525.0,3.0,1,10.0,568.0,370.0,43.0,14.0,2.0,3.0,1580.0,22.6342671,88.4550798,1,1.0,1,0,0,0,0,0,0,0.0,0,0,0,2.0,1,0,1.0,1,0,0,0,21.0,28,30.0,0.95
0.0,3135.0,2.0,1,10.0,568.0,78.0,43.0,14.0,1.0,5.0,1115.0,22.6342671,88.4550798,1,2.0,0,1,0,0,0,0,0,0.0,0,0,0,2.0,1,0,1.0,1,0,0,0,21.0,28,30.0,0.63
0.0,3110.0,3.0,1,10.0,568.0,370.0,43.0,14.0,1.0,8.0,1530.0,22.6342671,88.4550798,1,6.0,0,0,0,0,0,1,0,0.0,0,0,0,2.0,1,0,1.0,1,0,0,0,21.0,28,30.0,0.71
0.0,939.0,2.0,5,4.0,339.0,81.0,45.0,49.0,1.0,3.0,743.0,22.6189317,88.4300897,1,0.0,0,0,0,0,0,0,0,0.0,0,0,0,2.0,1,0,2.0,0,1,0,0,172.0,26,33.0,0.245
0.0,318.0,2.0,6,5.0,949.0,208.0,43.0,50.0,1.0,5.0,919.0,22.6174760274,88.4163038726,1,3.0,0,0,1,0,0,0,0,0.0,0,0,0,2.0,1,0,2.0,0,1,0,0,172.0,26,222.0,0.3768
0.0,1494.0,3.0,1,5.0,949.0,500.0,43.0,49.0,1.0,2.0,990.0,22.621128,88.42034,1,6.0,0,0,0,0,0,1,0,0.0,0,0,0,2.0,1,0,2.0,0,1,0,0,182.0,26,222.0,0.4059
0.0,2921.0,2.0,6,5.0,1606.0,300.0,43.0,49.0,1.0,4.0,697.0,22.6226495,88.4294838,1,0.0,0,0,0,0,0,0,0,0.0,0,0,0,2.0,1,0,2.0,0,1,0,0,180.0,26,353.0,0.2925
0.0,1681.0,2.0,5,5.0,172.0,81.0,45.0,49.0,1.0,3.0,950.0,22.6189317,88.4300897,1,0.0,0,0,0,0,0,0,0,0.0,0,0,0,2.0,1,0,2.0,0,1,0,0,172.0,26,33.0,0.38
0.0,580.0,2.0,6,6.0,171.0,81.0,43.0,49.0,1.0,2.0,900.0,22.6189317,88.4300897,1,3.0,0,0,1,0,0,0,0,0.0,0,0,0,2.0,1,0,2.0,0,1,0,0,172.0,26,33.0,0.39
0.0,457.0,2.672021502414428,0,4.0,607.0,783.0,2.0,12.0,1.2297135143990388,3.753961788353753,2200.0,22.4439029807,88.2978736068,1,3.0,0,0,1,0,0,0,0,3.0,0,0,1,3.0,0,1,3.0,0,0,1,0,41.0,27,166.0,0.0865
0.0,441.0,2.672021502414428,0,3.0,1241.0,783.0,2.0,14.0,1.2297135143990388,3.753961788353753,1400.0,22.457216,88.298579,1,3.0,0,0,1,0,0,0,0,3.0,0,0,1,3.0,0,1,3.0,0,0,1,0,139.0,27,166.0,0.0969999999999999
0.0,3300.0,3.0,5,3.0,1605.0,579.0,45.0,49.0,2.0,2.0,1270.0,22.6226495,88.4294838,1,3.0,0,0,1,0,0,0,0,3.0,0,0,1,2.0,1,0,2.0,0,1,0,0,180.0,26,353.0,0.5329999999999999
0.0,581.0,2.0,5,4.0,169.0,300.0,45.0,49.0,2.0,3.0,700.0,22.6226495,88.4294838,1,3.0,0,0,1,0,0,0,0,0.0,0,0,0,2.0,1,0,2.0,0,1,0,0,180.0,26,353.0,0.2935
0.0,383.0,6.0,3,4.0,949.0,760.0,43.0,42.0,2.0,4.0,2640.0,22.57797,88.450584,1,5.0,0,0,0,0,1,0,0,2.0,0,1,0,2.0,1,0,1.0,1,0,0,0,49.0,28,242.0,1.6
0.0,331.0,2.0,1,5.0,949.0,223.0,43.0,40.0,1.0,4.0,850.0,22.61504,88.43905,1,3.0,0,0,1,0,0,0,0,0.0,0,0,0,2.0,1,0,1.0,1,0,0,0,3.0,28,242.0,0.56
0.0,1231.0,2.0,2,4.0,949.0,275.0,43.0,33.0,2.0,2.0,1250.0,22.570724,88.46723,1,1.0,1,0,0,0,0,0,0,3.0,0,0,1,2.0,1,0,2.0,0,1,0,0,85.0,26,317.0,0.85
0.0,2026.0,2.0,3,4.0,887.0,275.0,43.0,39.0,2.0,2.0,1250.0,22.609474,88.4413,1,1.0,1,0,0,0,0,0,0,1.0,1,0,0,2.0,1,0,2.0,0,1,0,0,4.0,26,317.0,0.85
0.0,392.0,2.0,2,33.0,949.0,223.0,43.0,20.0,2.0,6.0,1324.0,22.543674,88.42577,1,3.0,0,0,1,0,0,0,0,0.0,0,0,0,2.0,1,0,1.0,1,0,0,0,14.0,28,242.0,0.75
0.0,356.0,3.0,2,24.0,949.0,513.0,43.0,20.0,2.0,14.0,1690.0,22.543674,88.42577,1,3.0,0,0,1,0,0,0,0,0.0,0,0,0,2.0,1,0,1.0,1,0,0,0,14.0,28,242.0,0.85
0.0,459.0,2.672021502414428,0,4.0,607.0,783.0,10.0,12.0,1.2297135143990388,3.753961788353753,1500.0,22.4439029807,88.2978736068,1,3.0,0,0,1,0,0,0,0,3.0,0,0,1,3.0,0,1,3.0,0,0,1,0,41.0,27,166.0,0.0626
0.0,2093.0,1.0,1,6.0,949.0,53.0,43.0,45.0,1.0,0.0,450.0,22.622969,88.43393,1,1.0,1,0,0,0,0,0,0,0.0,0,0,0,2.0,1,0,2.0,0,1,0,0,180.0,26,353.0,0.1575
0.0,747.0,2.0,1,6.0,949.0,300.0,43.0,44.0,1.0,1.0,920.0,22.62488,88.434204,1,6.0,0,0,0,0,0,1,0,0.0,0,0,0,2.0,1,0,2.0,0,1,0,0,180.0,26,353.0,0.414
0.0,746.0,2.0,1,6.0,949.0,300.0,43.0,44.0,1.0,1.0,955.0,22.62488,88.434204,1,6.0,0,0,0,0,0,1,0,0.0,0,0,0,2.0,1,0,2.0,0,1,0,0,180.0,26,353.0,0.4296999999999999
0.0,1690.0,2.0,1,6.0,963.0,300.0,43.0,43.0,1.0,1.0,953.0,22.623915,88.43435,1,6.0,0,0,0,0,0,1,0,0.0,0,0,0,2.0,1,0,2.0,0,1,0,0,180.0,26,353.0,0.4288
0.0,3788.0,1.0,1,4.0,719.0,7.0,43.0,15.0,1.0,2.0,510.0,22.730184,88.455814,1,4.0,0,0,0,1,0,0,0,0.0,0,0,0,2.0,1,0,2.0,0,1,0,0,219.0,26,48.0,0.1251
0.0,1912.0,1.0,1,4.0,719.0,7.0,43.0,15.0,1.0,4.0,510.0,22.730184,88.455814,1,6.0,0,0,0,0,0,1,0,0.0,0,0,0,2.0,1,0,2.0,0,1,0,0,219.0,26,48.0,0.115
0.0,1400.0,2.0,1,4.0,719.0,93.0,43.0,15.0,1.0,3.0,615.0,22.730184,88.455814,1,3.0,0,0,1,0,0,0,0,0.0,0,0,0,2.0,1,0,2.0,0,1,0,0,219.0,26,48.0,0.1644999999999999
0.0,3307.0,3.0,2,4.0,719.0,385.0,43.0,15.0,1.0,3.0,940.0,22.730184,88.455814,1,8.0,0,0,0,0,0,0,1,0.0,0,0,0,2.0,1,0,2.0,0,1,0,0,219.0,26,48.0,0.22
0.0,3738.0,3.0,2,4.0,719.0,385.0,43.0,15.0,1.0,2.0,943.0,22.730184,88.455814,1,4.0,0,0,0,1,0,0,0,0.0,0,0,0,2.0,1,0,2.0,0,1,0,0,219.0,26,48.0,0.23
0.0,3753.0,3.0,1,4.0,719.0,385.0,43.0,15.0,1.0,2.0,943.0,22.730184,88.455814,1,4.0,0,0,0,1,0,0,0,0.0,0,0,0,2.0,1,0,2.0,0,1,0,0,219.0,26,48.0,0.23
0.0,165.0,3.0,1,4.0,719.0,385.0,43.0,15.0,1.0,3.0,943.0,22.730184,88.455814,1,2.0,0,1,0,0,0,0,0,0.0,0,0,0,2.0,1,0,2.0,0,1,0,0,219.0,26,48.0,0.2195
0.0,334.0,2.0,1,4.0,719.0,93.0,43.0,15.0,1.0,2.0,760.0,22.730184,88.455814,1,5.0,0,0,0,0,1,0,0,0.0,0,0,0,2.0,1,0,2.0,0,1,0,0,219.0,26,48.0,0.1751
0.0,344.0,3.0,2,5.0,684.0,385.0,43.0,13.0,1.0,1.0,1048.0,22.735636,88.463418,1,4.0,0,0,0,1,0,0,0,0.0,0,0,0,2.0,1,0,2.0,0,1,0,0,213.0,26,48.0,0.205
0.0,1398.0,1.0,2,5.0,684.0,7.0,43.0,13.0,1.0,0.0,390.0,22.735636,88.463418,1,5.0,0,0,0,0,1,0,0,0.0,0,0,0,2.0,1,0,2.0,0,1,0,0,213.0,26,48.0,0.0775
0.0,312.0,1.0,2,5.0,682.0,7.0,43.0,12.0,1.0,2.0,391.0,22.7358049,88.4616753,1,5.0,0,0,0,0,1,0,0,0.0,0,0,0,2.0,1,0,2.0,0,1,0,0,275.0,26,48.0,0.085
0.0,314.0,1.0,2,5.0,684.0,7.0,43.0,13.0,1.0,5.0,391.0,22.735636,88.463418,1,7.0,0,0,0,0,0,0,0,0.0,0,0,0,2.0,1,0,2.0,0,1,0,0,213.0,26,48.0,0.08
0.0,1227.0,1.0,2,5.0,682.0,7.0,43.0,12.0,1.0,4.0,416.0,22.7358049,88.4616753,1,8.0,0,0,0,0,0,0,1,0.0,0,0,0,2.0,1,0,2.0,0,1,0,0,275.0,26,48.0,0.0925
0.0,3751.0,3.0,2,4.0,719.0,385.0,43.0,15.0,1.0,4.0,940.0,22.730184,88.455814,1,3.0,0,0,1,0,0,0,0,0.0,0,0,0,2.0,1,0,2.0,0,1,0,0,219.0,26,48.0,0.2025
0.0,3975.0,3.0,6,4.0,949.0,355.0,43.0,33.0,2.0,1.0,1480.0,22.570724,88.46723,1,0.0,0,0,0,0,0,0,0,1.0,1,0,0,2.0,1,0,1.0,1,0,0,0,85.0,28,2.0,0.9
0.0,169.0,3.0,1,5.0,949.0,513.0,43.0,49.0,1.0,3.0,1250.0,22.599495,88.42947,1,5.0,0,0,0,0,1,0,0,0.0,0,0,0,2.0,1,0,1.0,1,0,0,0,75.0,28,242.0,0.71
0.0,1232.0,3.0,1,5.0,949.0,513.0,43.0,49.0,2.0,4.0,1251.0,22.599495,88.42947,1,5.0,0,0,0,0,1,0,0,0.0,0,0,0,2.0,1,0,1.0,1,0,0,0,75.0,28,242.0,0.7025
0.0,3792.0,3.0,1,5.0,949.0,513.0,43.0,49.0,1.0,4.0,1250.0,22.599495,88.42947,1,8.0,0,0,0,0,0,0,1,0.0,0,0,0,2.0,1,0,1.0,1,0,0,0,75.0,28,242.0,0.72
0.0,172.0,3.0,1,5.0,949.0,513.0,43.0,49.0,2.0,5.0,1251.0,22.599495,88.42947,1,6.0,0,0,0,0,0,1,0,0.0,0,0,0,2.0,1,0,1.0,1,0,0,0,75.0,28,242.0,0.7
0.0,3309.0,3.0,1,5.0,949.0,513.0,43.0,49.0,2.0,5.0,1249.0,22.599495,88.42947,1,2.0,0,1,0,0,0,0,0,0.0,0,0,0,2.0,1,0,1.0,1,0,0,0,75.0,28,242.0,0.703
0.0,3312.0,3.0,1,5.0,949.0,513.0,43.0,49.0,1.0,3.0,1250.0,22.599495,88.42947,1,5.0,0,0,0,0,1,0,0,0.0,0,0,0,2.0,1,0,1.0,1,0,0,0,75.0,28,242.0,0.725
0.0,366.0,3.0,1,5.0,949.0,513.0,43.0,37.0,2.0,2.0,1250.0,22.630499,88.455956,1,7.0,0,0,0,0,0,0,0,0.0,0,0,0,2.0,1,0,1.0,1,0,0,0,183.0,28,242.0,0.735
0.0,367.0,3.0,1,5.0,949.0,513.0,43.0,37.0,2.0,4.0,1250.0,22.630499,88.455956,1,5.0,0,0,0,0,1,0,0,0.0,0,0,0,2.0,1,0,1.0,1,0,0,0,183.0,28,242.0,0.73
0.0,3790.0,3.0,1,5.0,949.0,513.0,43.0,37.0,2.0,1.0,1251.0,22.630499,88.455956,1,6.0,0,0,0,0,0,1,0,0.0,0,0,0,2.0,1,0,1.0,1,0,0,0,183.0,28,242.0,0.75
0.0,170.0,3.0,1,5.0,949.0,513.0,43.0,34.0,2.0,4.0,1250.0,22.63038,88.45737,1,4.0,0,0,0,1,0,0,0,0.0,0,0,0,2.0,1,0,1.0,1,0,0,0,183.0,28,242.0,0.721
0.0,3311.0,3.0,1,5.0,949.0,513.0,43.0,34.0,2.0,5.0,1249.0,22.63038,88.45737,1,6.0,0,0,0,0,0,1,0,0.0,0,0,0,2.0,1,0,1.0,1,0,0,0,183.0,28,242.0,0.71
0.0,171.0,3.0,1,5.0,949.0,513.0,43.0,37.0,2.0,5.0,1250.0,22.629826,88.45638,1,7.0,0,0,0,0,0,0,0,0.0,0,0,0,2.0,1,0,1.0,1,0,0,0,183.0,28,242.0,0.705
0.0,2824.0,2.6801899137938063,1,4.0,916.0,770.0,43.0,35.0,1.2358078632661105,4.0,1486.0,22.6006912,88.4694535,1,3.0,0,0,1,0,0,0,0,0.0,0,0,0,2.0,1,0,1.0,1,0,0,0,185.0,28,242.0,0.75
0.0,1535.0,3.0,1,4.0,949.0,513.0,43.0,41.0,1.0,3.0,1250.0,22.587511,88.45503,0,4.0,0,0,0,1,0,0,0,0.0,0,0,0,2.0,1,0,1.0,1,0,0,0,86.0,28,242.0,0.63
0.0,1166.0,3.0,5,11.0,949.0,358.0,45.0,11.0,2.0,8.0,1718.0,22.569,88.510296,0,1.0,1,0,0,0,0,0,0,0.0,0,0,0,2.0,1,0,1.0,1,0,0,0,10.0,28,6.0,0.83
0.0,2655.0,3.0,1,4.0,949.0,513.0,43.0,41.0,1.0,3.0,1250.0,22.587511,88.45503,0,7.0,0,0,0,0,0,0,0,0.0,0,0,0,2.0,1,0,1.0,1,0,0,0,86.0,28,242.0,0.64
0.0,3356.0,3.0,1,4.0,949.0,513.0,43.0,35.0,2.0,2.0,1464.0,22.573898,88.47524,1,8.0,0,0,0,0,0,0,1,0.0,0,0,0,2.0,1,0,1.0,1,0,0,0,86.0,28,242.0,0.83
0.0,2091.0,3.0,1,4.0,949.0,513.0,43.0,35.0,2.0,1.0,1464.0,22.573898,88.47524,1,7.0,0,0,0,0,0,0,0,0.0,0,0,0,2.0,1,0,1.0,1,0,0,0,86.0,28,242.0,0.85
0.0,1785.0,3.0,1,4.0,949.0,513.0,43.0,35.0,1.0,3.0,1250.0,22.573898,88.47524,1,4.0,0,0,0,1,0,0,0,0.0,0,0,0,2.0,1,0,1.0,1,0,0,0,86.0,28,242.0,0.75
0.0,3988.0,3.0,1,4.0,949.0,513.0,43.0,41.0,1.0,3.0,1200.0,22.587837,88.454506,1,4.0,0,0,0,1,0,0,0,0.0,0,0,0,2.0,1,0,1.0,1,0,0,0,86.0,28,242.0,0.78
0.0,1868.0,3.0,5,11.0,1489.0,508.0,44.0,10.0,1.0,6.0,1400.0,22.497595,88.333489,1,1.0,1,0,0,0,0,0,0,0.0,0,0,0,2.0,1,0,3.0,0,0,1,0,112.0,27,237.0,1.5
0.0,357.0,3.0,1,4.0,719.0,385.0,43.0,15.0,1.0,3.0,940.0,22.730178,88.4565144,1,1.0,1,0,0,0,0,0,0,0.0,0,0,0,2.0,1,0,2.0,0,1,0,0,219.0,26,48.0,0.195
0.0,3736.0,3.0,2,4.0,719.0,385.0,43.0,15.0,1.0,4.0,1100.0,22.730184,88.455814,1,3.0,0,0,1,0,0,0,0,0.0,0,0,0,2.0,1,0,2.0,0,1,0,0,219.0,26,48.0,0.235
0.0,624.0,3.0,2,7.0,212.0,486.0,43.0,26.0,2.0,5.0,1045.0,22.70267,88.472819,1,4.0,0,0,0,1,0,0,0,0.0,0,0,0,2.0,1,0,2.0,0,1,0,0,213.0,26,195.0,0.415
0.0,1913.0,3.0,1,4.0,719.0,385.0,43.0,15.0,1.0,1.0,940.0,22.730184,88.455814,1,7.0,0,0,0,0,0,0,0,0.0,0,0,0,2.0,1,0,2.0,0,1,0,0,219.0,26,48.0,0.225
0.0,3142.0,2.0,1,4.0,719.0,93.0,43.0,15.0,1.0,3.0,615.0,22.730184,88.455814,1,5.0,0,0,0,0,1,0,0,0.0,0,0,0,2.0,1,0,2.0,0,1,0,0,219.0,26,48.0,0.163
0.0,3580.0,3.0,1,4.0,719.0,385.0,43.0,15.0,1.0,1.0,943.0,22.730184,88.455814,1,8.0,0,0,0,0,0,0,1,0.0,0,0,0,2.0,1,0,2.0,0,1,0,0,219.0,26,48.0,0.22
0.0,389.0,2.0,2,7.0,212.0,193.0,43.0,26.0,2.0,1.0,780.0,22.70267,88.472819,1,5.0,0,0,0,0,1,0,0,0.0,0,0,0,2.0,1,0,2.0,0,1,0,0,213.0,26,195.0,0.25
0.0,1401.0,3.0,1,4.0,719.0,385.0,43.0,15.0,1.0,4.0,940.0,22.730184,88.455814,1,3.0,0,0,1,0,0,0,0,0.0,0,0,0,2.0,1,0,2.0,0,1,0,0,219.0,26,48.0,0.23
0.0,722.0,2.0,2,4.0,719.0,93.0,43.0,15.0,1.0,2.0,760.0,22.7300081,88.4565124,1,4.0,0,0,0,1,0,0,0,0.0,0,0,0,2.0,1,0,2.0,0,1,0,0,219.0,26,48.0,0.1755
0.0,3754.0,3.0,1,4.0,719.0,385.0,43.0,15.0,1.0,2.0,943.0,22.730184,88.455814,1,4.0,0,0,0,1,0,0,0,0.0,0,0,0,2.0,1,0,2.0,0,1,0,0,219.0,26,48.0,0.23
0.0,3741.0,3.0,1,4.0,719.0,385.0,43.0,15.0,1.0,1.0,943.0,22.730184,88.455814,1,3.0,0,0,1,0,0,0,0,0.0,0,0,0,2.0,1,0,2.0,0,1,0,0,219.0,26,48.0,0.2
0.0,3455.0,1.0,2,5.0,684.0,7.0,43.0,13.0,1.0,0.0,390.0,22.735636,88.463418,1,3.0,0,0,1,0,0,0,0,0.0,0,0,0,2.0,1,0,2.0,0,1,0,0,213.0,26,48.0,0.075
0.0,1908.0,1.0,1,4.0,719.0,7.0,43.0,15.0,1.0,2.0,510.0,22.7302544,88.4554503,1,3.0,0,0,1,0,0,0,0,0.0,0,0,0,2.0,1,0,2.0,0,1,0,0,219.0,26,48.0,0.125
0.0,315.0,1.0,1,4.0,719.0,7.0,43.0,15.0,1.0,1.0,509.0,22.7303639,88.4552886,1,4.0,0,0,0,1,0,0,0,0.0,0,0,0,2.0,1,0,2.0,0,1,0,0,219.0,26,48.0,0.125
0.0,431.0,3.0,1,4.0,719.0,385.0,43.0,15.0,1.0,3.0,943.0,22.730184,88.455814,1,7.0,0,0,0,0,0,0,0,0.0,0,0,0,2.0,1,0,2.0,0,1,0,0,219.0,26,48.0,0.205
0.0,772.0,2.0,2,3.0,1275.0,93.0,43.0,9.0,1.0,3.0,700.0,22.6968663,88.4127157,1,3.0,0,0,1,0,0,0,0,0.0,0,0,0,2.0,1,0,2.0,0,1,0,0,200.0,26,48.0,0.165
0.0,369.0,3.0,1,4.0,719.0,385.0,43.0,15.0,1.0,2.0,943.0,22.7297091,88.4564424,1,4.0,0,0,0,1,0,0,0,0.0,0,0,0,2.0,1,0,2.0,0,1,0,0,219.0,26,48.0,0.221
0.0,3005.0,1.0,2,5.0,684.0,7.0,43.0,13.0,1.0,4.0,416.0,22.7346288,88.4623928,1,3.0,0,0,1,0,0,0,0,0.0,0,0,0,2.0,1,0,2.0,0,1,0,0,213.0,26,48.0,0.09
0.0,3810.0,1.0,1,4.0,719.0,7.0,43.0,15.0,1.0,4.0,510.0,22.7302816,88.4552027,1,6.0,0,0,0,0,0,1,0,0.0,0,0,0,2.0,1,0,2.0,0,1,0,0,219.0,26,48.0,0.1144999999999999
0.0,724.0,2.0,6,4.0,724.0,93.0,42.0,15.0,1.0,2.0,590.0,22.728368,88.455207,1,3.0,0,0,1,0,0,0,0,0.0,0,0,0,2.0,1,0,2.0,0,1,0,0,222.0,26,48.0,0.175
0.0,723.0,2.0,6,4.0,724.0,93.0,42.0,15.0,1.0,2.0,590.0,22.728368,88.455207,1,5.0,0,0,0,0,1,0,0,0.0,0,0,0,2.0,1,0,2.0,0,1,0,0,222.0,26,48.0,0.1751
0.0,1402.0,3.0,1,4.0,719.0,385.0,43.0,15.0,1.0,3.0,943.0,22.730184,88.455814,1,4.0,0,0,0,1,0,0,0,0.0,0,0,0,2.0,1,0,2.0,0,1,0,0,219.0,26,48.0,0.195
0.0,396.0,3.0,1,4.0,719.0,385.0,43.0,15.0,1.0,2.0,940.0,22.730184,88.455814,1,3.0,0,0,1,0,0,0,0,0.0,0,0,0,2.0,1,0,2.0,0,1,0,0,219.0,26,48.0,0.23
0.0,3737.0,3.0,2,5.0,684.0,385.0,43.0,13.0,1.0,1.0,1048.0,22.735636,88.463418,1,4.0,0,0,0,1,0,0,0,0.0,0,0,0,2.0,1,0,2.0,0,1,0,0,213.0,26,48.0,0.2051
0.0,3752.0,3.0,1,4.0,719.0,385.0,43.0,15.0,1.0,2.0,943.0,22.730184,88.455814,1,1.0,1,0,0,0,0,0,0,0.0,0,0,0,2.0,1,0,2.0,0,1,0,0,219.0,26,48.0,0.23
0.0,184.0,3.0,1,4.0,719.0,385.0,43.0,15.0,1.0,1.0,940.0,22.730184,88.455814,1,4.0,0,0,0,1,0,0,0,0.0,0,0,0,2.0,1,0,2.0,0,1,0,0,219.0,26,48.0,0.205
0.0,358.0,3.0,1,4.0,719.0,385.0,43.0,15.0,1.0,0.0,940.0,22.730184,88.455814,1,4.0,0,0,0,1,0,0,0,0.0,0,0,0,2.0,1,0,2.0,0,1,0,0,219.0,26,48.0,0.195
0.0,350.0,3.0,1,4.0,719.0,385.0,43.0,15.0,1.0,4.0,943.0,22.730184,88.455814,1,1.0,1,0,0,0,0,0,0,0.0,0,0,0,2.0,1,0,2.0,0,1,0,0,219.0,26,48.0,0.2239999999999999
0.0,3740.0,3.0,1,4.0,719.0,385.0,43.0,15.0,1.0,3.0,943.0,22.730184,88.455814,1,2.0,0,1,0,0,0,0,0,0.0,0,0,0,2.0,1,0,2.0,0,1,0,0,219.0,26,48.0,0.21
0.0,3923.0,3.0,1,4.0,719.0,385.0,43.0,15.0,1.0,1.0,943.0,22.7301008,88.4560816,1,4.0,0,0,0,1,0,0,0,0.0,0,0,0,2.0,1,0,2.0,0,1,0,0,219.0,26,48.0,0.2225
0.0,3239.0,3.0,1,4.0,719.0,385.0,43.0,15.0,1.0,3.0,940.0,22.7304082,88.4557468,1,2.0,0,1,0,0,0,0,0,0.0,0,0,0,2.0,1,0,2.0,0,1,0,0,219.0,26,48.0,0.2175
0.0,349.0,3.0,1,4.0,719.0,385.0,43.0,15.0,1.0,4.0,940.0,22.730184,88.455814,1,4.0,0,0,0,1,0,0,0,0.0,0,0,0,2.0,1,0,2.0,0,1,0,0,219.0,26,48.0,0.195
0.0,2531.0,2.0,1,4.0,719.0,93.0,43.0,15.0,1.0,1.0,615.0,22.7299792,88.4552536,1,3.0,0,0,1,0,0,0,0,0.0,0,0,0,2.0,1,0,2.0,0,1,0,0,219.0,26,48.0,0.1555
0.0,435.0,3.0,1,4.0,719.0,385.0,43.0,15.0,1.0,1.0,943.0,22.730184,88.455814,1,8.0,0,0,0,0,0,0,1,0.0,0,0,0,2.0,1,0,2.0,0,1,0,0,219.0,26,48.0,0.21
0.0,567.0,3.0,1,4.0,719.0,385.0,43.0,15.0,1.0,1.0,943.0,22.730184,88.455814,1,5.0,0,0,0,0,1,0,0,0.0,0,0,0,2.0,1,0,2.0,0,1,0,0,219.0,26,48.0,0.2125
0.0,1229.0,2.0,1,4.0,719.0,93.0,43.0,15.0,1.0,4.0,760.0,22.6968663,88.4127157,1,6.0,0,0,0,0,0,1,0,0.0,0,0,0,2.0,1,0,2.0,0,1,0,0,219.0,26,48.0,0.1755
0.0,341.0,2.0,1,4.0,719.0,93.0,43.0,15.0,1.0,2.0,760.0,22.730184,88.455814,1,4.0,0,0,0,1,0,0,0,0.0,0,0,0,2.0,1,0,2.0,0,1,0,0,219.0,26,48.0,0.175
0.0,325.0,2.0,2,4.0,719.0,93.0,43.0,15.0,1.0,2.0,760.0,22.730184,88.455814,1,6.0,0,0,0,0,0,1,0,0.0,0,0,0,2.0,1,0,2.0,0,1,0,0,219.0,26,48.0,0.1755
0.0,3010.0,1.0,1,4.0,719.0,7.0,43.0,15.0,1.0,4.0,510.0,22.7263095,88.4627327,1,8.0,0,0,0,0,0,0,1,0.0,0,0,0,2.0,1,0,2.0,0,1,0,0,219.0,26,48.0,0.113
0.0,817.0,3.0,2,4.0,719.0,385.0,43.0,15.0,1.0,2.0,940.0,22.730184,88.455814,1,4.0,0,0,0,1,0,0,0,0.0,0,0,0,2.0,1,0,2.0,0,1,0,0,219.0,26,48.0,0.235
0.0,1230.0,3.0,1,4.0,719.0,385.0,43.0,15.0,1.0,3.0,943.0,22.730184,88.455814,1,7.0,0,0,0,0,0,0,0,0.0,0,0,0,2.0,1,0,2.0,0,1,0,0,219.0,26,48.0,0.2275
0.0,386.0,2.0,1,4.0,719.0,93.0,43.0,15.0,1.0,1.0,615.0,22.7289107,88.4581786,1,3.0,0,0,1,0,0,0,0,0.0,0,0,0,2.0,1,0,2.0,0,1,0,0,219.0,26,48.0,0.1625
0.0,1.0,1.0,2,5.0,684.0,7.0,43.0,13.0,1.0,3.0,390.0,22.735636,88.463418,1,4.0,0,0,0,1,0,0,0,0.0,0,0,0,2.0,1,0,2.0,0,1,0,0,213.0,26,48.0,0.085
0.0,333.0,2.0,1,4.0,719.0,93.0,43.0,15.0,1.0,1.0,615.0,22.730184,88.455814,1,3.0,0,0,1,0,0,0,0,0.0,0,0,0,2.0,1,0,2.0,0,1,0,0,219.0,26,48.0,0.165
0.0,3739.0,3.0,1,4.0,719.0,385.0,43.0,15.0,1.0,1.0,943.0,22.6968663,88.4127157,1,4.0,0,0,0,1,0,0,0,0.0,0,0,0,2.0,1,0,2.0,0,1,0,0,219.0,26,48.0,0.215
0.0,352.0,3.0,1,4.0,719.0,385.0,43.0,15.0,1.0,2.0,943.0,22.730184,88.455814,1,3.0,0,0,1,0,0,0,0,0.0,0,0,0,2.0,1,0,2.0,0,1,0,0,219.0,26,48.0,0.225
0.0,324.0,3.0,1,4.0,719.0,385.0,43.0,15.0,1.0,1.0,940.0,22.730184,88.455814,1,1.0,1,0,0,0,0,0,0,0.0,0,0,0,2.0,1,0,2.0,0,1,0,0,219.0,26,48.0,0.235
0.0,1138.0,3.0,1,4.0,719.0,385.0,43.0,15.0,1.0,3.0,940.0,22.730184,88.455814,1,7.0,0,0,0,0,0,0,0,0.0,0,0,0,2.0,1,0,2.0,0,1,0,0,219.0,26,48.0,0.205
0.0,3922.0,3.0,1,4.0,719.0,385.0,43.0,15.0,1.0,3.0,943.0,22.730184,88.455814,1,3.0,0,0,1,0,0,0,0,0.0,0,0,0,2.0,1,0,2.0,0,1,0,0,219.0,26,48.0,0.2255
0.0,1399.0,2.0,1,4.0,719.0,93.0,43.0,15.0,1.0,2.0,760.0,22.7314424,88.4556802,1,4.0,0,0,0,1,0,0,0,0.0,0,0,0,2.0,1,0,2.0,0,1,0,0,219.0,26,48.0,0.1751
0.0,1910.0,3.0,1,4.0,719.0,385.0,43.0,15.0,1.0,2.0,940.0,22.7314424,88.4556802,1,3.0,0,0,1,0,0,0,0,0.0,0,0,0,2.0,1,0,2.0,0,1,0,0,219.0,26,48.0,0.23
0.0,1909.0,2.0,2,4.0,719.0,93.0,43.0,15.0,1.0,1.0,615.0,22.730184,88.455814,1,8.0,0,0,0,0,0,0,1,0.0,0,0,0,2.0,1,0,2.0,0,1,0,0,219.0,26,48.0,0.155
0.0,3004.0,1.0,1,4.0,719.0,7.0,43.0,15.0,1.0,4.0,510.0,22.730184,88.455814,1,7.0,0,0,0,0,0,0,0,0.0,0,0,0,2.0,1,0,2.0,0,1,0,0,219.0,26,48.0,0.1155
0.0,1360.0,1.0,2,5.0,684.0,7.0,43.0,13.0,1.0,3.0,390.0,22.7347402,88.4625214,1,5.0,0,0,0,0,1,0,0,0.0,0,0,0,2.0,1,0,2.0,0,1,0,0,213.0,26,48.0,0.0875
0.0,424.0,1.0,2,5.0,684.0,7.0,43.0,13.0,1.0,0.0,391.0,22.7346494,88.4623559,1,4.0,0,0,0,1,0,0,0,0.0,0,0,0,2.0,1,0,2.0,0,1,0,0,213.0,26,48.0,0.078
0.0,546.0,3.0,2,5.0,682.0,385.0,43.0,12.0,1.0,1.0,1048.0,22.7359198,88.4630496,1,1.0,1,0,0,0,0,0,0,0.0,0,0,0,2.0,1,0,2.0,0,1,0,0,275.0,26,48.0,0.2
0.0,1911.0,3.0,1,4.0,719.0,385.0,43.0,15.0,1.0,3.0,943.0,22.7301893,88.4564181,1,4.0,0,0,0,1,0,0,0,0.0,0,0,0,2.0,1,0,2.0,0,1,0,0,219.0,26,48.0,0.2155
0.0,227.0,3.0,6,4.0,949.0,356.0,43.0,28.0,2.0,1.0,1248.0,22.60134,88.471506,0,0.0,0,0,0,0,0,0,0,0.0,0,0,0,2.0,1,0,1.0,1,0,0,0,185.0,28,3.0,0.625
0.0,228.0,3.0,6,4.0,949.0,357.0,43.0,28.0,2.0,1.0,1250.0,22.615992,88.47667,1,0.0,0,0,0,0,0,0,0,0.0,0,0,0,2.0,1,0,1.0,1,0,0,0,209.0,28,4.0,0.63
0.0,928.0,3.0,5,4.0,949.0,513.0,45.0,35.0,1.0,3.0,1186.0,22.6006912,88.4694535,1,6.0,0,0,0,0,0,1,0,0.0,0,0,0,2.0,1,0,1.0,1,0,0,0,185.0,28,242.0,0.77
0.0,20.0,3.0,1,9.0,949.0,513.0,43.0,35.0,1.0,8.0,1480.0,22.6006912,88.4694535,0,6.0,0,0,0,0,0,1,0,0.0,0,0,0,2.0,1,0,1.0,1,0,0,0,185.0,28,242.0,0.8
0.0,206.0,2.672021502414428,0,4.0,949.0,787.0,1.0,35.0,1.2297135143990388,3.753961788353753,2159.0,22.6006912,88.4694535,1,1.0,1,0,0,0,0,0,0,3.0,0,0,1,3.0,0,1,1.0,1,0,0,0,185.0,28,242.0,1.3
0.0,1234.0,3.0,6,4.0,949.0,513.0,43.0,38.0,2.0,2.0,1483.0,22.622898,88.45206,1,2.0,0,1,0,0,0,0,0,0.0,0,0,0,2.0,1,0,1.0,1,0,0,0,183.0,28,242.0,0.76
0.0,363.0,3.0,6,4.0,949.0,513.0,43.0,38.0,1.0,4.0,1480.0,22.622898,88.45206,1,7.0,0,0,0,0,0,0,0,0.0,0,0,0,2.0,1,0,1.0,1,0,0,0,183.0,28,242.0,0.76
0.0,361.0,3.0,6,4.0,949.0,513.0,43.0,38.0,2.0,3.0,1482.0,22.622898,88.45206,1,4.0,0,0,0,1,0,0,0,0.0,0,0,0,2.0,1,0,1.0,1,0,0,0,183.0,28,242.0,0.75
0.0,1233.0,3.0,6,4.0,949.0,513.0,43.0,38.0,2.0,3.0,1480.0,22.622898,88.45206,1,6.0,0,0,0,0,0,1,0,0.0,0,0,0,2.0,1,0,1.0,1,0,0,0,183.0,28,242.0,0.755
0.0,409.0,3.0,6,4.0,949.0,513.0,43.0,38.0,2.0,2.0,1481.0,22.622898,88.45206,1,8.0,0,0,0,0,0,0,1,0.0,0,0,0,2.0,1,0,1.0,1,0,0,0,183.0,28,242.0,0.75
0.0,368.0,3.0,6,4.0,967.0,513.0,43.0,38.0,2.0,4.0,1483.0,22.622898,88.45206,1,1.0,1,0,0,0,0,0,0,0.0,0,0,0,2.0,1,0,1.0,1,0,0,0,183.0,28,242.0,0.74
0.0,408.0,3.0,1,4.0,949.0,513.0,43.0,36.0,2.0,2.0,1256.0,22.623108,88.44842,1,5.0,0,0,0,0,1,0,0,0.0,0,0,0,2.0,1,0,1.0,1,0,0,0,184.0,28,242.0,0.69
0.0,3310.0,3.0,1,4.0,949.0,513.0,43.0,36.0,2.0,4.0,1251.0,22.623108,88.44842,1,6.0,0,0,0,0,0,1,0,0.0,0,0,0,2.0,1,0,1.0,1,0,0,0,184.0,28,242.0,0.66
0.0,3791.0,3.0,1,4.0,967.0,513.0,43.0,36.0,1.0,3.0,1250.0,22.623108,88.44842,1,8.0,0,0,0,0,0,0,1,0.0,0,0,0,2.0,1,0,1.0,1,0,0,0,184.0,28,242.0,0.7
0.0,1167.0,3.0,5,11.0,949.0,358.0,45.0,11.0,2.0,9.0,1715.0,22.569,88.510296,1,1.0,1,0,0,0,0,0,0,0.0,0,0,0,2.0,1,0,1.0,1,0,0,0,10.0,28,6.0,0.8
0.0,410.0,3.0,1,4.0,949.0,513.0,43.0,36.0,2.0,3.0,1255.0,22.623108,88.44842,1,2.0,0,1,0,0,0,0,0,0.0,0,0,0,2.0,1,0,1.0,1,0,0,0,184.0,28,242.0,0.67
0.0,1165.0,3.0,5,11.0,949.0,513.0,45.0,35.0,2.0,8.0,1720.0,22.6006912,88.4694535,1,1.0,1,0,0,0,0,0,0,0.0,0,0,0,2.0,1,0,1.0,1,0,0,0,185.0,28,242.0,0.78
0.0,79.0,2.672021502414428,0,5.0,949.0,787.0,43.0,35.0,1.2297135143990388,3.753961788353753,1612.0,22.6006912,88.4694535,1,2.0,0,1,0,0,0,0,0,3.0,0,0,1,3.0,0,1,1.0,1,0,0,0,185.0,28,242.0,1.15
0.0,233.0,3.0,2,9.0,949.0,513.0,43.0,35.0,1.0,8.0,1485.0,22.6006912,88.4694535,0,6.0,0,0,0,0,0,1,0,0.0,0,0,0,2.0,1,0,1.0,1,0,0,0,185.0,28,242.0,0.8
0.0,1517.0,4.0,6,4.0,949.0,697.0,43.0,35.0,2.0,3.0,2250.0,22.575016,88.4674,1,2.0,0,1,0,0,0,0,0,0.0,0,0,0,2.0,1,0,1.0,1,0,0,0,85.0,28,245.0,1.4
0.0,2823.0,3.0,6,4.0,949.0,517.0,43.0,35.0,2.0,2.0,1487.0,22.574199,88.474834,0,3.0,0,0,1,0,0,0,0,0.0,0,0,0,2.0,1,0,1.0,1,0,0,0,86.0,28,246.0,0.85
0.0,1783.0,3.0,6,4.0,948.0,513.0,43.0,36.0,4.0,2.0,1480.0,22.630411,88.45627,1,4.0,0,0,0,1,0,0,0,0.0,0,0,0,2.0,1,0,1.0,1,0,0,0,183.0,28,242.0,0.75
0.0,2090.0,3.0,6,4.0,949.0,513.0,43.0,44.0,4.0,1.0,1480.0,22.567162,88.45999,1,5.0,0,0,0,0,1,0,0,0.0,0,0,0,2.0,1,0,1.0,1,0,0,0,93.0,28,242.0,0.74
0.0,1786.0,3.0,1,5.0,949.0,513.0,43.0,34.0,4.0,5.0,1507.0,22.630484,88.457436,1,1.0,1,0,0,0,0,0,0,0.0,0,0,0,2.0,1,0,1.0,1,0,0,0,183.0,28,242.0,0.82
0.0,3990.0,3.0,6,4.0,949.0,513.0,43.0,44.0,3.0,1.0,1480.0,22.567162,88.45999,1,2.0,0,1,0,0,0,0,0,0.0,0,0,0,2.0,1,0,1.0,1,0,0,0,93.0,28,242.0,0.73
0.0,740.0,2.0,1,5.0,949.0,223.0,43.0,34.0,1.0,4.0,900.0,22.630484,88.457436,1,3.0,0,0,1,0,0,0,0,0.0,0,0,0,2.0,1,0,1.0,1,0,0,0,183.0,28,242.0,0.55
0.0,3635.0,3.0,6,4.0,949.0,513.0,43.0,36.0,3.0,4.0,1480.0,22.630411,88.45627,1,7.0,0,0,0,0,0,0,0,0.0,0,0,0,2.0,1,0,1.0,1,0,0,0,183.0,28,242.0,0.72
0.0,2656.0,3.0,1,5.0,949.0,513.0,43.0,34.0,4.0,5.0,1506.0,22.630484,88.457436,1,3.0,0,0,1,0,0,0,0,0.0,0,0,0,2.0,1,0,1.0,1,0,0,0,183.0,28,242.0,0.81
0.0,841.0,3.0,1,5.0,949.0,513.0,43.0,34.0,4.0,2.0,1503.0,22.630484,88.457436,1,8.0,0,0,0,0,0,0,1,0.0,0,0,0,2.0,1,0,1.0,1,0,0,0,183.0,28,242.0,0.845
0.0,2659.0,3.0,1,5.0,949.0,513.0,43.0,34.0,4.0,2.0,1506.0,22.630484,88.457436,1,5.0,0,0,0,0,1,0,0,0.0,0,0,0,2.0,1,0,1.0,1,0,0,0,183.0,28,242.0,0.84
0.0,1789.0,3.0,1,5.0,949.0,513.0,43.0,34.0,4.0,1.0,1503.0,22.630484,88.457436,1,1.0,1,0,0,0,0,0,0,0.0,0,0,0,2.0,1,0,1.0,1,0,0,0,183.0,28,242.0,0.85
0.0,89.0,2.0,6,4.0,949.0,61.0,43.0,41.0,1.0,2.0,950.0,22.581047,88.462231,1,5.0,0,0,0,0,1,0,0,0.0,0,0,0,2.0,1,0,1.0,1,0,0,0,86.0,28,2.0,0.56
0.0,222.0,3.0,6,4.0,949.0,355.0,43.0,41.0,2.0,4.0,1102.0,22.581047,88.462231,1,5.0,0,0,0,0,1,0,0,1.0,1,0,0,2.0,1,0,1.0,1,0,0,0,86.0,28,2.0,0.74
0.0,223.0,3.0,5,4.0,949.0,358.0,45.0,11.0,2.0,2.0,1500.0,22.569,88.510296,1,1.0,1,0,0,0,0,0,0,0.0,0,0,0,2.0,1,0,1.0,1,0,0,0,10.0,28,6.0,0.67
0.0,2632.0,3.0,1,4.0,949.0,355.0,43.0,39.0,1.0,4.0,1250.0,22.58546,88.46535,0,1.0,1,0,0,0,0,0,0,0.0,0,0,0,2.0,1,0,1.0,1,0,0,0,86.0,28,2.0,0.65
0.0,136.0,3.0,1,4.0,949.0,355.0,43.0,41.0,2.0,2.0,1489.0,22.581047,88.462231,1,8.0,0,0,0,0,0,0,1,2.0,0,1,0,2.0,1,0,1.0,1,0,0,0,86.0,28,2.0,0.8
0.0,176.0,3.0,5,4.0,949.0,355.0,45.0,41.0,2.0,2.0,1250.0,22.581047,88.462231,0,8.0,0,0,0,0,0,0,1,0.0,0,0,0,2.0,1,0,1.0,1,0,0,0,86.0,28,2.0,0.7
0.0,219.0,3.0,6,4.0,949.0,513.0,43.0,35.0,2.0,2.0,1250.0,22.6006912,88.4694535,1,8.0,0,0,0,0,0,0,1,0.0,0,0,0,2.0,1,0,1.0,1,0,0,0,185.0,28,242.0,0.6
0.0,3866.0,2.0,5,4.0,949.0,224.0,45.0,39.0,1.0,3.0,840.0,22.578154,88.460627,1,2.0,0,1,0,0,0,0,0,0.0,0,0,0,2.0,1,0,1.0,1,0,0,0,85.0,28,245.0,0.5
0.0,837.0,3.0,6,4.0,949.0,355.0,43.0,39.0,2.0,4.0,1250.0,22.572504,88.46198,1,2.0,0,1,0,0,0,0,0,0.0,0,0,0,2.0,1,0,1.0,1,0,0,0,85.0,28,2.0,0.68
0.0,22.0,3.0,1,4.0,949.0,515.0,43.0,38.0,1.0,2.0,1498.0,22.581425,88.46537,1,7.0,0,0,0,0,0,0,0,0.0,0,0,0,2.0,1,0,1.0,1,0,0,0,86.0,28,244.0,0.9
0.0,3865.0,2.0,6,4.0,949.0,61.0,43.0,35.0,1.0,4.0,1110.0,22.574848,88.4676,1,7.0,0,0,0,0,0,0,0,0.0,0,0,0,2.0,1,0,1.0,1,0,0,0,85.0,28,2.0,0.7
0.0,224.0,3.0,6,4.0,949.0,513.0,43.0,35.0,2.0,2.0,1500.0,22.577168,88.475624,1,1.0,1,0,0,0,0,0,0,0.0,0,0,0,2.0,1,0,1.0,1,0,0,0,86.0,28,242.0,0.65
0.0,741.0,2.0,6,4.0,949.0,223.0,43.0,35.0,2.0,1.0,998.0,22.6006912,88.4694535,0,8.0,0,0,0,0,0,0,1,0.0,0,0,0,2.0,1,0,1.0,1,0,0,0,185.0,28,242.0,0.48
0.0,215.0,4.0,1,3.0,949.0,729.0,43.0,41.0,4.0,7.934391300069942,3375.0,22.581047,88.462231,1,0.0,0,0,0,0,0,0,0,2.0,0,1,0,0.0,0,0,1.0,1,0,0,0,86.0,28,2.0,2.25
0.0,923.0,2.0,5,4.0,949.0,62.0,45.0,28.0,1.0,3.0,1226.0,22.60134,88.471506,1,1.0,1,0,0,0,0,0,0,0.0,0,0,0,2.0,1,0,1.0,1,0,0,0,185.0,28,3.0,0.65
0.0,3280.0,3.0,2,13.0,1262.0,515.0,43.0,39.0,2.0,2.0,1335.0,22.5797688,88.4621891,1,0.0,0,0,0,0,0,0,0,0.0,0,0,0,2.0,1,0,1.0,1,0,0,0,86.0,28,244.0,0.95
0.0,3304.0,3.0,1,16.0,1675.0,513.0,43.0,13.0,2.0,9.0,1226.0,22.5599444,88.4957689,1,0.0,0,0,0,0,0,0,0,1.0,1,0,0,2.0,1,0,1.0,1,0,0,0,10.0,28,242.0,0.85
0.0,85.0,4.0,6,4.0,949.0,645.0,43.0,38.0,3.0,1.0,2220.0,22.575184,88.46586,1,6.0,0,0,0,0,0,1,0,0.0,0,0,0,2.0,1,0,1.0,1,0,0,0,85.0,28,2.0,1.3
0.0,218.0,3.0,6,4.0,949.0,355.0,43.0,41.0,1.0,2.0,1250.0,22.581047,88.462231,1,3.0,0,0,1,0,0,0,0,0.0,0,0,0,2.0,1,0,1.0,1,0,0,0,86.0,28,2.0,0.73
0.0,221.0,3.0,5,4.0,949.0,517.0,45.0,35.0,2.0,2.0,1480.0,22.574199,88.474834,1,5.0,0,0,0,0,1,0,0,0.0,0,0,0,2.0,1,0,1.0,1,0,0,0,86.0,28,246.0,0.75
0.0,647.0,3.0,5,12.0,949.0,358.0,45.0,11.0,2.0,9.0,1625.0,22.569,88.510296,1,3.0,0,0,1,0,0,0,0,0.0,0,0,0,2.0,1,0,1.0,1,0,0,0,10.0,28,6.0,0.75
0.0,922.0,3.0,6,4.0,949.0,355.0,43.0,33.0,1.0,4.0,1252.0,22.573355,88.470665,1,3.0,0,0,1,0,0,0,0,0.0,0,0,0,2.0,1,0,1.0,1,0,0,0,85.0,28,2.0,0.7
0.0,337.0,2.0,1,4.0,949.0,223.0,43.0,42.0,1.0,4.0,845.0,22.56926,88.43396,1,8.0,0,0,0,0,0,0,1,0.0,0,0,0,2.0,1,0,1.0,1,0,0,0,5.0,28,242.0,0.48
0.0,21.0,3.0,1,8.0,949.0,355.0,43.0,35.0,1.0,1.0,1485.0,22.573977,88.47529,1,1.0,1,0,0,0,0,0,0,1.0,1,0,0,2.0,1,0,1.0,1,0,0,0,86.0,28,2.0,0.87
0.0,3789.0,2.0,1,4.0,949.0,223.0,43.0,42.0,1.0,3.0,960.0,22.61499,88.4395,1,6.0,0,0,0,0,0,1,0,0.0,0,0,0,2.0,1,0,1.0,1,0,0,0,1.0,28,242.0,0.525
0.0,1514.0,3.0,6,4.0,949.0,355.0,43.0,35.0,2.0,2.0,1500.0,22.573977,88.47529,1,2.0,0,1,0,0,0,0,0,0.0,0,0,0,2.0,1,0,1.0,1,0,0,0,86.0,28,2.0,0.86
0.0,338.0,2.0,1,4.0,949.0,223.0,43.0,42.0,1.0,3.0,980.0,22.61499,88.4395,1,3.0,0,0,1,0,0,0,0,0.0,0,0,0,2.0,1,0,1.0,1,0,0,0,1.0,28,242.0,0.52
0.0,391.0,2.0,1,4.0,949.0,223.0,43.0,42.0,1.0,4.0,1000.0,22.56926,88.43396,1,7.0,0,0,0,0,0,0,0,0.0,0,0,0,2.0,1,0,1.0,1,0,0,0,5.0,28,242.0,0.5
0.0,360.0,3.0,1,5.0,949.0,513.0,43.0,23.0,2.0,5.0,1250.0,22.70945,88.36943,1,5.0,0,0,0,0,1,0,0,0.0,0,0,0,2.0,1,0,1.0,1,0,0,0,200.0,28,242.0,0.721
0.0,362.0,3.0,1,5.0,949.0,513.0,43.0,23.0,1.0,4.0,1253.0,22.70945,88.36943,1,7.0,0,0,0,0,0,0,0,0.0,0,0,0,2.0,1,0,1.0,1,0,0,0,200.0,28,242.0,0.75
0.0,365.0,3.0,1,5.0,949.0,513.0,43.0,23.0,2.0,5.0,1250.0,22.70945,88.36943,1,2.0,0,1,0,0,0,0,0,0.0,0,0,0,2.0,1,0,1.0,1,0,0,0,200.0,28,242.0,0.715
0.0,3744.0,3.0,1,5.0,949.0,513.0,43.0,23.0,1.0,4.0,1254.0,22.70945,88.36943,1,3.0,0,0,1,0,0,0,0,0.0,0,0,0,2.0,1,0,1.0,1,0,0,0,200.0,28,242.0,0.7509999999999999
0.0,931.0,3.0,5,4.0,949.0,356.0,45.0,28.0,2.0,3.0,1250.0,22.60134,88.471506,0,3.0,0,0,1,0,0,0,0,0.0,0,0,0,2.0,1,0,1.0,1,0,0,0,185.0,28,3.0,0.65
0.0,930.0,3.0,1,4.0,949.0,516.0,43.0,38.0,1.0,4.0,1482.0,22.57502,88.46196,0,5.0,0,0,0,0,1,0,0,0.0,0,0,0,2.0,1,0,1.0,1,0,0,0,85.0,28,245.0,0.75
0.0,3989.0,3.0,1,4.0,949.0,513.0,43.0,32.0,1.0,3.0,1350.0,22.623034,88.468796,1,1.0,1,0,0,0,0,0,0,0.0,0,0,0,2.0,1,0,1.0,1,0,0,0,208.0,28,242.0,0.8
0.0,3637.0,3.0,1,4.0,949.0,513.0,43.0,32.0,2.0,4.0,1378.0,22.623034,88.468796,1,5.0,0,0,0,0,1,0,0,0.0,0,0,0,2.0,1,0,1.0,1,0,0,0,208.0,28,242.0,0.82
0.0,3264.0,3.0,1,4.0,949.0,513.0,43.0,32.0,1.0,4.0,1276.0,22.623034,88.468796,1,7.0,0,0,0,0,0,0,0,0.0,0,0,0,2.0,1,0,1.0,1,0,0,0,208.0,28,242.0,0.75
0.0,3844.0,2.0,1,5.0,885.0,159.0,43.0,40.0,1.0,2.0,720.0,22.612675,88.44128,1,7.0,0,0,0,0,0,0,0,0.0,0,0,0,2.0,1,0,1.0,1,0,0,0,4.0,28,149.0,0.2
0.0,2576.0,2.0,1,5.0,949.0,158.0,43.0,42.0,1.0,4.0,750.0,22.612091,88.44115,1,5.0,0,0,0,0,1,0,0,0.0,0,0,0,2.0,1,0,1.0,1,0,0,0,4.0,28,148.0,0.21
0.0,563.0,3.0,5,1.0,193.0,627.0,45.0,21.0,1.0,3.6326304081644,1200.0,22.723407,88.476106,1,5.0,0,0,0,0,1,0,0,0.0,0,0,0,0.0,0,0,2.0,0,1,0,0,213.0,26,48.0,0.33
0.0,2511.0,2.0,5,4.0,1544.0,62.0,45.0,28.0,2.0,3.0,1000.0,22.60134,88.471506,1,3.0,0,0,1,0,0,0,0,0.0,0,0,0,2.0,1,0,1.0,1,0,0,0,185.0,28,3.0,0.5
0.0,1380.0,2.0,5,4.0,1544.0,62.0,45.0,28.0,2.0,4.0,1000.0,22.60134,88.471506,1,3.0,0,0,1,0,0,0,0,0.0,0,0,0,2.0,1,0,1.0,1,0,0,0,185.0,28,3.0,0.5
0.0,823.0,3.0,5,19.0,833.0,583.0,44.0,10.0,2.0,14.0,1032.0,22.492559,88.339088,1,3.0,0,0,1,0,0,0,0,0.0,0,0,0,2.0,1,0,3.0,0,0,1,0,116.0,27,359.0,1.4
0.0,1379.0,2.0,5,4.0,1544.0,62.0,45.0,28.0,2.0,2.0,1000.0,22.60134,88.471506,1,3.0,0,0,1,0,0,0,0,0.0,0,0,0,2.0,1,0,1.0,1,0,0,0,185.0,28,3.0,0.5
0.0,3665.0,3.0,5,19.0,833.0,583.0,44.0,10.0,2.0,8.0,1038.0,22.492559,88.339088,1,7.0,0,0,0,0,0,0,0,0.0,0,0,0,2.0,1,0,3.0,0,0,1,0,116.0,27,359.0,1.4
0.0,3636.0,3.0,1,4.0,949.0,513.0,43.0,28.0,1.0,3.0,1300.0,22.616255,88.47614,1,3.0,0,0,1,0,0,0,0,0.0,0,0,0,2.0,1,0,1.0,1,0,0,0,209.0,28,242.0,0.85
0.0,2085.0,2.0,1,4.0,949.0,223.0,43.0,28.0,1.0,3.0,1000.0,22.616255,88.47614,1,4.0,0,0,0,1,0,0,0,0.0,0,0,0,2.0,1,0,1.0,1,0,0,0,209.0,28,242.0,0.6
0.0,3491.0,2.0,1,5.0,1304.0,158.0,43.0,36.0,1.0,4.0,715.0,22.63031,88.455345,1,3.0,0,0,1,0,0,0,0,0.0,0,0,0,2.0,1,0,1.0,1,0,0,0,183.0,28,148.0,0.19
0.0,730.0,2.0,1,5.0,956.0,159.0,43.0,36.0,1.0,2.0,750.0,22.63031,88.455345,1,2.0,0,1,0,0,0,0,0,0.0,0,0,0,2.0,1,0,1.0,1,0,0,0,183.0,28,149.0,0.2
0.0,226.0,3.0,1,4.0,949.0,355.0,43.0,34.0,2.0,3.0,1482.0,22.57104,88.46516,0,7.0,0,0,0,0,0,0,0,0.0,0,0,0,2.0,1,0,1.0,1,0,0,0,85.0,28,2.0,0.76
0.0,124.0,2.0,1,5.0,1304.0,332.0,43.0,5.0,1.0,2.0,750.0,21.623056,87.52247,1,3.0,0,0,1,0,0,0,0,0.0,0,0,0,1.0,0,0,1.0,1,0,0,0,12.0,28,148.0,0.19
0.0,1660.0,2.0,1,5.0,852.0,158.0,43.0,5.0,1.0,2.0,700.0,21.623056,87.52247,1,5.0,0,0,0,0,1,0,0,0.0,0,0,0,2.0,1,0,1.0,1,0,0,0,12.0,28,148.0,0.18
0.0,562.0,3.0,5,1.0,193.0,627.0,45.0,21.0,1.0,3.6326304081644,1200.0,22.723407,88.476106,1,4.0,0,0,0,1,0,0,0,0.0,0,0,0,0.0,0,0,2.0,0,1,0,0,213.0,26,48.0,0.33
0.0,1896.0,3.0,5,1.0,193.0,627.0,45.0,21.0,2.0,4.8951240068106525,1440.0,22.723407,88.476106,1,3.0,0,0,1,0,0,0,0,0.0,0,0,0,0.0,0,0,2.0,0,1,0,0,213.0,26,48.0,0.42
0.0,2163.0,3.0,5,1.0,193.0,627.0,45.0,21.0,2.0,4.8951240068106525,1440.0,22.723407,88.476106,1,3.0,0,0,1,0,0,0,0,0.0,0,0,0,0.0,0,0,2.0,0,1,0,0,213.0,26,48.0,0.42
0.0,1716.0,2.0,6,17.0,793.0,305.0,42.0,8.0,1.0,13.0,694.0,22.489445,88.337073,1,1.0,1,0,0,0,0,0,0,0.0,0,0,0,2.0,1,0,3.0,0,0,1,0,118.0,27,359.0,0.9
0.0,4027.0,3.0,6,17.0,793.0,583.0,42.0,8.0,2.0,7.0,1047.0,22.489445,88.337073,1,4.0,0,0,0,1,0,0,0,0.0,0,0,0,2.0,1,0,3.0,0,0,1,0,118.0,27,359.0,1.35
0.0,4029.0,3.0,5,19.0,833.0,583.0,44.0,10.0,2.0,11.0,1665.0,22.492559,88.339088,1,4.0,0,0,0,1,0,0,0,0.0,0,0,0,2.0,1,0,3.0,0,0,1,0,116.0,27,359.0,1.4
0.0,2512.0,2.0,5,4.0,1711.0,62.0,45.0,26.0,1.0,4.0,860.0,22.60134,88.471506,1,3.0,0,0,1,0,0,0,0,0.0,0,0,0,2.0,1,0,1.0,1,0,0,0,185.0,28,3.0,0.5
0.0,1822.0,3.0,5,9.0,725.0,382.0,45.0,50.0,1.0,3.0,1479.0,22.6075649,88.4100911,1,4.0,0,0,0,1,0,0,0,0.0,0,0,0,2.0,1,0,2.0,0,1,0,0,74.0,26,44.0,0.917
0.0,2181.0,3.0,5,24.0,986.0,435.0,44.0,15.0,1.0,15.0,1061.0,22.452311,88.39475,1,5.0,0,0,0,0,1,0,0,2.0,0,1,0,2.0,1,0,3.0,0,0,1,0,123.0,27,116.0,1.3
0.0,996.0,2.0,5,31.0,85.0,196.0,45.0,9.0,1.0,31.0,800.0,22.51,88.23,1,6.0,0,0,0,0,0,1,0,0.0,0,0,0,2.0,1,0,3.0,0,0,1,0,213.0,27,199.0,0.2637
0.0,2837.0,4.0,5,18.0,1470.0,673.0,44.0,3.0,2.0,1.0,1539.0,22.407335,88.413744,1,3.0,0,0,1,0,0,0,0,0.0,0,0,0,2.0,1,0,3.0,0,0,1,0,41.0,27,126.0,0.73
0.0,2838.0,2.0,5,18.0,1470.0,147.0,44.0,3.0,4.0,1.0,895.0,22.407335,88.413744,1,1.0,1,0,0,0,0,0,0,2.0,0,1,0,2.0,1,0,3.0,0,0,1,0,41.0,27,126.0,0.38
0.0,4202.0,3.0,5,18.0,1470.0,441.0,44.0,3.0,2.0,1.0,1374.0,22.407335,88.413744,1,4.0,0,0,0,1,0,0,0,0.0,0,0,0,2.0,1,0,3.0,0,0,1,0,41.0,27,126.0,0.58
0.0,1199.0,3.0,5,15.0,1691.0,542.0,45.0,35.0,1.0,7.0,834.0,22.6006912,88.4694535,1,5.0,0,0,0,0,1,0,0,0.0,0,0,0,2.0,1,0,1.0,1,0,0,0,185.0,28,284.0,0.64
0.0,1198.0,2.0,5,11.0,1687.0,252.0,44.0,7.0,1.0,8.0,689.0,22.627375,88.446056,1,5.0,0,0,0,0,1,0,0,0.0,0,0,0,2.0,1,0,1.0,1,0,0,0,146.0,28,284.0,0.7
0.0,1207.0,4.0,5,20.0,1068.0,695.0,45.0,38.0,3.0,15.0,2500.0,22.623708,88.442659,1,5.0,0,0,0,0,1,0,0,0.0,0,0,0,2.0,1,0,1.0,1,0,0,0,184.0,28,242.0,3.0
0.0,674.0,2.0,5,24.0,1185.0,252.0,45.0,33.0,2.0,7.0,644.0,22.6006912,88.4694535,1,1.0,1,0,0,0,0,0,0,0.0,0,0,0,2.0,1,0,1.0,1,0,0,0,185.0,28,284.0,0.5
0.0,1198.0,3.0,5,11.0,1685.0,542.0,45.0,33.0,1.0,8.0,835.0,22.6006912,88.4694535,1,5.0,0,0,0,0,1,0,0,0.0,0,0,0,2.0,1,0,1.0,1,0,0,0,185.0,28,284.0,0.83
0.0,674.0,3.0,5,24.0,1185.0,513.0,44.0,11.0,2.0,7.0,1185.0,22.587219,88.502793,1,5.0,0,0,0,0,1,0,0,0.0,0,0,0,2.0,1,0,1.0,1,0,0,0,115.0,28,242.0,0.72
0.0,1207.0,3.0,5,20.0,1068.0,513.0,45.0,38.0,2.0,15.0,1800.0,22.623708,88.442659,1,5.0,0,0,0,0,1,0,0,0.0,0,0,0,2.0,1,0,1.0,1,0,0,0,184.0,28,242.0,2.2
0.0,1196.0,3.0,5,27.0,797.0,542.0,45.0,35.0,1.0,8.0,769.0,22.6006912,88.4694535,1,5.0,0,0,0,0,1,0,0,0.0,0,0,0,2.0,1,0,1.0,1,0,0,0,185.0,28,284.0,0.52
0.0,1197.0,3.0,5,14.0,1687.0,542.0,44.0,7.0,1.0,7.0,712.0,22.627375,88.446056,1,5.0,0,0,0,0,1,0,0,0.0,0,0,0,2.0,1,0,1.0,1,0,0,0,146.0,28,284.0,0.65
0.0,1354.0,3.0,5,18.0,667.0,435.0,45.0,12.0,1.0,4.0,1073.0,22.54355,88.38865,1,6.0,0,0,0,0,0,1,0,2.0,0,1,0,2.0,1,0,1.0,1,0,0,0,113.0,28,116.0,1.33
0.0,2770.0,2.0,6,2.0,335.0,157.0,43.0,42.0,1.0,1.0,756.0,22.4765842969,88.3369841946,1,5.0,0,0,0,0,1,0,0,0.0,0,0,0,2.0,1,0,3.0,0,0,1,0,89.0,27,144.0,0.27
0.0,2772.0,2.0,6,4.0,1445.0,157.0,43.0,42.0,1.0,1.0,800.0,22.4765842969,88.3369841946,1,6.0,0,0,0,0,0,1,0,0.0,0,0,0,2.0,1,0,3.0,0,0,1,0,89.0,27,144.0,0.35
0.0,3237.0,3.0,5,4.0,630.0,513.0,45.0,35.0,2.0,4.0,1450.0,22.6006912,88.4694535,0,5.0,0,0,0,0,1,0,0,0.0,0,0,0,2.0,1,0,1.0,1,0,0,0,185.0,28,242.0,0.665
0.0,3390.0,3.0,1,4.0,1593.0,513.0,43.0,50.0,2.0,2.0,1248.0,22.504595,88.358925,1,4.0,0,0,0,1,0,0,0,0.0,0,0,0,2.0,1,0,1.0,1,0,0,0,96.0,28,242.0,0.71
0.0,2910.0,3.0,1,4.0,1593.0,513.0,43.0,42.0,2.0,2.0,1250.0,22.569815,88.44486,1,2.0,0,1,0,0,0,0,0,0.0,0,0,0,2.0,1,0,1.0,1,0,0,0,47.0,28,242.0,0.71
0.0,481.0,2.0,1,4.0,953.0,223.0,43.0,42.0,1.0,4.0,952.0,22.569815,88.44486,1,4.0,0,0,0,1,0,0,0,0.0,0,0,0,2.0,1,0,1.0,1,0,0,0,47.0,28,242.0,0.56
0.0,1526.0,3.0,1,4.0,259.0,513.0,43.0,42.0,2.0,4.0,1248.0,22.569815,88.44486,0,4.0,0,0,0,1,0,0,0,0.0,0,0,0,2.0,1,0,1.0,1,0,0,0,47.0,28,242.0,0.59
0.0,3251.0,3.0,5,4.0,866.0,513.0,45.0,35.0,2.0,2.0,1248.0,22.6006912,88.4694535,0,1.0,1,0,0,0,0,0,0,0.0,0,0,0,2.0,1,0,1.0,1,0,0,0,185.0,28,242.0,0.8
0.0,1781.0,3.0,5,12.0,589.0,513.0,45.0,35.0,2.0,2.0,1458.0,22.6006912,88.4694535,0,6.0,0,0,0,0,0,1,0,0.0,0,0,0,2.0,1,0,1.0,1,0,0,0,185.0,28,242.0,0.835
0.0,1971.0,3.0,5,4.0,866.0,513.0,45.0,35.0,2.0,3.0,1249.0,22.6006912,88.4694535,0,1.0,1,0,0,0,0,0,0,0.0,0,0,0,2.0,1,0,1.0,1,0,0,0,185.0,28,242.0,0.8
0.0,3318.0,3.0,5,4.0,198.0,513.0,45.0,35.0,2.0,4.0,1448.0,22.6006912,88.4694535,0,4.0,0,0,0,1,0,0,0,0.0,0,0,0,2.0,1,0,1.0,1,0,0,0,185.0,28,242.0,0.9
0.0,642.0,3.0,6,4.0,259.0,513.0,43.0,35.0,2.0,4.0,1249.0,22.6006912,88.4694535,0,5.0,0,0,0,0,1,0,0,0.0,0,0,0,2.0,1,0,1.0,1,0,0,0,185.0,28,242.0,0.59
0.0,974.0,3.0,5,4.0,438.0,513.0,45.0,35.0,2.0,1.0,1249.0,22.6006912,88.4694535,0,6.0,0,0,0,0,0,1,0,0.0,0,0,0,2.0,1,0,1.0,1,0,0,0,185.0,28,242.0,0.58
0.0,611.0,3.0,5,4.0,199.0,513.0,45.0,35.0,2.0,4.0,1249.0,22.6006912,88.4694535,0,4.0,0,0,0,1,0,0,0,0.0,0,0,0,2.0,1,0,1.0,1,0,0,0,185.0,28,242.0,0.9
0.0,2641.0,3.0,6,4.0,258.0,513.0,43.0,35.0,2.0,4.0,1250.0,22.6006912,88.4694535,0,5.0,0,0,0,0,1,0,0,0.0,0,0,0,2.0,1,0,1.0,1,0,0,0,185.0,28,242.0,0.59
0.0,1541.0,2.0,6,4.0,1231.0,223.0,43.0,35.0,1.0,2.0,847.0,22.6006912,88.4694535,1,1.0,1,0,0,0,0,0,0,0.0,0,0,0,2.0,1,0,1.0,1,0,0,0,185.0,28,242.0,0.41
0.0,668.0,2.0,6,4.0,278.0,223.0,43.0,35.0,0.0,0.0,580.0,22.6006912,88.4694535,1,6.0,0,0,0,0,0,1,0,0.0,0,0,0,2.0,1,0,1.0,1,0,0,0,185.0,28,242.0,0.365
0.0,1527.0,3.0,6,4.0,324.0,513.0,43.0,33.0,2.0,2.0,1250.0,22.6006912,88.4694535,0,3.0,0,0,1,0,0,0,0,0.0,0,0,0,2.0,1,0,1.0,1,0,0,0,185.0,28,242.0,0.64
0.0,810.0,3.0,6,4.0,471.0,513.0,43.0,35.0,2.0,3.0,1450.0,22.6006912,88.4694535,0,4.0,0,0,0,1,0,0,0,0.0,0,0,0,2.0,1,0,1.0,1,0,0,0,185.0,28,242.0,0.72
0.0,1970.0,3.0,5,4.0,866.0,355.0,45.0,41.0,2.0,2.0,1250.0,22.581047,88.462231,1,1.0,1,0,0,0,0,0,0,0.0,0,0,0,2.0,1,0,1.0,1,0,0,0,86.0,28,2.0,0.75
0.0,919.0,3.0,5,5.0,1596.0,356.0,45.0,28.0,2.0,3.0,1250.0,22.60134,88.471506,1,0.0,0,0,0,0,0,0,0,0.0,0,0,0,2.0,1,0,1.0,1,0,0,0,185.0,28,3.0,0.71
0.0,919.0,3.0,5,4.0,258.0,513.0,45.0,33.0,2.0,4.0,938.0,22.6006912,88.4694535,0,1.0,1,0,0,0,0,0,0,0.0,0,0,0,2.0,1,0,1.0,1,0,0,0,185.0,28,242.0,0.59
0.0,1088.0,3.0,1,3.0,954.0,511.0,43.0,34.0,1.0,3.0,1170.0,22.480433,88.41314,1,3.0,0,0,1,0,0,0,0,0.0,0,0,0,2.0,1,0,3.0,0,0,1,0,77.0,27,240.0,0.4679999999999999
0.0,1089.0,2.0,1,3.0,954.0,218.0,43.0,34.0,1.0,2.0,774.0,22.480433,88.41314,1,4.0,0,0,0,1,0,0,0,0.0,0,0,0,2.0,1,0,3.0,0,0,1,0,77.0,27,236.0,0.3096
0.0,1071.0,3.0,6,3.0,950.0,618.0,43.0,30.0,1.0,1.0,1357.0,22.4826501,88.4144457,1,6.0,0,0,0,0,0,1,0,0.0,0,0,0,1.0,0,0,3.0,0,0,1,0,189.0,27,236.0,0.583
0.0,1072.0,3.0,6,3.0,950.0,507.0,43.0,30.0,1.0,3.0,1386.0,22.4825333,88.4145051,1,3.0,0,0,1,0,0,0,0,0.0,0,0,0,2.0,1,0,3.0,0,0,1,0,189.0,27,236.0,0.5959
0.0,3073.0,2.0,1,3.0,954.0,218.0,43.0,43.0,1.0,2.0,818.0,22.48769,88.41082,1,3.0,0,0,1,0,0,0,0,0.0,0,0,0,2.0,1,0,3.0,0,0,1,0,189.0,27,236.0,0.3354
0.0,1729.0,2.0,2,4.0,949.0,206.0,43.0,40.0,1.0,2.0,1100.0,22.489397,88.41064,1,7.0,0,0,0,0,0,0,0,0.0,0,0,0,2.0,1,0,3.0,0,0,1,0,188.0,27,219.0,0.45
0.0,3615.0,3.0,6,3.0,949.0,507.0,43.0,43.0,2.0,1.0,2016.0,22.4875417,88.4114927,1,3.0,0,0,1,0,0,0,0,0.0,0,0,0,2.0,1,0,3.0,0,0,1,0,189.0,27,236.0,0.9072
0.0,1491.0,2.0,1,3.0,949.0,206.0,43.0,40.0,1.0,2.0,800.0,22.489437,88.41071,1,4.0,0,0,0,1,0,0,0,0.0,0,0,0,2.0,1,0,3.0,0,0,1,0,188.0,27,219.0,0.265
0.0,1367.0,2.0,2,2.0,691.0,90.0,43.0,39.0,1.0,0.0,780.0,22.49107,88.4094,1,3.0,0,0,1,0,0,0,0,0.0,0,0,0,2.0,1,0,3.0,0,0,1,0,188.0,27,45.0,0.32
0.0,1110.0,2.0,1,4.0,1174.0,218.0,43.0,32.0,0.0,2.0,636.0,22.480404,88.41481,1,1.0,1,0,0,0,0,0,0,0.0,0,0,0,2.0,1,0,3.0,0,0,1,0,77.0,27,236.0,0.2544
0.0,1111.0,2.0,1,4.0,1174.0,222.0,43.0,30.0,1.0,2.0,828.0,22.480846,88.41521,1,8.0,0,0,0,0,0,0,1,0.0,0,0,0,2.0,1,0,3.0,0,0,1,0,189.0,27,240.0,0.3312
0.0,1109.0,3.0,1,4.0,1174.0,511.0,43.0,29.0,1.0,2.0,1162.0,22.480974,88.41514,1,3.0,0,0,1,0,0,0,0,0.0,0,0,0,2.0,1,0,3.0,0,0,1,0,189.0,27,240.0,0.4648
0.0,893.0,4.0,1,4.0,201.0,690.0,43.0,15.0,3.0,1.0,1794.0,22.4997587,88.4149248,1,6.0,0,0,0,0,0,1,0,0.0,0,0,0,2.0,1,0,3.0,0,0,1,0,245.0,27,219.0,0.9867
0.0,1487.0,3.0,6,4.0,201.0,499.0,43.0,15.0,1.0,2.0,1308.0,22.4989251,88.4162558,1,6.0,0,0,0,0,0,1,0,0.0,0,0,0,2.0,1,0,3.0,0,0,1,0,245.0,27,219.0,0.7848
0.0,3610.0,3.0,1,4.0,201.0,499.0,43.0,15.0,1.0,4.0,1256.0,22.4979842,88.4137566,1,5.0,0,0,0,0,1,0,0,0.0,0,0,0,2.0,1,0,3.0,0,0,1,0,245.0,27,219.0,0.6908
0.0,4072.0,3.0,1,4.0,1634.0,504.0,43.0,15.0,1.0,4.0,1166.0,22.4237722,88.3937362,1,1.0,1,0,0,0,0,0,0,0.0,0,0,0,2.0,1,0,3.0,0,0,1,0,261.0,27,231.0,0.45
0.0,3301.0,3.0,1,4.0,1634.0,504.0,43.0,15.0,1.0,3.0,1194.0,22.424314,88.393749,1,3.0,0,0,1,0,0,0,0,0.0,0,0,0,2.0,1,0,3.0,0,0,1,0,261.0,27,231.0,0.45
0.0,336.0,2.0,6,3.0,949.0,222.0,43.0,44.0,1.0,3.0,852.0,22.467155,88.37045,1,7.0,0,0,0,0,0,0,0,0.0,0,0,0,2.0,1,0,3.0,0,0,1,0,78.0,27,240.0,0.31
0.0,989.0,3.0,1,4.0,755.0,360.0,43.0,45.0,1.0,3.0,1560.0,22.634851,88.43665,1,6.0,0,0,0,0,0,1,0,0.0,0,0,0,2.0,1,0,2.0,0,1,0,0,180.0,26,8.0,0.35
0.0,1836.0,3.0,1,3.0,949.0,507.0,43.0,34.0,1.0,2.0,1280.0,22.48003,88.40992,1,3.0,0,0,1,0,0,0,0,1.0,1,0,0,2.0,1,0,3.0,0,0,1,0,77.0,27,236.0,0.6
0.0,1039.0,3.0,6,4.0,949.0,507.0,43.0,33.0,1.0,3.0,1277.0,22.481848,88.41318,1,6.0,0,0,0,0,0,1,0,0.0,0,0,0,2.0,1,0,3.0,0,0,1,0,77.0,27,236.0,0.5132
0.0,1506.0,3.0,2,4.0,950.0,507.0,43.0,30.0,2.0,1.0,1353.0,22.4827347,88.4144515,1,4.0,0,0,0,1,0,0,0,0.0,0,0,0,2.0,1,0,3.0,0,0,1,0,189.0,27,236.0,0.6
0.0,1035.0,3.0,1,3.0,954.0,487.0,43.0,43.0,1.0,2.0,1135.0,22.49903,88.40872,1,6.0,0,0,0,0,0,1,0,1.0,1,0,0,2.0,1,0,3.0,0,0,1,0,188.0,27,197.0,0.58
0.0,1609.0,2.0,3,3.0,950.0,296.0,43.0,49.0,1.0,1.0,850.0,22.49194,88.393071,1,6.0,0,0,0,0,0,1,0,0.0,0,0,0,2.0,1,0,3.0,0,0,1,0,188.0,27,348.0,0.35
0.0,1116.0,3.0,1,4.0,949.0,487.0,43.0,50.0,1.0,3.0,1240.0,22.501913,88.40229,1,3.0,0,0,1,0,0,0,0,0.0,0,0,0,2.0,1,0,3.0,0,0,1,0,188.0,27,197.0,0.8
0.0,1117.0,3.0,6,4.0,673.0,511.0,43.0,49.0,1.0,1.0,1226.0,22.4800793,88.3961838,1,3.0,0,0,1,0,0,0,0,0.0,0,0,0,2.0,1,0,3.0,0,0,1,0,77.0,27,240.0,0.564
0.0,1043.0,2.0,1,4.0,1174.0,222.0,43.0,34.0,1.0,3.0,968.0,22.481533,88.412834,1,6.0,0,0,0,0,0,1,0,0.0,0,0,0,2.0,1,0,3.0,0,0,1,0,77.0,27,240.0,0.3872
0.0,1042.0,3.0,1,4.0,1174.0,507.0,43.0,34.0,1.0,2.0,1277.0,22.481533,88.412834,1,5.0,0,0,0,0,1,0,0,0.0,0,0,0,2.0,1,0,3.0,0,0,1,0,77.0,27,236.0,0.5132
0.0,2041.0,2.672021502414428,0,4.0,34.0,787.0,26.0,35.0,1.2297135143990388,3.753961788353753,2159.0,22.6006912,88.4694535,1,4.0,0,0,0,1,0,0,0,3.0,0,0,1,3.0,0,1,1.0,1,0,0,0,185.0,28,242.0,0.405
0.0,1118.0,2.672021502414428,0,3.0,470.0,794.0,8.0,18.0,1.2297135143990388,3.753961788353753,3599.0,22.4606071,88.3129969,1,4.0,0,0,0,1,0,0,0,3.0,0,0,1,3.0,0,1,3.0,0,0,1,0,206.0,27,355.0,0.25
0.0,2041.0,2.672021502414428,0,4.0,35.0,787.0,8.0,35.0,1.2297135143990388,3.753961788353753,1439.0,22.6006912,88.4694535,1,4.0,0,0,0,1,0,0,0,3.0,0,0,1,3.0,0,1,1.0,1,0,0,0,185.0,28,242.0,0.24
0.0,1201.0,2.672021502414428,0,3.0,89.0,777.0,43.0,50.0,1.2297135143990388,3.753961788353753,1439.0,22.52439,88.38114,1,3.0,0,0,1,0,0,0,0,3.0,0,0,1,3.0,0,1,3.0,0,0,1,0,197.0,27,14.0,0.055
0.0,1201.0,2.672021502414428,0,3.0,89.0,777.0,8.0,50.0,1.2297135143990388,3.753961788353753,2879.0,22.52439,88.38114,1,4.0,0,0,0,1,0,0,0,3.0,0,0,1,3.0,0,1,3.0,0,0,1,0,197.0,27,14.0,0.12
0.0,2564.0,2.0,1,4.0,476.0,147.0,43.0,41.0,1.0,1.0,930.0,22.502329,88.408775,1,3.0,0,0,1,0,0,0,0,0.0,0,0,0,2.0,1,0,3.0,0,0,1,0,188.0,27,126.0,0.6
0.0,3946.0,3.0,1,4.0,949.0,441.0,43.0,41.0,1.0,1.0,1256.0,22.502329,88.408775,1,6.0,0,0,0,0,0,1,0,0.0,0,0,0,2.0,1,0,3.0,0,0,1,0,188.0,27,126.0,0.65
0.0,3063.0,2.0,6,3.0,949.0,324.0,43.0,50.0,1.0,3.0,575.0,22.4790937,88.3862886,1,3.0,0,0,1,0,0,0,0,0.0,0,0,0,1.0,0,0,3.0,0,0,1,0,79.0,27,31.0,0.28
0.0,846.0,3.0,2,3.0,949.0,539.0,43.0,49.0,1.0,3.0,1000.0,22.46665,88.37592,1,4.0,0,0,0,1,0,0,0,0.0,0,0,0,2.0,1,0,3.0,0,0,1,0,80.0,27,281.0,0.47
0.0,2615.0,3.0,6,3.0,949.0,501.0,43.0,48.0,1.0,2.0,1300.0,22.4721345,88.364097,1,4.0,0,0,0,1,0,0,0,0.0,0,0,0,2.0,1,0,3.0,0,0,1,0,89.0,27,225.0,0.78
0.0,3533.0,2.0,1,3.0,949.0,251.0,43.0,49.0,1.0,2.0,1000.0,22.47462,88.37674,1,4.0,0,0,0,1,0,0,0,0.0,0,0,0,2.0,1,0,3.0,0,0,1,0,80.0,27,281.0,0.5
0.0,2117.0,3.0,3,3.0,949.0,546.0,43.0,49.0,2.0,3.0,1605.0,22.476131,88.37717,1,4.0,0,0,0,1,0,0,0,0.0,0,0,0,2.0,1,0,3.0,0,0,1,0,92.0,27,290.0,0.65
0.0,3819.0,2.0,1,12.0,1272.0,65.0,43.0,11.0,1.0,6.0,650.0,22.569,88.510296,1,5.0,0,0,0,0,1,0,0,3.0,0,0,1,2.0,1,0,1.0,1,0,0,0,10.0,28,6.0,0.29
0.0,1158.0,2.672021502414428,0,4.0,535.0,787.0,15.0,35.0,1.2297135143990388,3.753961788353753,3228.0,22.6006912,88.4694535,1,7.0,0,0,0,0,0,0,0,3.0,0,0,1,3.0,0,1,1.0,1,0,0,0,185.0,28,242.0,2.45
0.0,876.0,3.0,5,20.0,1546.0,504.0,44.0,10.0,2.0,8.0,964.0,22.39216,88.41722,1,5.0,0,0,0,0,1,0,0,3.0,0,0,1,2.0,1,0,3.0,0,0,1,0,227.0,27,231.0,0.54
0.0,3100.0,2.0,5,20.0,1546.0,215.0,44.0,10.0,2.0,7.0,677.0,22.39216,88.41722,1,0.0,0,0,0,0,0,0,0,3.0,0,0,1,2.0,1,0,3.0,0,0,1,0,227.0,27,231.0,0.45
0.0,2835.0,2.0,6,15.0,1470.0,147.0,42.0,3.0,2.0,8.0,881.0,22.407335,88.413744,1,0.0,0,0,0,0,0,0,0,0.0,0,0,0,2.0,1,0,3.0,0,0,1,0,41.0,27,126.0,0.55
0.0,3939.0,3.0,5,13.0,792.0,435.0,44.0,8.0,2.0,8.0,782.0,22.404246,88.412689,1,6.0,0,0,0,0,0,1,0,0.0,0,0,0,2.0,1,0,3.0,0,0,1,0,118.0,27,116.0,0.58
0.0,1715.0,2.0,5,12.0,792.0,142.0,44.0,8.0,1.0,6.0,677.0,22.404246,88.412689,1,5.0,0,0,0,0,1,0,0,0.0,0,0,0,2.0,1,0,3.0,0,0,1,0,118.0,27,116.0,0.49
0.0,726.0,2.0,5,12.0,786.0,223.0,44.0,8.0,2.0,7.0,677.0,22.564633,88.510995,1,0.0,0,0,0,0,0,0,0,0.0,0,0,0,2.0,1,0,1.0,1,0,0,0,118.0,28,242.0,0.58
0.0,3926.0,3.0,5,4.0,790.0,388.0,44.0,9.0,2.0,1.0,830.0,22.364731,88.439948,1,0.0,0,0,0,0,0,0,0,0.0,0,0,0,2.0,1,0,3.0,0,0,1,0,230.0,27,52.0,0.43
0.0,1163.0,2.672021502414428,0,4.0,544.0,773.0,41.0,41.0,1.2297135143990388,3.753961788353753,1614.0,22.581047,88.462231,1,1.0,1,0,0,0,0,0,0,3.0,0,0,1,3.0,0,1,1.0,1,0,0,0,86.0,28,2.0,1.99
0.0,309.0,4.0,2,2.0,906.0,737.0,43.0,25.0,2.0,5.409404102777435,1665.0,22.6515438250089,88.3992474128149,1,0.0,0,0,0,0,0,0,0,0.0,0,0,0,0.0,0,0,2.0,0,1,0,0,97.0,26,208.0,0.8409
0.0,1994.0,3.0,2,18.0,1427.0,435.0,43.0,48.0,1.0,8.0,1768.0,22.5493497,88.3982095,0,5.0,0,0,0,0,1,0,0,0.0,0,0,0,2.0,1,0,1.0,1,0,0,0,193.0,28,116.0,1.73
0.0,1274.0,3.0,5,3.0,951.0,474.0,45.0,50.0,1.0,3.0,1350.0,22.519587,88.376107,1,3.0,0,0,1,0,0,0,0,0.0,0,0,0,2.0,1,0,3.0,0,0,1,0,178.0,27,179.0,0.825
0.0,3349.0,3.0,2,6.0,949.0,475.0,43.0,43.0,1.0,5.0,1350.0,22.504267,88.40675,1,7.0,0,0,0,0,0,0,0,0.0,0,0,0,2.0,1,0,3.0,0,0,1,0,188.0,27,180.0,0.94
0.0,3396.0,3.0,1,3.0,949.0,571.0,43.0,50.0,0.0,2.0,1309.0,22.510773,88.34891,1,1.0,1,0,0,0,0,0,0,0.0,0,0,0,2.0,1,0,3.0,0,0,1,0,94.0,27,340.0,1.35
0.0,3273.0,3.0,1,3.0,1055.0,435.0,43.0,45.0,1.0,3.0,1640.0,22.502512,88.4053,1,3.0,0,0,1,0,0,0,0,0.0,0,0,0,2.0,1,0,3.0,0,0,1,0,188.0,27,116.0,0.85
0.0,739.0,2.0,1,4.0,949.0,228.0,43.0,41.0,1.0,1.0,1050.0,22.584146,88.450439,1,3.0,0,0,1,0,0,0,0,0.0,0,0,0,2.0,1,0,1.0,1,0,0,0,49.0,28,250.0,0.65
0.0,3978.0,3.0,1,4.0,949.0,520.0,43.0,41.0,1.0,3.0,1150.0,22.584146,88.450439,1,3.0,0,0,1,0,0,0,0,0.0,0,0,0,2.0,1,0,1.0,1,0,0,0,49.0,28,250.0,0.75
0.0,1762.0,3.0,1,4.0,99.0,542.0,43.0,28.0,1.0,4.0,1227.0,22.6334043,88.4855313,1,3.0,0,0,1,0,0,0,0,0.0,0,0,0,2.0,1,0,1.0,1,0,0,0,208.0,28,284.0,0.3681
0.0,3535.0,2.0,1,4.0,99.0,252.0,43.0,28.0,1.0,3.0,911.0,22.6340424,88.4854165,1,3.0,0,0,1,0,0,0,0,0.0,0,0,0,2.0,1,0,1.0,1,0,0,0,208.0,28,284.0,0.2733
0.0,3209.0,3.0,1,4.0,91.0,542.0,43.0,28.0,1.0,4.0,1439.0,22.6342394,88.4855414,1,5.0,0,0,0,0,1,0,0,0.0,0,0,0,2.0,1,0,1.0,1,0,0,0,208.0,28,284.0,0.4317
0.0,3880.0,2.0,1,4.0,99.0,252.0,43.0,28.0,1.0,3.0,908.0,22.6345281,88.4845716,1,3.0,0,0,1,0,0,0,0,0.0,0,0,0,2.0,1,0,1.0,1,0,0,0,208.0,28,284.0,0.2724
0.0,541.0,2.0,1,4.0,99.0,252.0,43.0,28.0,1.0,3.0,893.0,22.6345062,88.4845588,1,3.0,0,0,1,0,0,0,0,0.0,0,0,0,2.0,1,0,1.0,1,0,0,0,208.0,28,284.0,0.2678999999999999
0.0,3642.0,3.0,1,5.0,949.0,532.0,43.0,50.0,1.0,4.0,1350.0,22.526278,88.38904,1,8.0,0,0,0,0,0,0,1,0.0,0,0,0,2.0,1,0,3.0,0,0,1,0,197.0,27,268.0,0.65
0.0,3643.0,4.0,2,4.0,950.0,703.0,43.0,50.0,1.0,3.0,1400.0,22.530614,88.381638,1,3.0,0,0,1,0,0,0,0,0.0,0,0,0,2.0,1,0,3.0,0,0,1,0,290.0,27,268.0,0.75
0.0,4225.0,4.0,2,2.0,950.0,732.0,43.0,50.0,2.0,5.409404102777435,2400.0,22.521659,88.3840185,1,3.0,0,0,1,0,0,0,0,0.0,0,0,0,0.0,0,0,3.0,0,0,1,0,197.0,27,75.0,0.995
0.0,3404.0,4.0,3,4.0,950.0,675.0,43.0,48.0,1.0,3.0,1500.0,22.6297728,88.4153947,1,3.0,0,0,1,0,0,0,0,0.0,0,0,0,2.0,1,0,3.0,0,0,1,0,182.0,27,137.0,0.65
0.0,1788.0,3.0,1,4.0,949.0,513.0,43.0,28.0,1.0,4.0,1120.0,22.614365,88.47393,1,4.0,0,0,0,1,0,0,0,0.0,0,0,0,2.0,1,0,1.0,1,0,0,0,209.0,28,242.0,0.65
0.0,3891.0,2.0,1,4.0,1536.0,252.0,43.0,35.0,1.0,2.0,810.0,22.6006912,88.4694535,1,5.0,0,0,0,0,1,0,0,0.0,0,0,0,2.0,1,0,1.0,1,0,0,0,185.0,28,284.0,0.2875
0.0,2894.0,2.0,1,4.0,1536.0,252.0,43.0,35.0,1.0,2.0,950.0,22.6006912,88.4694535,1,5.0,0,0,0,0,1,0,0,0.0,0,0,0,2.0,1,0,1.0,1,0,0,0,185.0,28,284.0,0.3372
0.0,3198.0,2.0,1,4.0,1536.0,252.0,43.0,35.0,1.0,3.0,850.0,22.6006912,88.4694535,1,5.0,0,0,0,0,1,0,0,0.0,0,0,0,2.0,1,0,1.0,1,0,0,0,185.0,28,284.0,0.3072
0.0,2707.0,2.0,1,4.0,1536.0,252.0,43.0,35.0,1.0,1.0,755.0,22.6006912,88.4694535,1,5.0,0,0,0,0,1,0,0,0.0,0,0,0,2.0,1,0,1.0,1,0,0,0,185.0,28,284.0,0.268
0.0,3654.0,3.0,1,4.0,1536.0,542.0,43.0,35.0,1.0,2.0,950.0,22.6006912,88.4694535,1,5.0,0,0,0,0,1,0,0,0.0,0,0,0,2.0,1,0,1.0,1,0,0,0,185.0,28,284.0,0.3372
0.0,1664.0,2.0,1,4.0,949.0,223.0,43.0,28.0,1.0,3.0,1000.0,22.614365,88.47393,1,5.0,0,0,0,0,1,0,0,0.0,0,0,0,2.0,1,0,1.0,1,0,0,0,209.0,28,242.0,0.55
0.0,3338.0,3.0,5,4.0,807.0,357.0,45.0,28.0,2.0,2.0,1250.0,22.615992,88.47667,1,1.0,1,0,0,0,0,0,0,0.0,0,0,0,2.0,1,0,1.0,1,0,0,0,209.0,28,4.0,0.65
0.0,3388.0,3.0,1,4.0,1536.0,542.0,43.0,35.0,1.0,4.0,1260.0,22.6006912,88.4694535,1,3.0,0,0,1,0,0,0,0,0.0,0,0,0,2.0,1,0,1.0,1,0,0,0,185.0,28,284.0,0.4473
0.0,3389.0,3.0,5,4.0,1593.0,357.0,45.0,28.0,2.0,2.0,1250.0,22.615992,88.47667,1,1.0,1,0,0,0,0,0,0,0.0,0,0,0,2.0,1,0,1.0,1,0,0,0,209.0,28,4.0,0.71
0.0,3867.0,2.0,5,4.0,176.0,64.0,45.0,32.0,1.0,3.0,1000.0,22.626212,88.46577,0,1.0,1,0,0,0,0,0,0,0.0,0,0,0,2.0,1,0,1.0,1,0,0,0,208.0,28,5.0,0.5
0.0,1309.0,3.0,5,4.0,621.0,357.0,45.0,28.0,2.0,2.0,1270.0,22.615992,88.47667,1,1.0,1,0,0,0,0,0,0,0.0,0,0,0,2.0,1,0,1.0,1,0,0,0,209.0,28,4.0,0.6
0.0,2695.0,3.0,1,4.0,1023.0,542.0,43.0,29.0,1.0,3.0,1078.0,22.6295559,88.4819584,1,1.0,1,0,0,0,0,0,0,0.0,0,0,0,2.0,1,0,1.0,1,0,0,0,208.0,28,284.0,0.3772999999999999
0.0,3536.0,2.0,1,4.0,231.0,252.0,43.0,29.0,1.0,4.0,792.0,22.629965,88.481606,1,7.0,0,0,0,0,0,0,0,0.0,0,0,0,2.0,1,0,1.0,1,0,0,0,208.0,28,284.0,0.2772
0.0,2905.0,2.0,1,4.0,1564.0,252.0,43.0,29.0,1.0,2.0,866.0,22.629965,88.481606,1,3.0,0,0,1,0,0,0,0,0.0,0,0,0,2.0,1,0,1.0,1,0,0,0,208.0,28,284.0,0.3031
0.0,3329.0,3.0,5,12.0,545.0,358.0,45.0,11.0,2.0,8.0,1458.0,22.569,88.510296,1,1.0,1,0,0,0,0,0,0,0.0,0,0,0,2.0,1,0,1.0,1,0,0,0,10.0,28,6.0,0.85
0.0,1648.0,2.0,1,4.0,232.0,252.0,43.0,29.0,1.0,4.0,885.0,22.6288746,88.4817299,1,5.0,0,0,0,0,1,0,0,0.0,0,0,0,2.0,1,0,1.0,1,0,0,0,208.0,28,284.0,0.3098
0.0,2699.0,3.0,2,4.0,192.0,542.0,43.0,29.0,2.0,3.0,1048.0,22.63001,88.483246,1,8.0,0,0,0,0,0,0,1,0.0,0,0,0,2.0,1,0,1.0,1,0,0,0,208.0,28,284.0,0.3668
0.0,2684.0,2.0,1,4.0,231.0,252.0,43.0,29.0,1.0,2.0,792.0,22.63001,88.483246,1,3.0,0,0,1,0,0,0,0,0.0,0,0,0,2.0,1,0,1.0,1,0,0,0,208.0,28,284.0,0.2812
0.0,1520.0,3.0,1,4.0,949.0,521.0,43.0,34.0,1.0,2.0,1300.0,22.629627,88.45772,1,5.0,0,0,0,0,1,0,0,0.0,0,0,0,2.0,1,0,1.0,1,0,0,0,183.0,28,251.0,0.7
0.0,1519.0,2.0,1,4.0,949.0,227.0,43.0,34.0,1.0,3.0,970.0,22.629627,88.45772,1,2.0,0,1,0,0,0,0,0,0.0,0,0,0,2.0,1,0,1.0,1,0,0,0,183.0,28,249.0,0.56
0.0,1811.0,3.0,1,4.0,1630.0,518.0,43.0,28.0,2.0,1.0,1311.0,22.609095,88.47588,1,2.0,0,1,0,0,0,0,0,0.0,0,0,0,2.0,1,0,1.0,1,0,0,0,199.0,28,247.0,0.7211
0.0,3818.0,2.0,1,4.0,1630.0,63.0,43.0,34.0,1.0,2.0,896.0,22.629627,88.45772,1,5.0,0,0,0,0,1,0,0,0.0,0,0,0,2.0,1,0,1.0,1,0,0,0,183.0,28,4.0,0.4928
0.0,3626.0,3.0,1,4.0,409.0,513.0,43.0,28.0,1.0,4.0,1226.0,22.609095,88.47588,1,1.0,1,0,0,0,0,0,0,0.0,0,0,0,2.0,1,0,1.0,1,0,0,0,199.0,28,242.0,0.5761999999999999
0.0,2692.0,3.0,1,4.0,687.0,542.0,43.0,28.0,1.0,4.0,1034.0,22.63465,88.482346,1,5.0,0,0,0,0,1,0,0,0.0,0,0,0,2.0,1,0,1.0,1,0,0,0,208.0,28,284.0,0.3411999999999999
0.0,1362.0,2.0,1,4.0,686.0,252.0,43.0,28.0,1.0,4.0,734.0,22.63465,88.482346,1,8.0,0,0,0,0,0,0,1,0.0,0,0,0,2.0,1,0,1.0,1,0,0,0,208.0,28,284.0,0.2422
0.0,2685.0,3.0,1,4.0,297.0,542.0,43.0,28.0,0.0,3.0,1150.0,22.63465,88.482346,1,5.0,0,0,0,0,1,0,0,0.0,0,0,0,2.0,1,0,1.0,1,0,0,0,208.0,28,284.0,0.35
0.0,702.0,2.0,1,4.0,235.0,252.0,43.0,26.0,1.0,3.0,990.0,22.628975,88.48967,1,8.0,0,0,0,0,0,0,1,0.0,0,0,0,2.0,1,0,1.0,1,0,0,0,209.0,28,284.0,0.3069
0.0,797.0,3.0,1,4.0,235.0,542.0,43.0,26.0,1.0,4.0,875.0,22.628975,88.48967,1,6.0,0,0,0,0,0,1,0,0.0,0,0,0,2.0,1,0,1.0,1,0,0,0,209.0,28,284.0,0.2712
0.0,4003.0,3.0,1,4.0,235.0,542.0,43.0,26.0,1.0,1.0,1150.0,22.628897,88.4895,1,5.0,0,0,0,0,1,0,0,0.0,0,0,0,2.0,1,0,1.0,1,0,0,0,209.0,28,284.0,0.3565
0.0,2693.0,2.0,1,4.0,729.0,252.0,43.0,10.0,1.0,2.0,840.0,22.619383,88.28661,1,4.0,0,0,0,1,0,0,0,0.0,0,0,0,2.0,1,0,1.0,1,0,0,0,41.0,28,284.0,0.294
0.0,725.0,2.0,1,4.0,729.0,252.0,43.0,10.0,1.0,2.0,832.0,22.619383,88.28661,1,5.0,0,0,0,0,1,0,0,0.0,0,0,0,2.0,1,0,1.0,1,0,0,0,41.0,28,284.0,0.2912
0.0,3883.0,2.0,1,4.0,729.0,252.0,43.0,10.0,1.0,3.0,820.0,22.619383,88.28661,1,4.0,0,0,0,1,0,0,0,0.0,0,0,0,2.0,1,0,1.0,1,0,0,0,41.0,28,284.0,0.287
0.0,3050.0,2.0,1,4.0,729.0,252.0,43.0,10.0,1.0,3.0,849.0,22.619383,88.28661,1,1.0,1,0,0,0,0,0,0,0.0,0,0,0,2.0,1,0,1.0,1,0,0,0,41.0,28,284.0,0.2971999999999999
0.0,3077.0,2.0,1,3.0,950.0,247.0,43.0,50.0,1.0,2.0,1600.0,22.503194,88.397818,1,3.0,0,0,1,0,0,0,0,0.0,0,0,0,2.0,1,0,3.0,0,0,1,0,188.0,27,275.0,0.76
0.0,3168.0,2.0,2,4.0,950.0,231.0,43.0,50.0,1.0,1.0,850.0,22.506066,88.397738,1,3.0,0,0,1,0,0,0,0,2.0,0,1,0,2.0,1,0,3.0,0,0,1,0,192.0,27,254.0,0.45
0.0,844.0,3.0,3,4.0,950.0,534.0,43.0,50.0,1.0,1.0,1100.0,22.50217,88.386683,1,3.0,0,0,1,0,0,0,0,0.0,0,0,0,2.0,1,0,3.0,0,0,1,0,192.0,27,272.0,0.45
0.0,1467.0,2.0,2,4.0,308.0,182.0,43.0,50.0,0.0,1.0,860.0,22.519587,88.376107,1,3.0,0,0,1,0,0,0,0,2.0,0,1,0,2.0,1,0,3.0,0,0,1,0,178.0,27,179.0,0.46
0.0,3436.0,4.0,1,5.0,949.0,725.0,43.0,50.0,1.0,5.0,2702.0,22.527071,88.37112,1,8.0,0,0,0,0,0,0,1,0.0,0,0,0,2.0,1,0,3.0,0,0,1,0,291.0,27,382.0,2.6
0.0,1837.0,3.0,1,7.0,1054.0,557.0,43.0,50.0,1.0,6.0,1750.0,22.522257,88.35185,1,6.0,0,0,0,0,0,1,0,0.0,0,0,0,2.0,1,0,3.0,0,0,1,0,90.0,27,310.0,2.2
0.0,1808.0,3.0,1,25.0,1548.0,395.0,43.0,49.0,0.0,1.0,1899.0,22.566673,88.379196,1,6.0,0,0,0,0,0,1,0,1.0,1,0,0,2.0,1,0,1.0,1,0,0,0,51.0,28,61.0,1.9
0.0,3484.0,2.0,1,24.0,986.0,142.0,42.0,15.0,1.0,14.0,1152.0,22.452311,88.39475,1,3.0,0,0,1,0,0,0,0,0.0,0,0,0,2.0,1,0,3.0,0,0,1,0,123.0,27,116.0,1.15
0.0,1737.0,2.0,2,4.0,1054.0,291.0,43.0,50.0,3.0,2.0,1424.0,22.5133969,88.356058,1,3.0,0,0,1,0,0,0,0,0.0,0,0,0,2.0,1,0,3.0,0,0,1,0,197.0,27,340.0,1.6
0.0,3141.0,2.0,6,4.0,716.0,252.0,43.0,33.0,1.0,2.0,1025.0,22.6006912,88.4694535,1,5.0,0,0,0,0,1,0,0,0.0,0,0,0,2.0,1,0,1.0,1,0,0,0,185.0,28,284.0,0.3177
0.0,3540.0,2.0,1,4.0,715.0,252.0,43.0,35.0,1.0,3.0,625.0,22.6006912,88.4694535,1,5.0,0,0,0,0,1,0,0,0.0,0,0,0,2.0,1,0,1.0,1,0,0,0,185.0,28,284.0,0.1938
0.0,1782.0,3.0,1,4.0,715.0,542.0,43.0,33.0,1.0,2.0,1215.0,22.6006912,88.4694535,1,1.0,1,0,0,0,0,0,0,0.0,0,0,0,2.0,1,0,1.0,1,0,0,0,185.0,28,284.0,0.3767
0.0,641.0,2.0,1,4.0,237.0,252.0,43.0,10.0,1.0,3.0,990.0,22.654268,88.4549,1,3.0,0,0,1,0,0,0,0,0.0,0,0,0,2.0,1,0,1.0,1,0,0,0,117.0,28,284.0,0.297
0.0,2266.0,4.0,5,5.0,1054.0,715.0,45.0,50.0,1.0,3.0,2594.0,22.5133969,88.356058,1,3.0,0,0,1,0,0,0,0,0.0,0,0,0,2.0,1,0,3.0,0,0,1,0,197.0,27,340.0,3.0
0.0,4021.0,3.0,5,5.0,1054.0,571.0,45.0,50.0,1.0,4.0,1251.0,22.5133969,88.356058,1,3.0,0,0,1,0,0,0,0,0.0,0,0,0,2.0,1,0,3.0,0,0,1,0,197.0,27,340.0,1.38
0.0,2569.0,3.0,1,5.0,1056.0,444.0,43.0,50.0,1.0,4.0,1499.0,22.523802,88.3608,1,6.0,0,0,0,0,0,1,0,0.0,0,0,0,2.0,1,0,3.0,0,0,1,0,211.0,27,129.0,1.5
0.0,1460.0,3.0,1,5.0,950.0,465.0,43.0,49.0,1.0,4.0,1700.0,22.536025,88.35469,0,4.0,0,0,0,1,0,0,0,0.0,0,0,0,2.0,1,0,3.0,0,0,1,0,164.0,27,169.0,1.02
0.0,3047.0,2.0,1,4.0,576.0,225.0,43.0,38.0,1.0,1.0,896.0,22.621443,88.45402,1,5.0,0,0,0,0,1,0,0,0.0,0,0,0,2.0,1,0,1.0,1,0,0,0,183.0,28,247.0,0.457
0.0,2406.0,3.0,1,4.0,1160.0,357.0,43.0,38.0,2.0,1.0,1314.0,22.621443,88.45402,0,4.0,0,0,0,1,0,0,0,0.0,0,0,0,2.0,1,0,1.0,1,0,0,0,183.0,28,4.0,0.657
0.0,1767.0,3.0,5,4.0,306.0,357.0,45.0,28.0,1.0,3.0,1268.0,22.615992,88.47667,1,4.0,0,0,0,1,0,0,0,0.0,0,0,0,2.0,1,0,1.0,1,0,0,0,209.0,28,4.0,0.65
0.0,3249.0,3.0,5,4.0,808.0,357.0,45.0,28.0,1.0,2.0,1268.0,22.615992,88.47667,1,4.0,0,0,0,1,0,0,0,0.0,0,0,0,2.0,1,0,1.0,1,0,0,0,209.0,28,4.0,0.6
0.0,1778.0,3.0,6,4.0,547.0,518.0,43.0,28.0,2.0,2.0,1480.0,22.615992,88.47667,1,4.0,0,0,0,1,0,0,0,0.0,0,0,0,2.0,1,0,1.0,1,0,0,0,209.0,28,247.0,0.8
0.0,3339.0,3.0,6,4.0,809.0,357.0,43.0,36.0,1.0,1.0,1250.0,22.632687,88.450763,1,4.0,0,0,0,1,0,0,0,0.0,0,0,0,2.0,1,0,1.0,1,0,0,0,183.0,28,4.0,0.6
0.0,1427.0,2.0,6,5.0,1138.0,123.0,43.0,35.0,1.0,1.0,784.0,22.6231237,88.4477849,1,5.0,0,0,0,0,1,0,0,0.0,0,0,0,2.0,1,0,1.0,1,0,0,0,184.0,28,86.0,0.3528
0.0,2304.0,3.0,6,5.0,1138.0,413.0,43.0,36.0,2.0,2.0,1178.0,22.6234498,88.4480421,1,4.0,0,0,0,1,0,0,0,0.0,0,0,0,2.0,1,0,1.0,1,0,0,0,184.0,28,86.0,0.53
0.0,3648.0,3.0,1,4.0,685.0,542.0,43.0,15.0,1.0,4.0,1034.0,22.611104,88.498101,1,8.0,0,0,0,0,0,0,1,0.0,0,0,0,2.0,1,0,1.0,1,0,0,0,65.0,28,284.0,0.3411999999999999
0.0,2691.0,2.0,1,4.0,665.0,252.0,43.0,33.0,1.0,4.0,734.0,22.6006912,88.4694535,1,3.0,0,0,1,0,0,0,0,0.0,0,0,0,2.0,1,0,1.0,1,0,0,0,185.0,28,284.0,0.2422
0.0,1651.0,2.0,1,6.0,444.0,252.0,43.0,33.0,1.0,5.0,922.0,22.6006912,88.4694535,1,5.0,0,0,0,0,1,0,0,0.0,0,0,0,2.0,1,0,1.0,1,0,0,0,185.0,28,284.0,0.3688
0.0,1570.0,2.0,1,6.0,444.0,252.0,43.0,33.0,1.0,5.0,1010.0,22.6006912,88.4694535,1,5.0,0,0,0,0,1,0,0,0.0,0,0,0,2.0,1,0,1.0,1,0,0,0,185.0,28,284.0,0.4039999999999999
0.0,3647.0,3.0,1,6.0,444.0,542.0,43.0,33.0,1.0,5.0,1486.0,22.6006912,88.4694535,1,5.0,0,0,0,0,1,0,0,0.0,0,0,0,2.0,1,0,1.0,1,0,0,0,185.0,28,284.0,0.5943999999999999
0.0,712.0,2.0,1,6.0,444.0,252.0,43.0,35.0,1.0,5.0,1289.0,22.6006912,88.4694535,1,5.0,0,0,0,0,1,0,0,0.0,0,0,0,2.0,1,0,1.0,1,0,0,0,185.0,28,284.0,0.5156000000000001
0.0,540.0,3.0,1,6.0,98.0,542.0,43.0,33.0,1.0,3.0,1455.0,22.6006912,88.4694535,1,5.0,0,0,0,0,1,0,0,0.0,0,0,0,2.0,1,0,1.0,1,0,0,0,185.0,28,284.0,0.5820000000000001
0.0,3619.0,3.0,5,4.0,306.0,357.0,45.0,28.0,2.0,3.0,1268.0,22.615992,88.47667,1,4.0,0,0,0,1,0,0,0,0.0,0,0,0,2.0,1,0,1.0,1,0,0,0,209.0,28,4.0,0.65
0.0,2409.0,2.0,1,2.0,950.0,294.0,43.0,50.0,1.0,2.0,900.0,22.509758,88.382569,1,3.0,0,0,1,0,0,0,0,1.0,1,0,0,2.0,1,0,3.0,0,0,1,0,197.0,27,345.0,0.295
0.0,3972.0,3.0,3,4.0,950.0,509.0,43.0,50.0,1.0,2.0,1749.0,22.520718,88.378747,1,3.0,0,0,1,0,0,0,0,1.0,1,0,0,2.0,1,0,3.0,0,0,1,0,178.0,27,238.0,1.02
0.0,897.0,4.0,3,4.0,950.0,711.0,43.0,50.0,1.0,3.0,1325.0,22.521038,88.387629,1,3.0,0,0,1,0,0,0,0,1.0,1,0,0,2.0,1,0,3.0,0,0,1,0,197.0,27,324.0,0.38
0.0,3853.0,2.0,3,7.0,1077.0,182.0,43.0,50.0,1.0,1.0,1350.0,22.519587,88.376107,0,6.0,0,0,0,0,0,1,0,1.0,1,0,0,2.0,1,0,3.0,0,0,1,0,178.0,27,179.0,0.9
0.0,3620.0,3.0,6,4.0,577.0,357.0,43.0,28.0,1.0,3.0,1300.0,22.615992,88.47667,1,3.0,0,0,1,0,0,0,0,0.0,0,0,0,2.0,1,0,1.0,1,0,0,0,209.0,28,4.0,0.72
0.0,692.0,2.0,1,6.0,98.0,252.0,43.0,33.0,1.0,5.0,1140.0,22.6006912,88.4694535,1,5.0,0,0,0,0,1,0,0,0.0,0,0,0,2.0,1,0,1.0,1,0,0,0,185.0,28,284.0,0.456
0.0,693.0,2.0,1,6.0,98.0,252.0,43.0,33.0,1.0,5.0,1174.0,22.6006912,88.4694535,1,5.0,0,0,0,0,1,0,0,0.0,0,0,0,2.0,1,0,1.0,1,0,0,0,185.0,28,284.0,0.4696
0.0,3117.0,2.0,1,6.0,98.0,252.0,43.0,35.0,1.0,3.0,1215.0,22.6006912,88.4694535,1,5.0,0,0,0,0,1,0,0,0.0,0,0,0,2.0,1,0,1.0,1,0,0,0,185.0,28,284.0,0.486
0.0,3118.0,2.0,1,6.0,98.0,252.0,43.0,35.0,1.0,5.0,1181.0,22.6006912,88.4694535,1,5.0,0,0,0,0,1,0,0,0.0,0,0,0,2.0,1,0,1.0,1,0,0,0,185.0,28,284.0,0.4724
0.0,1761.0,3.0,1,6.0,98.0,542.0,43.0,35.0,1.0,5.0,1707.0,22.6006912,88.4694535,1,5.0,0,0,0,0,1,0,0,0.0,0,0,0,2.0,1,0,1.0,1,0,0,0,185.0,28,284.0,0.6828
0.0,4001.0,3.0,1,6.0,98.0,542.0,43.0,33.0,1.0,1.0,1377.0,22.6006912,88.4694535,1,5.0,0,0,0,0,1,0,0,0.0,0,0,0,2.0,1,0,1.0,1,0,0,0,185.0,28,284.0,0.5508
0.0,3020.0,2.0,1,6.0,97.0,252.0,43.0,35.0,1.0,5.0,1090.0,22.6006912,88.4694535,1,5.0,0,0,0,0,1,0,0,0.0,0,0,0,2.0,1,0,1.0,1,0,0,0,185.0,28,284.0,0.436
0.0,734.0,2.0,1,3.0,949.0,110.0,43.0,50.0,1.0,1.0,720.0,22.484652,88.35959,1,1.0,1,0,0,0,0,0,0,0.0,0,0,0,2.0,1,0,3.0,0,0,1,0,89.0,27,69.0,0.32
0.0,3668.0,4.0,5,17.0,1054.0,654.0,45.0,49.0,2.0,4.0,2405.0,22.533,88.359,1,1.0,1,0,0,0,0,0,0,0.0,0,0,0,2.0,1,0,3.0,0,0,1,0,290.0,27,39.0,3.13
0.0,1942.0,3.0,1,12.0,795.0,583.0,42.0,15.0,1.0,4.0,1400.0,22.5,88.35,1,3.0,0,0,1,0,0,0,0,0.0,0,0,0,2.0,1,0,3.0,0,0,1,0,104.0,27,359.0,1.2
0.0,1469.0,3.0,1,7.0,1688.0,474.0,42.0,50.0,2.0,3.0,1551.0,22.519587,88.376107,1,6.0,0,0,0,0,0,1,0,0.0,0,0,0,2.0,1,0,3.0,0,0,1,0,178.0,27,179.0,1.3
0.0,3220.0,3.0,1,4.0,235.0,542.0,43.0,26.0,1.0,1.0,1150.0,22.62895,88.48979,1,5.0,0,0,0,0,1,0,0,0.0,0,0,0,2.0,1,0,1.0,1,0,0,0,209.0,28,284.0,0.3565
0.0,3499.0,2.0,2,3.0,950.0,183.0,43.0,50.0,1.0,1.0,850.0,22.5158935205,88.3850566337,1,4.0,0,0,0,1,0,0,0,1.0,1,0,0,2.0,1,0,3.0,0,0,1,0,197.0,27,180.0,0.49
0.0,3957.0,3.0,2,4.0,950.0,475.0,43.0,50.0,1.0,3.0,1480.0,22.5158935205,88.3850566337,1,3.0,0,0,1,0,0,0,0,0.0,0,0,0,2.0,1,0,3.0,0,0,1,0,197.0,27,180.0,0.8
0.0,1466.0,3.0,1,5.0,949.0,475.0,43.0,50.0,1.0,1.0,1360.0,22.513334,88.38756,1,8.0,0,0,0,0,0,0,1,1.0,1,0,0,2.0,1,0,3.0,0,0,1,0,192.0,27,180.0,0.9
0.0,1860.0,3.0,3,5.0,1054.0,377.0,43.0,49.0,1.0,1.0,1503.0,22.533,88.359,1,8.0,0,0,0,0,0,0,1,1.0,1,0,0,2.0,1,0,3.0,0,0,1,0,290.0,27,39.0,1.9
0.0,896.0,4.0,2,3.0,949.0,682.0,43.0,50.0,3.0,3.0,2600.0,22.509941,88.38869,1,6.0,0,0,0,0,0,1,0,0.0,0,0,0,2.0,1,0,3.0,0,0,1,0,192.0,27,179.0,1.2
0.0,3348.0,3.0,3,3.0,950.0,475.0,43.0,50.0,1.0,1.0,1400.0,22.5158935205,88.3850566337,1,3.0,0,0,1,0,0,0,0,0.0,0,0,0,2.0,1,0,3.0,0,0,1,0,197.0,27,180.0,0.62
0.0,2505.0,3.0,6,5.0,1239.0,384.0,43.0,34.0,1.0,3.0,1452.0,22.64095,88.37248,1,5.0,0,0,0,0,1,0,0,0.0,0,0,0,2.0,1,0,2.0,0,1,0,0,68.0,26,47.0,0.65
0.0,138.0,3.0,5,4.0,1392.0,607.0,45.0,28.0,1.0,1.0,1050.0,22.60134,88.471506,1,1.0,1,0,0,0,0,0,0,0.0,0,0,0,1.0,0,0,1.0,1,0,0,0,185.0,28,3.0,0.66
0.0,604.0,3.0,3,5.0,311.0,458.0,43.0,50.0,1.0,4.0,1590.0,22.611197,88.400995,1,5.0,0,0,0,0,1,0,0,2.0,0,1,0,2.0,1,0,2.0,0,1,0,0,71.0,26,161.0,1.56
0.0,382.0,4.0,3,4.0,648.0,683.0,43.0,50.0,2.0,4.0,2500.0,22.515775,88.365199,1,3.0,0,0,1,0,0,0,0,1.0,1,0,0,2.0,1,0,3.0,0,0,1,0,204.0,27,182.0,3.68
0.0,1428.0,2.0,2,4.0,1473.0,123.0,43.0,41.0,1.0,2.0,968.0,22.6241262,88.4378665,1,1.0,1,0,0,0,0,0,0,2.0,0,1,0,2.0,1,0,1.0,1,0,0,0,180.0,28,86.0,0.85
0.0,189.0,3.0,3,4.0,346.0,540.0,43.0,50.0,2.0,1.0,1180.0,22.489824,88.373551,1,1.0,1,0,0,0,0,0,0,0.0,0,0,0,2.0,1,0,3.0,0,0,1,0,197.0,27,282.0,0.85
0.0,70.0,2.0,1,13.0,80.0,223.0,43.0,49.0,1.0,10.0,809.0,22.487848,88.345261,1,3.0,0,0,1,0,0,0,0,0.0,0,0,0,2.0,1,0,1.0,1,0,0,0,89.0,28,242.0,0.63
0.0,93.0,2.0,1,10.0,568.0,78.0,43.0,14.0,1.0,10.0,1180.0,22.6342671,88.4550798,1,5.0,0,0,0,0,1,0,0,0.0,0,0,0,2.0,1,0,1.0,1,0,0,0,21.0,28,30.0,0.55
0.0,291.0,4.0,5,16.0,1620.0,705.0,44.0,15.0,1.0,15.0,1551.0,22.5539607,88.3710407,1,1.0,1,0,0,0,0,0,0,0.0,0,0,0,2.0,1,0,1.0,1,0,0,0,250.0,28,284.0,1.3
0.0,416.0,3.0,1,33.0,440.0,513.0,42.0,15.0,1.0,8.0,1623.0,22.567405,88.517943,1,1.0,1,0,0,0,0,0,0,0.0,0,0,0,2.0,1,0,1.0,1,0,0,0,263.0,28,242.0,1.1
0.0,71.0,2.0,1,21.0,1600.0,62.0,43.0,22.0,1.0,18.0,1091.0,22.582101,88.493805,1,1.0,1,0,0,0,0,0,0,0.0,0,0,0,2.0,1,0,1.0,1,0,0,0,196.0,28,3.0,0.96
0.0,195.0,3.0,1,21.0,1600.0,356.0,43.0,22.0,1.0,11.0,1911.0,22.582101,88.493805,1,1.0,1,0,0,0,0,0,0,2.0,0,1,0,2.0,1,0,1.0,1,0,0,0,196.0,28,3.0,2.2
0.0,191.0,3.0,1,13.0,80.0,513.0,43.0,49.0,1.0,5.0,1509.0,22.487848,88.345261,1,1.0,1,0,0,0,0,0,0,0.0,0,0,0,2.0,1,0,1.0,1,0,0,0,89.0,28,242.0,1.35
0.0,1371.0,4.0,5,11.0,1489.0,694.0,44.0,10.0,1.0,8.0,1974.0,22.497595,88.333489,1,1.0,1,0,0,0,0,0,0,0.0,0,0,0,2.0,1,0,3.0,0,0,1,0,112.0,27,237.0,1.75
0.0,137.0,3.0,5,25.0,1645.0,513.0,45.0,35.0,1.0,15.0,1869.0,22.6006912,88.4694535,1,1.0,1,0,0,0,0,0,0,0.0,0,0,0,2.0,1,0,1.0,1,0,0,0,185.0,28,242.0,1.9
0.0,37.0,2.0,5,19.0,1645.0,61.0,45.0,41.0,1.0,2.0,1512.0,22.581047,88.462231,1,5.0,0,0,0,0,1,0,0,0.0,0,0,0,2.0,1,0,1.0,1,0,0,0,86.0,28,2.0,1.52
0.0,419.0,4.0,5,32.0,902.0,689.0,45.0,49.0,1.0,15.0,2506.0,22.559608,88.363888,1,5.0,0,0,0,0,1,0,0,0.0,0,0,0,2.0,1,0,0.0,0,0,0,0,176.0,30,209.0,3.05
0.0,1306.0,3.0,6,5.0,1153.0,568.0,43.0,24.0,2.0,3.0,1080.0,22.7070712,88.3712958,1,3.0,0,0,1,0,0,0,0,0.0,0,0,0,2.0,1,0,2.0,0,1,0,0,200.0,26,335.0,0.2998
0.0,4173.0,3.0,5,5.0,1563.0,433.0,45.0,28.0,2.0,2.0,1200.0,22.65248,88.3769,1,3.0,0,0,1,0,0,0,0,0.0,0,0,0,2.0,1,0,2.0,0,1,0,0,68.0,26,114.0,0.54
0.0,1019.0,3.0,1,21.0,501.0,568.0,42.0,4.0,2.0,5.0,1101.0,22.7082095,88.3798755,1,4.0,0,0,0,1,0,0,0,0.0,0,0,0,2.0,1,0,2.0,0,1,0,0,30.0,26,335.0,0.56
0.0,204.0,3.0,1,2.0,1617.0,628.0,43.0,26.0,2.0,4.8951240068106525,2185.0,22.76743,88.38835,1,5.0,0,0,0,0,1,0,0,1.0,1,0,0,0.0,0,0,2.0,0,1,0,0,217.0,26,51.0,0.7454999999999999
0.0,522.0,3.0,2,5.0,336.0,568.0,43.0,19.0,3.0,4.0,2350.0,22.6920068,88.3918616,1,3.0,0,0,1,0,0,0,0,2.0,0,1,0,2.0,1,0,2.0,0,1,0,0,200.0,26,335.0,0.7
0.0,3067.0,2.0,1,4.0,949.0,137.0,43.0,45.0,1.0,4.0,746.0,22.641743,88.41776,1,6.0,0,0,0,0,0,1,0,3.0,0,0,1,2.0,1,0,2.0,0,1,0,0,180.0,26,111.0,0.2425
0.0,735.0,2.0,1,4.0,949.0,137.0,43.0,45.0,1.0,1.0,766.0,22.641743,88.41776,1,5.0,0,0,0,0,1,0,0,0.0,0,0,0,2.0,1,0,2.0,0,1,0,0,180.0,26,111.0,0.249
0.0,2380.0,1.0,2,3.0,1032.0,6.0,43.0,39.0,1.0,3.0,528.0,22.466179,88.35359,1,3.0,0,0,1,0,0,0,0,0.0,0,0,0,2.0,1,0,3.0,0,0,1,0,89.0,27,45.0,0.16
0.0,523.0,2.0,5,5.0,1569.0,92.0,45.0,34.0,1.0,3.0,697.0,22.64095,88.37248,1,6.0,0,0,0,0,0,1,0,0.0,0,0,0,2.0,1,0,2.0,0,1,0,0,68.0,26,47.0,0.2788
0.0,2639.0,2.0,2,7.0,202.0,223.0,43.0,26.0,1.0,4.0,878.0,22.620378,88.482316,1,3.0,0,0,1,0,0,0,0,1.0,1,0,0,2.0,1,0,1.0,1,0,0,0,209.0,28,242.0,0.55
0.0,988.0,2.0,5,20.0,614.0,164.0,44.0,15.0,1.0,6.0,911.0,22.615187,88.28766,1,0.0,0,0,0,0,0,0,0,0.0,0,0,0,2.0,1,0,4.0,0,0,0,1,233.0,29,155.0,0.4
0.0,4058.0,2.0,5,4.0,522.0,142.0,45.0,1.0,1.0,2.0,727.0,22.46503,88.39421,1,3.0,0,0,1,0,0,0,0,0.0,0,0,0,2.0,1,0,3.0,0,0,1,0,23.0,27,116.0,0.2723
0.0,8.0,3.0,5,4.0,522.0,435.0,45.0,1.0,1.0,2.0,1029.0,22.46503,88.39421,1,3.0,0,0,1,0,0,0,0,0.0,0,0,0,2.0,1,0,3.0,0,0,1,0,23.0,27,116.0,0.3859
0.0,8.0,2.0,5,4.0,522.0,142.0,45.0,1.0,1.0,3.0,792.0,22.46503,88.39421,1,3.0,0,0,1,0,0,0,0,0.0,0,0,0,2.0,1,0,3.0,0,0,1,0,23.0,27,116.0,0.297
0.0,3454.0,1.0,1,25.0,1695.0,2.0,43.0,49.0,1.0,18.0,513.0,22.4890086,88.3961473,1,8.0,0,0,0,0,0,0,1,0.0,0,0,0,2.0,1,0,3.0,0,0,1,0,88.0,27,9.0,0.32
0.0,3511.0,2.0,1,18.0,162.0,206.0,43.0,40.0,1.0,16.0,1008.0,22.49236,88.40865,1,1.0,1,0,0,0,0,0,0,0.0,0,0,0,2.0,1,0,3.0,0,0,1,0,188.0,27,219.0,0.92
0.0,3528.0,2.0,1,4.0,1148.0,207.0,43.0,49.0,1.0,2.0,800.0,22.5283976,88.3527483,1,5.0,0,0,0,0,1,0,0,0.0,0,0,0,2.0,1,0,3.0,0,0,1,0,83.0,27,220.0,0.45
0.0,3407.0,4.0,6,16.0,1189.0,695.0,43.0,41.0,3.0,4.0,1900.0,22.5904072,88.4535123,1,1.0,1,0,0,0,0,0,0,1.0,1,0,0,2.0,1,0,1.0,1,0,0,0,86.0,28,242.0,1.55
0.0,3956.0,3.0,1,4.0,1529.0,471.0,43.0,17.0,2.0,4.0,1265.0,22.4485926,88.4057117,1,3.0,0,0,1,0,0,0,0,0.0,0,0,0,2.0,1,0,3.0,0,0,1,0,201.0,27,176.0,0.55
0.0,2678.0,3.0,2,18.0,551.0,530.0,43.0,50.0,1.0,11.0,1265.0,22.4717636,88.384625,1,5.0,0,0,0,0,1,0,0,0.0,0,0,0,2.0,1,0,3.0,0,0,1,0,80.0,27,266.0,0.95
0.0,873.0,3.0,3,3.0,1500.0,570.0,43.0,50.0,0.0,0.0,1800.0,22.512308,88.3669364,1,2.0,0,1,0,0,0,0,0,1.0,1,0,0,2.0,1,0,3.0,0,0,1,0,204.0,27,339.0,1.05
0.0,3964.0,3.0,1,17.0,162.0,499.0,43.0,40.0,1.0,7.0,1347.0,22.49236,88.40865,1,1.0,1,0,0,0,0,0,0,0.0,0,0,0,2.0,1,0,3.0,0,0,1,0,188.0,27,219.0,1.45
0.0,1445.0,3.0,6,17.0,820.0,435.0,43.0,3.0,1.0,4.0,1803.0,22.452847,88.394852,1,5.0,0,0,0,0,1,0,0,1.0,1,0,0,2.0,1,0,3.0,0,0,1,0,37.0,27,116.0,1.55
0.0,666.0,4.0,2,11.0,274.0,648.0,43.0,49.0,2.0,4.0,1565.0,22.4874095,88.3917881,1,7.0,0,0,0,0,0,0,0,1.0,1,0,0,2.0,1,0,3.0,0,0,1,0,91.0,27,9.0,1.25
0.0,1350.0,3.0,2,5.0,651.0,464.0,43.0,48.0,1.0,3.0,1221.0,22.6310014,88.4319922,1,6.0,0,0,0,0,0,1,0,0.0,0,0,0,2.0,1,0,2.0,0,1,0,0,180.0,26,168.0,0.78
0.0,3379.0,3.0,2,8.0,1426.0,370.0,43.0,38.0,2.0,8.0,1501.0,22.6326702,88.453975,1,5.0,0,0,0,0,1,0,0,2.0,0,1,0,2.0,1,0,1.0,1,0,0,0,183.0,28,30.0,1.34
0.0,616.0,3.0,5,46.0,209.0,499.0,44.0,15.0,1.0,30.0,2081.0,22.493499,88.398394,1,5.0,0,0,0,0,1,0,0,0.0,0,0,0,2.0,1,0,3.0,0,0,1,0,150.0,27,219.0,3.1
0.0,1840.0,3.0,5,46.0,209.0,499.0,44.0,15.0,1.0,27.0,1475.0,22.493499,88.398394,1,5.0,0,0,0,0,1,0,0,0.0,0,0,0,2.0,1,0,3.0,0,0,1,0,150.0,27,219.0,1.9
0.0,1489.0,3.0,5,46.0,209.0,499.0,44.0,15.0,1.0,32.0,1671.0,22.493499,88.398394,1,5.0,0,0,0,0,1,0,0,0.0,0,0,0,2.0,1,0,3.0,0,0,1,0,150.0,27,219.0,2.5
0.0,2873.0,3.0,1,4.0,1500.0,365.0,43.0,36.0,1.0,2.0,1100.0,22.51446,88.4093,1,3.0,0,0,1,0,0,0,0,2.0,0,1,0,2.0,1,0,3.0,0,0,1,0,188.0,27,15.0,0.85
0.0,1818.0,3.0,6,30.0,439.0,401.0,43.0,43.0,1.0,16.0,1529.0,22.6312952,88.4361598,1,8.0,0,0,0,0,0,0,1,2.0,0,1,0,2.0,1,0,2.0,0,1,0,0,180.0,26,70.0,1.25
0.0,524.0,3.0,1,5.0,69.0,435.0,43.0,44.0,1.0,3.0,1733.0,22.504863,88.405659,1,6.0,0,0,0,0,0,1,0,2.0,0,1,0,2.0,1,0,3.0,0,0,1,0,188.0,27,116.0,1.2
0.0,3236.0,3.0,1,4.0,599.0,487.0,43.0,47.0,1.0,1.0,1480.0,22.501139,88.406038,1,8.0,0,0,0,0,0,0,1,1.0,1,0,0,2.0,1,0,3.0,0,0,1,0,188.0,27,197.0,0.8
0.0,699.0,2.0,2,4.0,191.0,271.0,43.0,50.0,3.0,2.0,1424.0,22.5143287,88.3533346,1,8.0,0,0,0,0,0,0,1,1.0,1,0,0,2.0,1,0,3.0,0,0,1,0,94.0,27,310.0,1.61
0.0,3315.0,3.0,1,4.0,101.0,465.0,43.0,50.0,1.0,2.0,1250.0,22.4983928,88.4002376,0,3.0,0,0,1,0,0,0,0,2.0,0,1,0,2.0,1,0,3.0,0,0,1,0,188.0,27,169.0,0.9
0.0,886.0,3.0,2,45.0,1692.0,435.0,42.0,15.0,0.0,4.0,1840.0,22.512772,88.410254,1,0.0,0,0,0,0,0,0,0,2.0,0,1,0,2.0,1,0,3.0,0,0,1,0,64.0,27,116.0,2.7
0.0,2276.0,2.0,1,25.0,1071.0,268.0,42.0,12.0,1.0,12.0,1200.0,22.5703464,88.4485942,1,0.0,0,0,0,0,0,0,0,0.0,0,0,0,2.0,1,0,2.0,0,1,0,0,267.0,26,305.0,1.05
0.0,872.0,3.0,1,4.0,1500.0,548.0,43.0,50.0,1.0,2.0,1300.0,22.5191597,88.3430005,1,1.0,1,0,0,0,0,0,0,2.0,0,1,0,2.0,1,0,3.0,0,0,1,0,94.0,27,293.0,1.5
0.0,2562.0,3.0,1,7.0,791.0,438.0,43.0,4.0,1.0,2.0,1600.0,22.5582723,88.3719677,1,5.0,0,0,0,0,1,0,0,0.0,0,0,0,2.0,1,0,0.0,0,0,0,0,29.0,30,121.0,1.3
0.0,2817.0,2.0,5,9.0,1687.0,252.0,44.0,7.0,1.0,6.0,662.0,22.627375,88.446056,1,1.0,1,0,0,0,0,0,0,0.0,0,0,0,2.0,1,0,1.0,1,0,0,0,146.0,28,284.0,0.72
0.0,960.0,2.0,6,12.0,1086.0,223.0,42.0,15.0,1.0,3.0,925.0,22.567551,88.463143,1,6.0,0,0,0,0,0,1,0,0.0,0,0,0,2.0,1,0,1.0,1,0,0,0,144.0,28,242.0,0.75
0.0,1171.0,3.0,5,12.0,1398.0,542.0,44.0,15.0,1.0,6.0,1266.0,22.632918,88.470518,1,8.0,0,0,0,0,0,0,1,0.0,0,0,0,2.0,1,0,1.0,1,0,0,0,255.0,28,284.0,0.83
0.0,934.0,3.0,5,13.0,76.0,513.0,44.0,21.0,2.0,11.0,1398.0,22.586873,88.48828,1,1.0,1,0,0,0,0,0,0,0.0,0,0,0,2.0,1,0,1.0,1,0,0,0,186.0,28,242.0,1.5
0.0,411.0,3.0,6,35.0,1033.0,505.0,42.0,15.0,1.0,34.0,1778.0,22.573977,88.398249,1,4.0,0,0,0,1,0,0,0,0.0,0,0,0,2.0,1,0,2.0,0,1,0,0,58.0,26,233.0,2.1
0.0,2928.0,4.0,6,21.0,1072.0,716.0,43.0,50.0,2.0,16.0,2892.0,22.543748,88.38726,1,3.0,0,0,1,0,0,0,0,0.0,0,0,0,2.0,1,0,1.0,1,0,0,0,177.0,28,351.0,3.0
0.0,3759.0,4.0,5,29.0,739.0,722.0,45.0,15.0,2.0,10.0,3111.0,22.590029,88.39212,1,6.0,0,0,0,0,0,1,0,0.0,0,0,0,2.0,1,0,2.0,0,1,0,0,221.0,26,363.0,2.99
0.0,3760.0,4.0,5,29.0,739.0,722.0,45.0,15.0,2.0,14.0,2780.0,22.590029,88.39212,1,6.0,0,0,0,0,0,1,0,0.0,0,0,0,2.0,1,0,2.0,0,1,0,0,221.0,26,363.0,3.6
0.0,2923.0,3.0,6,19.0,57.0,483.0,43.0,49.0,1.0,7.0,1523.0,22.597863,88.402625,1,5.0,0,0,0,0,1,0,0,3.0,0,0,1,2.0,1,0,2.0,0,1,0,0,74.0,26,192.0,1.3
0.0,3380.0,3.0,2,18.0,1428.0,527.0,43.0,50.0,1.0,8.0,1771.0,22.538603,88.368701,1,3.0,0,0,1,0,0,0,0,2.0,0,1,0,2.0,1,0,3.0,0,0,1,0,283.0,27,262.0,2.0
0.0,4031.0,4.0,1,4.0,1081.0,649.0,43.0,15.0,1.0,3.0,2727.0,22.54772,88.3271,1,7.0,0,0,0,0,0,0,0,0.0,0,0,0,2.0,1,0,3.0,0,0,1,0,224.0,27,10.0,3.56
0.0,4031.0,4.0,1,4.0,1081.0,649.0,43.0,15.0,1.0,2.0,2206.0,22.54753,88.3272,1,6.0,0,0,0,0,0,1,0,0.0,0,0,0,2.0,1,0,3.0,0,0,1,0,224.0,27,10.0,2.9
0.0,1967.0,3.0,2,6.0,862.0,592.0,43.0,49.0,2.0,6.0,1666.0,22.603695,88.4142122,1,3.0,0,0,1,0,0,0,0,0.0,0,0,0,2.0,1,0,2.0,0,1,0,0,74.0,26,370.0,0.95
0.0,3622.0,3.0,5,13.0,76.0,513.0,44.0,21.0,1.0,3.0,1476.0,22.586873,88.48828,1,3.0,0,0,1,0,0,0,0,0.0,0,0,0,2.0,1,0,1.0,1,0,0,0,186.0,28,242.0,1.45
0.0,1687.0,2.0,5,5.0,844.0,89.0,45.0,50.0,1.0,5.0,920.0,22.6075649,88.4100911,1,0.0,0,0,0,0,0,0,0,0.0,0,0,0,2.0,1,0,2.0,0,1,0,0,74.0,26,44.0,0.6
0.0,825.0,3.0,5,5.0,844.0,382.0,45.0,50.0,1.0,5.0,1280.0,22.6075649,88.4100911,1,0.0,0,0,0,0,0,0,0,0.0,0,0,0,2.0,1,0,2.0,0,1,0,0,74.0,26,44.0,0.8
0.0,353.0,3.0,6,7.0,987.0,437.0,43.0,29.0,2.0,2.0,2475.0,22.621855,88.46454,1,3.0,0,0,1,0,0,0,0,0.0,0,0,0,2.0,1,0,3.0,0,0,1,0,209.0,27,120.0,2.7
0.0,2924.0,3.0,5,12.0,1086.0,513.0,44.0,15.0,1.0,12.0,1132.0,22.567551,88.463143,1,3.0,0,0,1,0,0,0,0,0.0,0,0,0,2.0,1,0,1.0,1,0,0,0,144.0,28,242.0,1.3
0.0,376.0,4.0,1,7.0,1490.0,672.0,43.0,50.0,2.0,1.0,2688.0,22.537977,88.396324,1,1.0,1,0,0,0,0,0,0,0.0,0,0,0,2.0,1,0,3.0,0,0,1,0,197.0,27,120.0,3.0
0.0,3399.0,4.0,6,23.0,102.0,695.0,42.0,15.0,2.0,7.0,3029.0,22.581199,88.461896,1,3.0,0,0,1,0,0,0,0,0.0,0,0,0,2.0,1,0,1.0,1,0,0,0,145.0,28,242.0,4.25
0.0,3414.0,4.0,6,35.0,1033.0,692.0,42.0,15.0,2.0,30.0,2677.0,22.573977,88.398249,1,6.0,0,0,0,0,0,1,0,0.0,0,0,0,2.0,1,0,2.0,0,1,0,0,58.0,26,233.0,3.6
0.0,905.0,4.0,1,5.0,949.0,723.0,43.0,29.0,1.0,1.0,1950.0,22.621399,88.464195,1,3.0,0,0,1,0,0,0,0,0.0,0,0,0,2.0,1,0,2.0,0,1,0,0,209.0,26,368.0,0.9
0.0,3425.0,4.0,1,18.0,1062.0,700.0,42.0,15.0,2.0,3.0,2083.0,22.5378858,88.368246,1,3.0,0,0,1,0,0,0,0,2.0,0,1,0,2.0,1,0,3.0,0,0,1,0,147.0,27,262.0,2.9
0.0,2820.0,2.0,6,3.0,116.0,182.0,43.0,50.0,1.0,2.0,700.0,22.5160945,88.3829093,1,3.0,0,0,1,0,0,0,0,0.0,0,0,0,2.0,1,0,3.0,0,0,1,0,178.0,27,179.0,0.25
0.0,1680.0,2.0,2,24.0,1670.0,223.0,43.0,15.0,3.0,16.0,1555.0,22.5609557,88.4947429,1,1.0,1,0,0,0,0,0,0,0.0,0,0,0,2.0,1,0,1.0,1,0,0,0,10.0,28,242.0,0.95
0.0,2918.0,3.0,1,21.0,1600.0,356.0,43.0,22.0,2.0,6.0,1366.0,22.5818232,88.4940561,1,3.0,0,0,1,0,0,0,0,0.0,0,0,0,2.0,1,0,1.0,1,0,0,0,196.0,28,3.0,1.15
0.0,948.0,2.672021502414428,0,4.0,1586.0,783.0,47.0,15.0,1.2297135143990388,3.753961788353753,3600.0,22.453029883464,88.302563285637,1,1.0,1,0,0,0,0,0,0,3.0,0,0,1,3.0,0,1,3.0,0,0,1,0,63.0,27,166.0,0.1
0.0,948.0,2.672021502414428,0,4.0,1586.0,783.0,47.0,15.0,1.2297135143990388,3.753961788353753,2880.0,22.453029883464,88.302563285637,1,1.0,1,0,0,0,0,0,0,3.0,0,0,1,3.0,0,1,3.0,0,0,1,0,63.0,27,166.0,0.08
0.0,947.0,2.672021502414428,0,2.0,1586.0,783.0,47.0,15.0,1.2297135143990388,3.753961788353753,1530.0,22.453029883464,88.302563285637,1,1.0,1,0,0,0,0,0,0,3.0,0,0,1,3.0,0,1,3.0,0,0,1,0,63.0,27,166.0,0.0424
0.0,947.0,2.672021502414428,0,3.0,1586.0,783.0,47.0,15.0,1.2297135143990388,3.753961788353753,1890.0,22.453029883464,88.302563285637,1,1.0,1,0,0,0,0,0,0,3.0,0,0,1,3.0,0,1,3.0,0,0,1,0,63.0,27,166.0,0.0524
0.0,947.0,2.672021502414428,0,3.0,1586.0,783.0,47.0,15.0,1.2297135143990388,3.753961788353753,2208.0,22.453029883464,88.302563285637,1,1.0,1,0,0,0,0,0,0,3.0,0,0,1,3.0,0,1,3.0,0,0,1,0,63.0,27,166.0,0.0612
0.0,947.0,2.672021502414428,0,4.0,1586.0,783.0,47.0,15.0,1.2297135143990388,3.753961788353753,3000.0,22.453029883464,88.302563285637,1,1.0,1,0,0,0,0,0,0,3.0,0,0,1,3.0,0,1,3.0,0,0,1,0,63.0,27,166.0,0.0831
0.0,947.0,2.672021502414428,0,4.0,1586.0,783.0,47.0,15.0,1.2297135143990388,3.753961788353753,3720.0,22.453029883464,88.302563285637,1,1.0,1,0,0,0,0,0,0,3.0,0,0,1,3.0,0,1,3.0,0,0,1,0,63.0,27,166.0,0.103
0.0,2901.0,2.672021502414428,0,40.0,1571.0,787.0,34.0,15.0,1.2297135143990388,3.753961788353753,3250.0,22.537122,88.522544,1,8.0,0,0,0,0,0,0,1,3.0,0,0,1,3.0,0,1,1.0,1,0,0,0,264.0,28,242.0,0.467
0.0,2901.0,2.672021502414428,0,3.0,1571.0,787.0,34.0,15.0,1.2297135143990388,3.753961788353753,2160.0,22.537122,88.522544,1,8.0,0,0,0,0,0,0,1,3.0,0,0,1,3.0,0,1,1.0,1,0,0,0,264.0,28,242.0,0.3106
0.0,2901.0,2.672021502414428,0,4.0,1571.0,787.0,34.0,15.0,1.2297135143990388,3.753961788353753,2880.0,22.537122,88.522544,1,8.0,0,0,0,0,0,0,1,3.0,0,0,1,3.0,0,1,1.0,1,0,0,0,264.0,28,242.0,0.4140999999999999
0.0,2901.0,2.672021502414428,0,3.0,1571.0,787.0,34.0,15.0,1.2297135143990388,3.753961788353753,1800.0,22.537122,88.522544,1,8.0,0,0,0,0,0,0,1,3.0,0,0,1,3.0,0,1,1.0,1,0,0,0,264.0,28,242.0,0.2588
0.0,2901.0,2.672021502414428,0,3.0,1571.0,787.0,33.0,15.0,1.2297135143990388,3.753961788353753,1800.0,22.537122,88.522544,1,8.0,0,0,0,0,0,0,1,3.0,0,0,1,3.0,0,1,1.0,1,0,0,0,264.0,28,242.0,0.2676
0.0,2901.0,2.672021502414428,0,2.0,1571.0,787.0,33.0,15.0,1.2297135143990388,3.753961788353753,1530.0,22.537122,88.522544,1,8.0,0,0,0,0,0,0,1,3.0,0,0,1,3.0,0,1,1.0,1,0,0,0,264.0,28,242.0,0.2274
0.0,2901.0,2.672021502414428,0,3.0,1571.0,787.0,33.0,15.0,1.2297135143990388,3.753961788353753,2208.0,22.537122,88.522544,1,8.0,0,0,0,0,0,0,1,3.0,0,0,1,3.0,0,1,1.0,1,0,0,0,264.0,28,242.0,0.3281
0.0,2901.0,2.672021502414428,0,3.0,1571.0,787.0,33.0,15.0,1.2297135143990388,3.753961788353753,1890.0,22.537122,88.522544,1,8.0,0,0,0,0,0,0,1,3.0,0,0,1,3.0,0,1,1.0,1,0,0,0,264.0,28,242.0,0.2809
0.0,2901.0,2.672021502414428,0,4.0,1571.0,787.0,33.0,15.0,1.2297135143990388,3.753961788353753,3720.0,22.537122,88.522544,1,8.0,0,0,0,0,0,0,1,3.0,0,0,1,3.0,0,1,1.0,1,0,0,0,264.0,28,242.0,0.5528
0.0,2901.0,2.672021502414428,0,4.0,1571.0,787.0,33.0,15.0,1.2297135143990388,3.753961788353753,3000.0,22.537122,88.522544,1,8.0,0,0,0,0,0,0,1,3.0,0,0,1,3.0,0,1,1.0,1,0,0,0,264.0,28,242.0,0.4458
0.0,2901.0,2.672021502414428,0,2.0,1571.0,787.0,33.0,15.0,1.2297135143990388,3.753961788353753,2700.0,22.537122,88.522544,1,8.0,0,0,0,0,0,0,1,3.0,0,0,1,3.0,0,1,1.0,1,0,0,0,264.0,28,242.0,0.4012
0.0,2901.0,2.672021502414428,0,2.0,1571.0,787.0,33.0,15.0,1.2297135143990388,3.753961788353753,720.0,22.537122,88.522544,1,8.0,0,0,0,0,0,0,1,3.0,0,0,1,3.0,0,1,1.0,1,0,0,0,264.0,28,242.0,0.1071
0.0,2901.0,2.672021502414428,0,3.0,1571.0,787.0,33.0,15.0,1.2297135143990388,3.753961788353753,3060.0,22.537122,88.522544,1,8.0,0,0,0,0,0,0,1,3.0,0,0,1,3.0,0,1,1.0,1,0,0,0,264.0,28,242.0,0.4547
0.0,2901.0,2.672021502414428,0,3.0,1571.0,787.0,33.0,15.0,1.2297135143990388,3.753961788353753,3780.0,22.537122,88.522544,1,8.0,0,0,0,0,0,0,1,3.0,0,0,1,3.0,0,1,1.0,1,0,0,0,264.0,28,242.0,0.5617
0.0,2901.0,2.672021502414428,0,3.0,1571.0,787.0,33.0,15.0,1.2297135143990388,3.753961788353753,2400.0,22.537122,88.522544,1,8.0,0,0,0,0,0,0,1,3.0,0,0,1,3.0,0,1,1.0,1,0,0,0,264.0,28,242.0,0.3566
0.0,2901.0,2.672021502414428,0,3.0,1571.0,787.0,33.0,15.0,1.2297135143990388,3.753961788353753,1980.0,22.537122,88.522544,1,8.0,0,0,0,0,0,0,1,3.0,0,0,1,3.0,0,1,1.0,1,0,0,0,264.0,28,242.0,0.2942
0.0,2901.0,2.672021502414428,0,2.0,1571.0,787.0,33.0,15.0,1.2297135143990388,3.753961788353753,1440.0,22.537122,88.522544,1,8.0,0,0,0,0,0,0,1,3.0,0,0,1,3.0,0,1,1.0,1,0,0,0,264.0,28,242.0,0.2141
0.0,2901.0,2.672021502414428,0,3.0,1571.0,787.0,33.0,15.0,1.2297135143990388,3.753961788353753,1800.0,22.537122,88.522544,1,8.0,0,0,0,0,0,0,1,3.0,0,0,1,3.0,0,1,1.0,1,0,0,0,264.0,28,242.0,0.2677
0.0,2901.0,2.672021502414428,0,2.0,1571.0,787.0,34.0,15.0,1.2297135143990388,3.753961788353753,1440.0,22.537122,88.522544,1,8.0,0,0,0,0,0,0,1,3.0,0,0,1,3.0,0,1,1.0,1,0,0,0,264.0,28,242.0,0.2142
0.0,2901.0,2.672021502414428,0,3.0,1571.0,787.0,34.0,15.0,1.2297135143990388,3.753961788353753,2160.0,22.537122,88.522544,1,8.0,0,0,0,0,0,0,1,3.0,0,0,1,3.0,0,1,1.0,1,0,0,0,264.0,28,242.0,0.3211
0.0,2901.0,2.672021502414428,0,3.0,1571.0,787.0,34.0,15.0,1.2297135143990388,3.753961788353753,1800.0,22.537122,88.522544,1,8.0,0,0,0,0,0,0,1,3.0,0,0,1,3.0,0,1,1.0,1,0,0,0,264.0,28,242.0,0.2678
0.0,2901.0,2.672021502414428,0,4.0,1571.0,787.0,34.0,15.0,1.2297135143990388,3.753961788353753,2880.0,22.537122,88.522544,1,8.0,0,0,0,0,0,0,1,3.0,0,0,1,3.0,0,1,1.0,1,0,0,0,264.0,28,242.0,0.4281
0.0,2901.0,2.672021502414428,0,2.0,1571.0,787.0,34.0,15.0,1.2297135143990388,3.753961788353753,1530.0,22.537122,88.522544,1,8.0,0,0,0,0,0,0,1,3.0,0,0,1,3.0,0,1,1.0,1,0,0,0,264.0,28,242.0,0.2274
0.0,2901.0,2.672021502414428,0,4.0,1571.0,787.0,34.0,15.0,1.2297135143990388,3.753961788353753,3600.0,22.537122,88.522544,1,8.0,0,0,0,0,0,0,1,3.0,0,0,1,3.0,0,1,1.0,1,0,0,0,264.0,28,242.0,0.5351
0.0,2901.0,2.672021502414428,0,3.0,1571.0,787.0,34.0,15.0,1.2297135143990388,3.753961788353753,2208.0,22.537122,88.522544,1,8.0,0,0,0,0,0,0,1,3.0,0,0,1,3.0,0,1,1.0,1,0,0,0,264.0,28,242.0,0.3281
0.0,2901.0,2.672021502414428,0,3.0,1571.0,787.0,34.0,15.0,1.2297135143990388,3.753961788353753,1890.0,22.537122,88.522544,1,8.0,0,0,0,0,0,0,1,3.0,0,0,1,3.0,0,1,1.0,1,0,0,0,264.0,28,242.0,0.2809
0.0,2901.0,2.672021502414428,0,4.0,1571.0,787.0,34.0,15.0,1.2297135143990388,3.753961788353753,3720.0,22.537122,88.522544,1,8.0,0,0,0,0,0,0,1,3.0,0,0,1,3.0,0,1,1.0,1,0,0,0,264.0,28,242.0,0.5528
0.0,2901.0,2.672021502414428,0,4.0,1571.0,787.0,34.0,15.0,1.2297135143990388,3.753961788353753,3000.0,22.537122,88.522544,1,8.0,0,0,0,0,0,0,1,3.0,0,0,1,3.0,0,1,1.0,1,0,0,0,264.0,28,242.0,0.4459
0.0,2901.0,2.672021502414428,0,2.0,1571.0,787.0,34.0,15.0,1.2297135143990388,3.753961788353753,1440.0,22.537122,88.522544,1,8.0,0,0,0,0,0,0,1,3.0,0,0,1,3.0,0,1,1.0,1,0,0,0,264.0,28,242.0,0.2143
0.0,1675.0,2.0,6,12.0,1368.0,223.0,42.0,15.0,1.0,8.0,905.0,22.5913899,88.4518642,1,6.0,0,0,0,0,0,1,0,0.0,0,0,0,2.0,1,0,1.0,1,0,0,0,135.0,28,242.0,0.75
0.0,1813.0,3.0,2,20.0,1673.0,513.0,43.0,15.0,3.0,9.0,2100.0,22.5631943,88.4952371,1,3.0,0,0,1,0,0,0,0,1.0,1,0,0,2.0,1,0,1.0,1,0,0,0,133.0,28,242.0,1.5
0.0,378.0,4.0,1,19.0,60.0,721.0,43.0,3.0,1.0,9.0,2683.0,22.543113,88.386363,1,0.0,0,0,0,0,0,0,0,0.0,0,0,0,2.0,1,0,3.0,0,0,1,0,278.0,27,361.0,2.42
0.0,1894.0,4.0,1,36.0,1033.0,692.0,42.0,15.0,2.0,10.0,2671.0,22.573977,88.398249,1,0.0,0,0,0,0,0,0,0,0.0,0,0,0,2.0,1,0,2.0,0,1,0,0,58.0,26,233.0,2.7
0.0,26.0,4.0,2,23.0,571.0,681.0,42.0,4.0,2.0,17.0,2250.0,22.579795,88.394503,1,0.0,0,0,0,0,0,0,0,0.0,0,0,0,2.0,1,0,2.0,0,1,0,0,280.0,26,178.0,2.65
0.0,1622.0,3.0,6,31.0,1402.0,473.0,43.0,49.0,2.0,14.0,1661.0,22.577629,88.393108,1,5.0,0,0,0,0,1,0,0,0.0,0,0,0,2.0,1,0,2.0,0,1,0,0,101.0,26,178.0,1.6
0.0,2278.0,3.0,2,13.0,1719.0,473.0,43.0,49.0,1.0,4.0,1525.0,22.577629,88.393108,1,2.0,0,1,0,0,0,0,0,0.0,0,0,0,2.0,1,0,2.0,0,1,0,0,101.0,26,178.0,1.4
0.0,1152.0,4.0,1,25.0,565.0,706.0,43.0,48.0,2.0,8.0,1813.0,22.5796842,88.414312,1,2.0,0,1,0,0,0,0,0,0.0,0,0,0,2.0,1,0,2.0,0,1,0,0,164.0,26,305.0,1.65
0.0,1210.0,3.0,5,35.0,1402.0,435.0,44.0,8.0,2.0,8.0,1317.0,22.558639,88.394022,1,0.0,0,0,0,0,0,0,0,0.0,0,0,0,2.0,1,0,1.0,1,0,0,0,118.0,28,116.0,1.52
0.0,3652.0,3.0,1,19.0,1399.0,542.0,42.0,8.0,1.0,10.0,1310.0,22.625582,88.490761,1,6.0,0,0,0,0,0,1,0,0.0,0,0,0,2.0,1,0,1.0,1,0,0,0,118.0,28,284.0,0.8
0.0,3410.0,4.0,1,29.0,1599.0,695.0,42.0,15.0,3.0,20.0,2385.0,22.5811785,88.4961337,1,3.0,0,0,1,0,0,0,0,0.0,0,0,0,2.0,1,0,1.0,1,0,0,0,251.0,28,242.0,3.5
0.0,3306.0,3.0,2,25.0,1676.0,513.0,43.0,13.0,4.0,0.0,2958.0,22.5595392,88.4961404,1,3.0,0,0,1,0,0,0,0,0.0,0,0,0,2.0,1,0,1.0,1,0,0,0,10.0,28,242.0,1.75
0.0,3524.0,2.0,6,12.0,1368.0,223.0,42.0,15.0,1.0,6.0,722.0,22.5905255,88.4517832,1,6.0,0,0,0,0,0,1,0,0.0,0,0,0,2.0,1,0,1.0,1,0,0,0,135.0,28,242.0,0.5
0.0,2671.0,3.0,2,19.0,1675.0,513.0,43.0,13.0,3.0,8.0,1924.0,22.5599444,88.4957689,1,3.0,0,0,1,0,0,0,0,1.0,1,0,0,2.0,1,0,1.0,1,0,0,0,10.0,28,242.0,1.34
0.0,4030.0,3.0,2,24.0,1675.0,513.0,43.0,13.0,4.0,0.0,2960.0,22.5599444,88.4957689,1,3.0,0,0,1,0,0,0,0,0.0,0,0,0,2.0,1,0,1.0,1,0,0,0,10.0,28,242.0,1.8
0.0,2450.0,3.0,5,5.0,1256.0,513.0,45.0,35.0,1.0,4.0,1463.0,22.6006912,88.4694535,1,3.0,0,0,1,0,0,0,0,0.0,0,0,0,2.0,1,0,1.0,1,0,0,0,185.0,28,242.0,0.76
0.0,2902.0,3.0,5,4.0,1575.0,441.0,45.0,50.0,1.0,3.0,1200.0,22.4658051,88.384625,1,3.0,0,0,1,0,0,0,0,0.0,0,0,0,2.0,1,0,3.0,0,0,1,0,80.0,27,126.0,0.65
0.0,2445.0,3.0,5,5.0,1254.0,513.0,45.0,35.0,1.0,2.0,1402.0,22.6006912,88.4694535,1,3.0,0,0,1,0,0,0,0,0.0,0,0,0,2.0,1,0,1.0,1,0,0,0,185.0,28,242.0,0.72
0.0,2447.0,3.0,5,5.0,1255.0,513.0,45.0,35.0,1.0,2.0,1461.0,22.6006912,88.4694535,1,3.0,0,0,1,0,0,0,0,0.0,0,0,0,2.0,1,0,1.0,1,0,0,0,185.0,28,242.0,0.78
0.0,1548.0,4.0,1,25.0,1599.0,695.0,42.0,15.0,4.0,0.0,3328.0,22.5811785,88.4961337,1,6.0,0,0,0,0,0,1,0,0.0,0,0,0,2.0,1,0,1.0,1,0,0,0,251.0,28,242.0,5.0
0.0,2669.0,4.0,1,25.0,1599.0,695.0,42.0,15.0,4.0,0.0,3325.0,22.5811785,88.4961337,1,3.0,0,0,1,0,0,0,0,0.0,0,0,0,2.0,1,0,1.0,1,0,0,0,251.0,28,242.0,4.5
0.0,162.0,3.0,3,12.0,68.0,496.0,43.0,50.0,1.0,10.0,1546.0,22.541772,88.354497,1,5.0,0,0,0,0,1,0,0,0.0,0,0,0,2.0,1,0,0.0,0,0,0,0,51.0,30,213.0,1.9
0.0,187.0,3.0,2,19.0,57.0,483.0,43.0,49.0,2.0,11.0,1615.0,22.597863,88.402625,1,1.0,1,0,0,0,0,0,0,0.0,0,0,0,2.0,1,0,2.0,0,1,0,0,74.0,26,192.0,1.5
0.0,1549.0,4.0,1,29.0,1599.0,695.0,42.0,15.0,3.0,25.0,2400.0,22.5811785,88.4961337,1,3.0,0,0,1,0,0,0,0,0.0,0,0,0,2.0,1,0,1.0,1,0,0,0,251.0,28,242.0,3.2
0.0,2481.0,4.0,2,26.0,1372.0,695.0,43.0,19.0,3.0,18.0,2915.0,22.561937,88.491503,1,1.0,1,0,0,0,0,0,0,1.0,1,0,0,2.0,1,0,1.0,1,0,0,0,195.0,28,242.0,2.85
0.0,3392.0,3.0,2,24.0,1670.0,513.0,43.0,15.0,3.0,0.0,2955.0,22.5608361,88.4931135,1,3.0,0,0,1,0,0,0,0,0.0,0,0,0,2.0,1,0,1.0,1,0,0,0,195.0,28,242.0,1.73
0.0,2794.0,3.0,5,5.0,1457.0,441.0,45.0,50.0,2.0,2.0,1286.0,22.4658051,88.384625,1,3.0,0,0,1,0,0,0,0,1.0,1,0,0,2.0,1,0,3.0,0,0,1,0,80.0,27,126.0,0.7979999999999999
0.0,2443.0,3.0,6,5.0,1706.0,513.0,43.0,35.0,2.0,4.0,1536.0,22.6006912,88.4694535,1,6.0,0,0,0,0,0,1,0,0.0,0,0,0,2.0,1,0,1.0,1,0,0,0,185.0,28,242.0,0.89
0.0,937.0,2.0,6,3.0,707.0,90.0,43.0,4.0,1.0,1.0,900.0,22.435051,88.39836,1,4.0,0,0,0,1,0,0,0,1.0,1,0,0,2.0,1,0,3.0,0,0,1,0,36.0,27,45.0,0.425
0.0,1810.0,3.0,1,19.0,1600.0,356.0,43.0,22.0,2.0,12.0,1954.0,22.5826011,88.4934795,1,1.0,1,0,0,0,0,0,0,0.0,0,0,0,2.0,1,0,1.0,1,0,0,0,196.0,28,3.0,1.43
0.0,4110.0,3.0,2,24.0,1672.0,358.0,43.0,18.0,2.0,21.0,1769.0,22.5646336,88.494488,1,6.0,0,0,0,0,0,1,0,2.0,0,1,0,2.0,1,0,1.0,1,0,0,0,195.0,28,6.0,1.0
0.0,1552.0,3.0,2,19.0,1667.0,513.0,43.0,18.0,3.0,8.0,2185.0,22.5615384,88.4929216,1,6.0,0,0,0,0,0,1,0,0.0,0,0,0,2.0,1,0,1.0,1,0,0,0,195.0,28,242.0,1.43
0.0,3912.0,3.0,2,24.0,369.0,358.0,43.0,11.0,2.0,6.0,2113.0,22.568326,88.510594,1,1.0,1,0,0,0,0,0,0,0.0,0,0,0,2.0,1,0,1.0,1,0,0,0,10.0,28,6.0,1.3
0.0,67.0,2.0,6,12.0,1368.0,223.0,42.0,15.0,2.0,5.0,1266.0,22.589872923653,88.45280587272,1,3.0,0,0,1,0,0,0,0,0.0,0,0,0,2.0,1,0,1.0,1,0,0,0,135.0,28,242.0,0.95
0.0,1546.0,2.0,1,25.0,1599.0,223.0,42.0,15.0,1.0,10.0,1080.0,22.5811785,88.4961337,1,5.0,0,0,0,0,1,0,0,0.0,0,0,0,2.0,1,0,1.0,1,0,0,0,251.0,28,242.0,1.07
0.0,2474.0,3.0,2,12.0,1368.0,513.0,42.0,15.0,1.0,9.0,1411.0,22.589872923653,88.45280587272,1,6.0,0,0,0,0,0,1,0,0.0,0,0,0,2.0,1,0,1.0,1,0,0,0,135.0,28,242.0,1.15
0.0,1885.0,4.0,2,20.0,1669.0,695.0,43.0,15.0,3.0,0.0,3537.0,22.564458,88.496238,1,3.0,0,0,1,0,0,0,0,0.0,0,0,0,2.0,1,0,1.0,1,0,0,0,195.0,28,242.0,2.4
0.0,1554.0,2.0,2,22.0,1673.0,223.0,43.0,15.0,2.0,10.0,1464.0,22.568589,88.489413,1,3.0,0,0,1,0,0,0,0,1.0,1,0,0,2.0,1,0,1.0,1,0,0,0,133.0,28,242.0,0.92
0.0,2974.0,2.0,6,16.0,1620.0,252.0,42.0,15.0,1.0,10.0,947.0,22.5539607,88.3710407,1,6.0,0,0,0,0,0,1,0,2.0,0,1,0,2.0,1,0,1.0,1,0,0,0,250.0,28,284.0,0.95
0.0,1551.0,2.0,6,16.0,1620.0,223.0,43.0,33.0,1.0,10.0,950.0,22.6006912,88.4694535,1,3.0,0,0,1,0,0,0,0,0.0,0,0,0,2.0,1,0,1.0,1,0,0,0,185.0,28,242.0,0.8
0.0,948.0,2.672021502414428,0,2.0,1586.0,783.0,46.0,15.0,1.2297135143990388,3.753961788353753,1440.0,22.453029883464,88.302563285637,1,1.0,1,0,0,0,0,0,0,3.0,0,0,1,3.0,0,1,3.0,0,0,1,0,63.0,27,166.0,0.0401999999999999
0.0,948.0,2.672021502414428,0,2.0,1586.0,783.0,46.0,15.0,1.2297135143990388,3.753961788353753,1440.0,22.453029883464,88.302563285637,1,1.0,1,0,0,0,0,0,0,3.0,0,0,1,3.0,0,1,3.0,0,0,1,0,63.0,27,166.0,0.0401
0.0,948.0,2.672021502414428,0,4.0,1586.0,783.0,46.0,15.0,1.2297135143990388,3.753961788353753,3600.0,22.453029883464,88.302563285637,1,1.0,1,0,0,0,0,0,0,3.0,0,0,1,3.0,0,1,3.0,0,0,1,0,63.0,27,166.0,0.1001
0.0,948.0,2.672021502414428,0,4.0,1586.0,783.0,46.0,15.0,1.2297135143990388,3.753961788353753,2880.0,22.453029883464,88.302563285637,1,1.0,1,0,0,0,0,0,0,3.0,0,0,1,3.0,0,1,3.0,0,0,1,0,63.0,27,166.0,0.0801
0.0,948.0,2.672021502414428,0,3.0,1586.0,783.0,46.0,15.0,1.2297135143990388,3.753961788353753,2160.0,22.453029883464,88.302563285637,1,1.0,1,0,0,0,0,0,0,3.0,0,0,1,3.0,0,1,3.0,0,0,1,0,63.0,27,166.0,0.0601
0.0,948.0,2.672021502414428,0,3.0,1586.0,783.0,46.0,15.0,1.2297135143990388,3.753961788353753,1800.0,22.453029883464,88.302563285637,1,1.0,1,0,0,0,0,0,0,3.0,0,0,1,3.0,0,1,3.0,0,0,1,0,63.0,27,166.0,0.0501
0.0,948.0,2.672021502414428,0,2.0,1586.0,783.0,46.0,15.0,1.2297135143990388,3.753961788353753,1440.0,22.453029883464,88.302563285637,1,1.0,1,0,0,0,0,0,0,3.0,0,0,1,3.0,0,1,3.0,0,0,1,0,63.0,27,166.0,0.04
0.0,898.0,4.0,1,25.0,1071.0,706.0,42.0,12.0,1.0,10.0,2300.0,22.570171,88.447571,1,3.0,0,0,1,0,0,0,0,0.0,0,0,0,2.0,1,0,2.0,0,1,0,0,267.0,26,305.0,2.7
0.0,2901.0,2.672021502414428,0,4.0,1571.0,787.0,33.0,15.0,1.2297135143990388,3.753961788353753,3720.0,22.537122,88.522544,1,8.0,0,0,0,0,0,0,1,3.0,0,0,1,3.0,0,1,1.0,1,0,0,0,264.0,28,242.0,0.5528
0.0,2901.0,2.672021502414428,0,4.0,1571.0,787.0,33.0,15.0,1.2297135143990388,3.753961788353753,3000.0,22.537122,88.522544,1,8.0,0,0,0,0,0,0,1,3.0,0,0,1,3.0,0,1,1.0,1,0,0,0,264.0,28,242.0,0.446
0.0,2901.0,2.672021502414428,0,3.0,1571.0,787.0,33.0,15.0,1.2297135143990388,3.753961788353753,2208.0,22.537122,88.522544,1,8.0,0,0,0,0,0,0,1,3.0,0,0,1,3.0,0,1,1.0,1,0,0,0,264.0,28,242.0,0.3282
0.0,2901.0,2.672021502414428,0,3.0,1571.0,787.0,33.0,15.0,1.2297135143990388,3.753961788353753,1890.0,22.537122,88.522544,1,8.0,0,0,0,0,0,0,1,3.0,0,0,1,3.0,0,1,1.0,1,0,0,0,264.0,28,242.0,0.2809
0.0,2901.0,2.672021502414428,0,2.0,1571.0,787.0,33.0,15.0,1.2297135143990388,3.753961788353753,1530.0,22.537122,88.522544,1,8.0,0,0,0,0,0,0,1,3.0,0,0,1,3.0,0,1,1.0,1,0,0,0,264.0,28,242.0,0.2275
0.0,2901.0,2.672021502414428,0,4.0,1571.0,787.0,33.0,15.0,1.2297135143990388,3.753961788353753,3600.0,22.537122,88.522544,1,8.0,0,0,0,0,0,0,1,3.0,0,0,1,3.0,0,1,1.0,1,0,0,0,264.0,28,242.0,0.535
0.0,2901.0,2.672021502414428,0,4.0,1571.0,787.0,33.0,15.0,1.2297135143990388,3.753961788353753,2880.0,22.537122,88.522544,1,8.0,0,0,0,0,0,0,1,3.0,0,0,1,3.0,0,1,1.0,1,0,0,0,264.0,28,242.0,0.428
0.0,2901.0,2.672021502414428,0,3.0,1571.0,787.0,33.0,15.0,1.2297135143990388,3.753961788353753,2160.0,22.537122,88.522544,1,8.0,0,0,0,0,0,0,1,3.0,0,0,1,3.0,0,1,1.0,1,0,0,0,264.0,28,242.0,0.321
0.0,2901.0,2.672021502414428,0,3.0,1571.0,787.0,33.0,15.0,1.2297135143990388,3.753961788353753,1800.0,22.537122,88.522544,1,8.0,0,0,0,0,0,0,1,3.0,0,0,1,3.0,0,1,1.0,1,0,0,0,264.0,28,242.0,0.2675
0.0,2901.0,2.672021502414428,0,2.0,1571.0,787.0,33.0,15.0,1.2297135143990388,3.753961788353753,1440.0,22.537122,88.522544,1,8.0,0,0,0,0,0,0,1,3.0,0,0,1,3.0,0,1,1.0,1,0,0,0,264.0,28,242.0,0.214
0.0,3286.0,3.0,1,24.0,1397.0,369.0,42.0,8.0,1.0,10.0,1138.0,22.645631,88.382354,0,1.0,1,0,0,0,0,0,0,0.0,0,0,0,2.0,1,0,2.0,0,1,0,0,118.0,26,28.0,0.9
0.0,2494.0,2.0,1,19.0,1399.0,252.0,42.0,8.0,1.0,15.0,910.0,22.625582,88.490761,1,1.0,1,0,0,0,0,0,0,0.0,0,0,0,2.0,1,0,1.0,1,0,0,0,118.0,28,284.0,0.63
0.0,1550.0,2.0,6,18.0,1620.0,223.0,43.0,33.0,1.0,7.0,948.0,22.6006912,88.4694535,1,3.0,0,0,1,0,0,0,0,0.0,0,0,0,2.0,1,0,1.0,1,0,0,0,185.0,28,242.0,0.8
0.0,2448.0,3.0,5,5.0,1253.0,513.0,45.0,33.0,1.0,1.0,1402.0,22.6006912,88.4694535,1,3.0,0,0,1,0,0,0,0,0.0,0,0,0,2.0,1,0,1.0,1,0,0,0,185.0,28,242.0,0.74
0.0,2790.0,2.0,5,8.0,1442.0,252.0,45.0,33.0,1.0,6.0,950.0,22.6006912,88.4694535,1,3.0,0,0,1,0,0,0,0,0.0,0,0,0,2.0,1,0,1.0,1,0,0,0,185.0,28,284.0,0.3475
0.0,1906.0,2.0,6,3.0,706.0,90.0,43.0,39.0,1.0,2.0,850.0,22.468695,88.359024,1,1.0,1,0,0,0,0,0,0,1.0,1,0,0,2.0,1,0,3.0,0,0,1,0,89.0,27,45.0,0.405
0.0,2493.0,3.0,1,19.0,1399.0,542.0,42.0,8.0,1.0,12.0,1245.0,22.625582,88.490761,1,3.0,0,0,1,0,0,0,0,1.0,1,0,0,2.0,1,0,1.0,1,0,0,0,118.0,28,284.0,0.9
0.0,936.0,2.0,6,4.0,354.0,90.0,43.0,46.0,1.0,3.0,946.0,22.47069,88.36166,1,4.0,0,0,0,1,0,0,0,1.0,1,0,0,2.0,1,0,3.0,0,0,1,0,89.0,27,45.0,0.38
0.0,3092.0,2.0,1,19.0,1399.0,252.0,42.0,8.0,1.0,4.0,975.0,22.6257943,88.4924416,1,3.0,0,0,1,0,0,0,0,0.0,0,0,0,2.0,1,0,1.0,1,0,0,0,118.0,28,284.0,0.63
0.0,3651.0,3.0,1,19.0,1399.0,542.0,42.0,8.0,1.0,17.0,1265.0,22.6006912,88.4694535,1,1.0,1,0,0,0,0,0,0,0.0,0,0,0,2.0,1,0,1.0,1,0,0,0,118.0,28,284.0,0.82
0.0,1244.0,3.0,1,9.0,204.0,356.0,43.0,26.0,3.0,5.0,1820.0,22.6328306,88.4591201,1,6.0,0,0,0,0,0,1,0,0.0,0,0,0,2.0,1,0,1.0,1,0,0,0,208.0,28,3.0,1.2
0.0,3391.0,3.0,1,21.0,1600.0,356.0,43.0,28.0,2.0,8.0,1845.0,22.60134,88.471506,1,3.0,0,0,1,0,0,0,0,1.0,1,0,0,2.0,1,0,1.0,1,0,0,0,185.0,28,3.0,1.5
0.0,1452.0,3.0,3,4.0,775.0,447.0,43.0,50.0,1.0,2.0,2020.0,22.4869018,88.3686838,1,3.0,0,0,1,0,0,0,0,0.0,0,0,0,2.0,1,0,3.0,0,0,1,0,194.0,27,136.0,1.4
0.0,1245.0,3.0,1,24.0,1669.0,513.0,43.0,35.0,2.0,6.0,2251.0,22.6006912,88.4694535,1,1.0,1,0,0,0,0,0,0,0.0,0,0,0,2.0,1,0,1.0,1,0,0,0,185.0,28,242.0,1.47
0.0,1248.0,2.0,1,29.0,1599.0,223.0,42.0,15.0,1.0,18.0,1255.0,22.6006912,88.4694535,1,3.0,0,0,1,0,0,0,0,0.0,0,0,0,2.0,1,0,1.0,1,0,0,0,251.0,28,242.0,1.26
0.0,1239.0,2.0,1,23.0,102.0,223.0,42.0,15.0,2.0,17.0,1244.0,22.6006912,88.4694535,1,3.0,0,0,1,0,0,0,0,0.0,0,0,0,2.0,1,0,1.0,1,0,0,0,145.0,28,242.0,1.43
0.0,1250.0,2.0,3,14.0,1550.0,223.0,43.0,35.0,1.0,3.0,810.0,22.6006912,88.4694535,1,6.0,0,0,0,0,0,1,0,0.0,0,0,0,2.0,1,0,1.0,1,0,0,0,185.0,28,242.0,0.4849
0.0,980.0,2.0,1,33.0,440.0,223.0,42.0,15.0,1.0,5.0,1212.0,22.6006912,88.4694535,1,3.0,0,0,1,0,0,0,0,1.0,1,0,0,2.0,1,0,1.0,1,0,0,0,263.0,28,242.0,0.85
0.0,1050.0,2.0,1,4.0,344.0,339.0,43.0,34.0,1.0,4.0,897.0,22.480362,88.41301,1,4.0,0,0,0,1,0,0,0,0.0,0,0,0,1.0,0,0,3.0,0,0,1,0,77.0,27,236.0,0.3229999999999999
0.0,2993.0,2.0,5,3.0,1476.0,99.0,45.0,49.0,1.0,2.0,1452.0,22.4978086,88.3093517,1,4.0,0,0,0,1,0,0,0,0.0,0,0,0,2.0,1,0,3.0,0,0,1,0,287.0,27,55.0,0.7997
0.0,2994.0,2.0,5,3.0,1541.0,249.0,45.0,8.0,1.0,1.0,768.0,22.532537,88.257759,1,3.0,0,0,1,0,0,0,0,0.0,0,0,0,2.0,1,0,3.0,0,0,1,0,213.0,27,278.0,0.2673999999999999
0.0,2983.0,2.0,6,3.0,699.0,249.0,43.0,8.0,1.0,2.0,758.0,22.532537,88.257759,1,4.0,0,0,0,1,0,0,0,0.0,0,0,0,2.0,1,0,3.0,0,0,1,0,213.0,27,278.0,0.3486999999999999
0.0,2988.0,2.0,5,3.0,1079.0,272.0,45.0,8.0,1.0,1.0,736.0,22.482899,88.282686,1,3.0,0,0,1,0,0,0,0,0.0,0,0,0,2.0,1,0,3.0,0,0,1,0,38.0,27,312.0,0.2336
0.0,2989.0,2.0,6,3.0,1277.0,272.0,43.0,8.0,1.0,3.0,1000.0,22.482899,88.282686,1,4.0,0,0,0,1,0,0,0,0.0,0,0,0,2.0,1,0,3.0,0,0,1,0,38.0,27,312.0,0.35
0.0,2242.0,2.0,2,3.0,1537.0,100.0,43.0,43.0,1.0,2.0,921.0,22.4804056,88.3029361,1,3.0,0,0,1,0,0,0,0,0.0,0,0,0,2.0,1,0,3.0,0,0,1,0,287.0,27,56.0,0.28
0.0,2986.0,2.0,1,3.0,940.0,272.0,43.0,12.0,1.0,1.0,756.0,22.476368,88.28388,1,8.0,0,0,0,0,0,0,1,0.0,0,0,0,2.0,1,0,3.0,0,0,1,0,38.0,27,312.0,0.2
0.0,2243.0,2.0,1,4.0,1537.0,100.0,43.0,12.0,0.0,2.0,920.0,22.476368,88.28388,1,8.0,0,0,0,0,0,0,1,0.0,0,0,0,2.0,1,0,3.0,0,0,1,0,38.0,27,56.0,0.28
0.0,2987.0,3.0,1,3.0,1079.0,391.0,43.0,12.0,1.0,2.0,1151.0,22.476368,88.28388,1,1.0,1,0,0,0,0,0,0,0.0,0,0,0,2.0,1,0,3.0,0,0,1,0,38.0,27,56.0,0.4025
0.0,2995.0,2.0,1,3.0,1553.0,100.0,43.0,39.0,1.0,3.0,1055.0,22.479765,88.30051,1,5.0,0,0,0,0,1,0,0,0.0,0,0,0,2.0,1,0,3.0,0,0,1,0,287.0,27,56.0,0.3517
0.0,2991.0,2.0,1,3.0,1451.0,284.0,43.0,42.0,1.0,1.0,742.0,22.478535,88.3016,1,8.0,0,0,0,0,0,0,1,0.0,0,0,0,2.0,1,0,3.0,0,0,1,0,287.0,27,330.0,0.2682
0.0,2984.0,2.0,1,3.0,834.0,284.0,43.0,42.0,1.0,1.0,810.0,22.47391,88.31709,1,1.0,1,0,0,0,0,0,0,0.0,0,0,0,2.0,1,0,3.0,0,0,1,0,287.0,27,330.0,0.295
0.0,2240.0,2.0,2,3.0,1525.0,100.0,43.0,43.0,1.0,3.0,900.0,22.48452,88.30916,1,1.0,1,0,0,0,0,0,0,0.0,0,0,0,2.0,1,0,3.0,0,0,1,0,287.0,27,56.0,0.42
0.0,2985.0,2.0,1,3.0,835.0,284.0,43.0,42.0,1.0,1.0,812.0,22.4739781,88.3172585,1,4.0,0,0,0,1,0,0,0,0.0,0,0,0,2.0,1,0,3.0,0,0,1,0,287.0,27,330.0,0.295
0.0,2241.0,2.0,6,3.0,1525.0,100.0,43.0,43.0,1.0,3.0,901.0,22.4845172,88.309157,1,6.0,0,0,0,0,0,1,0,0.0,0,0,0,2.0,1,0,3.0,0,0,1,0,287.0,27,56.0,0.42
0.0,1253.0,3.0,1,33.0,440.0,513.0,42.0,15.0,2.0,18.0,1623.0,22.6006912,88.4694535,1,1.0,1,0,0,0,0,0,0,0.0,0,0,0,2.0,1,0,1.0,1,0,0,0,263.0,28,242.0,1.2
0.0,1246.0,3.0,2,21.0,1600.0,356.0,43.0,28.0,2.0,19.0,1930.0,22.60134,88.471506,1,3.0,0,0,1,0,0,0,0,0.0,0,0,0,2.0,1,0,1.0,1,0,0,0,185.0,28,3.0,1.49
0.0,1242.0,3.0,2,30.0,439.0,513.0,43.0,15.0,2.0,24.0,1697.0,22.6006912,88.4694535,1,3.0,0,0,1,0,0,0,0,0.0,0,0,0,2.0,1,0,1.0,1,0,0,0,254.0,28,242.0,1.0
0.0,2973.0,4.0,6,16.0,1620.0,705.0,42.0,15.0,2.0,15.0,1515.0,22.6006912,88.4694535,1,3.0,0,0,1,0,0,0,0,1.0,1,0,0,2.0,1,0,1.0,1,0,0,0,250.0,28,284.0,1.3
0.0,3892.0,2.0,6,16.0,1620.0,252.0,42.0,15.0,2.0,12.0,947.0,22.6006912,88.4694535,1,3.0,0,0,1,0,0,0,0,1.0,1,0,0,2.0,1,0,1.0,1,0,0,0,250.0,28,284.0,0.82
0.0,2975.0,3.0,6,16.0,1620.0,542.0,42.0,15.0,2.0,11.0,1009.0,22.6006912,88.4694535,1,3.0,0,0,1,0,0,0,0,0.0,0,0,0,2.0,1,0,1.0,1,0,0,0,250.0,28,284.0,0.88
0.0,3928.0,3.0,1,12.0,514.0,391.0,43.0,48.0,1.0,7.0,1062.0,22.48668,88.3136,1,3.0,0,0,1,0,0,0,0,2.0,0,1,0,2.0,1,0,3.0,0,0,1,0,287.0,27,56.0,0.65
0.0,1144.0,3.0,1,12.0,514.0,391.0,43.0,48.0,1.0,7.0,1062.0,22.48668,88.3136,1,3.0,0,0,1,0,0,0,0,2.0,0,1,0,2.0,1,0,3.0,0,0,1,0,287.0,27,56.0,0.66
0.0,1844.0,3.0,1,12.0,514.0,391.0,43.0,48.0,1.0,7.0,1062.0,22.48668,88.3136,1,3.0,0,0,1,0,0,0,0,2.0,0,1,0,2.0,1,0,3.0,0,0,1,0,287.0,27,56.0,0.665
0.0,811.0,3.0,1,12.0,514.0,391.0,43.0,48.0,1.0,7.0,1068.0,22.48668,88.3136,1,3.0,0,0,1,0,0,0,0,2.0,0,1,0,2.0,1,0,3.0,0,0,1,0,287.0,27,56.0,0.655
0.0,4078.0,3.0,1,12.0,514.0,391.0,43.0,48.0,1.0,7.0,1062.0,22.48668,88.3136,1,3.0,0,0,1,0,0,0,0,2.0,0,1,0,2.0,1,0,3.0,0,0,1,0,287.0,27,56.0,0.67
0.0,342.0,3.0,2,12.0,1660.0,519.0,43.0,37.0,2.0,1.0,2800.0,22.6228581,88.4512346,1,3.0,0,0,1,0,0,0,0,0.0,0,0,0,2.0,1,0,1.0,1,0,0,0,183.0,28,248.0,1.65
0.0,1249.0,2.0,3,14.0,1550.0,223.0,43.0,32.0,1.0,4.0,810.0,22.622434,88.467997,1,4.0,0,0,0,1,0,0,0,0.0,0,0,0,2.0,1,0,1.0,1,0,0,0,208.0,28,242.0,0.4841
0.0,1241.0,2.0,3,4.0,207.0,310.0,43.0,48.0,2.0,2.0,1070.0,22.629675,88.43262,1,4.0,0,0,0,1,0,0,0,0.0,0,0,0,2.0,1,0,2.0,0,1,0,0,180.0,26,370.0,0.51
0.0,1252.0,3.0,3,6.0,356.0,562.0,43.0,6.0,2.0,2.0,1169.0,22.83232,88.39675,1,2.0,0,1,0,0,0,0,0,1.0,1,0,0,2.0,1,0,2.0,0,1,0,0,281.0,26,328.0,0.8011
0.0,1591.0,3.0,5,25.0,565.0,555.0,45.0,48.0,1.0,11.0,1510.0,22.5840276,88.4154683,1,6.0,0,0,0,0,0,1,0,1.0,1,0,0,2.0,1,0,2.0,0,1,0,0,84.0,26,305.0,1.05
0.0,3180.0,2.0,5,12.0,1086.0,223.0,44.0,15.0,1.0,4.0,895.0,22.6006912,88.4694535,1,5.0,0,0,0,0,1,0,0,0.0,0,0,0,2.0,1,0,1.0,1,0,0,0,144.0,28,242.0,0.75
0.0,2948.0,3.0,3,4.0,814.0,462.0,43.0,12.0,2.0,2.0,1250.0,22.4439029807,88.2978736068,1,1.0,1,0,0,0,0,0,0,0.0,0,0,0,2.0,1,0,3.0,0,0,1,0,41.0,27,166.0,0.42
0.0,3462.0,2.0,1,4.0,188.0,66.0,43.0,23.0,1.0,2.0,750.0,22.684107,88.3858367,1,3.0,0,0,1,0,0,0,0,1.0,1,0,0,2.0,1,0,2.0,0,1,0,0,200.0,26,7.0,0.2052
0.0,1386.0,2.0,1,4.0,188.0,66.0,43.0,23.0,1.0,2.0,775.0,22.6843552,88.3858761,1,6.0,0,0,0,0,0,1,0,1.0,1,0,0,2.0,1,0,2.0,0,1,0,0,200.0,26,7.0,0.2092
0.0,1240.0,2.0,5,31.0,1402.0,142.0,44.0,8.0,2.0,7.0,1232.0,22.548114,88.4004968,1,7.0,0,0,0,0,0,0,0,0.0,0,0,0,2.0,1,0,1.0,1,0,0,0,118.0,28,116.0,1.41
0.0,1243.0,3.0,5,31.0,1402.0,435.0,44.0,8.0,2.0,12.0,1474.0,22.548114,88.4004968,1,3.0,0,0,1,0,0,0,0,0.0,0,0,0,2.0,1,0,1.0,1,0,0,0,118.0,28,116.0,2.02
0.0,1238.0,2.0,6,24.0,1397.0,76.0,42.0,8.0,1.0,12.0,1105.0,22.612664,88.377414,1,5.0,0,0,0,0,1,0,0,0.0,0,0,0,2.0,1,0,2.0,0,1,0,0,118.0,26,28.0,0.6575
0.0,847.0,3.0,1,4.0,949.0,568.0,43.0,24.0,1.0,2.0,1106.0,22.702097,88.38942,1,5.0,0,0,0,0,1,0,0,0.0,0,0,0,2.0,1,0,2.0,0,1,0,0,200.0,26,335.0,0.3318
0.0,1599.0,2.0,1,4.0,949.0,287.0,43.0,24.0,1.0,1.0,705.0,22.702097,88.38942,1,8.0,0,0,0,0,0,0,1,0.0,0,0,0,2.0,1,0,2.0,0,1,0,0,200.0,26,335.0,0.2115
0.0,4018.0,3.0,1,4.0,949.0,568.0,43.0,24.0,1.0,3.0,1112.0,22.702097,88.38942,1,7.0,0,0,0,0,0,0,0,3.0,0,0,1,2.0,1,0,2.0,0,1,0,0,200.0,26,335.0,0.3336
0.0,1600.0,2.0,1,4.0,949.0,287.0,43.0,24.0,1.0,3.0,716.0,22.702097,88.38942,1,7.0,0,0,0,0,0,0,0,3.0,0,0,1,2.0,1,0,2.0,0,1,0,0,200.0,26,335.0,0.2148
0.0,3170.0,2.0,1,4.0,949.0,287.0,43.0,24.0,1.0,2.0,700.0,22.70195,88.38926,1,7.0,0,0,0,0,0,0,0,3.0,0,0,1,2.0,1,0,2.0,0,1,0,0,200.0,26,335.0,0.21
0.0,2112.0,3.0,1,4.0,949.0,568.0,43.0,24.0,1.0,3.0,1100.0,22.70195,88.38926,1,5.0,0,0,0,0,1,0,0,3.0,0,0,1,2.0,1,0,2.0,0,1,0,0,200.0,26,335.0,0.33
0.0,2107.0,2.0,1,4.0,949.0,287.0,43.0,24.0,1.0,4.0,715.0,22.702013,88.38912,1,2.0,0,1,0,0,0,0,0,3.0,0,0,1,2.0,1,0,2.0,0,1,0,0,200.0,26,335.0,0.2145
0.0,3658.0,3.0,1,4.0,949.0,568.0,43.0,24.0,1.0,4.0,1115.0,22.702013,88.38912,1,1.0,1,0,0,0,0,0,0,0.0,0,0,0,2.0,1,0,2.0,0,1,0,0,200.0,26,335.0,0.3345
0.0,2720.0,3.0,1,4.0,949.0,568.0,43.0,24.0,1.0,4.0,1110.0,22.7019602,88.3895044,1,3.0,0,0,1,0,0,0,0,3.0,0,0,1,2.0,1,0,2.0,0,1,0,0,200.0,26,335.0,0.3329999999999999
0.0,744.0,2.0,1,4.0,949.0,287.0,43.0,24.0,1.0,4.0,710.0,22.7021591,88.3891917,1,4.0,0,0,0,1,0,0,0,0.0,0,0,0,2.0,1,0,2.0,0,1,0,0,200.0,26,335.0,0.213
0.0,1237.0,2.0,6,24.0,1397.0,76.0,42.0,8.0,1.0,10.0,1100.0,22.612664,88.377414,1,5.0,0,0,0,0,1,0,0,0.0,0,0,0,2.0,1,0,2.0,0,1,0,0,118.0,26,28.0,0.655
0.0,2990.0,2.0,1,2.0,1391.0,99.0,43.0,49.0,1.0,2.0,730.0,22.4978086,88.3093517,1,4.0,0,0,0,1,0,0,0,0.0,0,0,0,2.0,1,0,3.0,0,0,1,0,287.0,27,55.0,0.33
0.0,3617.0,3.0,3,5.0,1050.0,508.0,43.0,49.0,1.0,2.0,2000.0,22.5143577,88.3251456,1,3.0,0,0,1,0,0,0,0,1.0,1,0,0,2.0,1,0,3.0,0,0,1,0,286.0,27,237.0,1.8
0.0,530.0,3.0,2,19.0,83.0,409.0,43.0,49.0,2.0,14.0,1843.0,22.485966,88.396453,1,3.0,0,0,1,0,0,0,0,1.0,1,0,0,2.0,1,0,3.0,0,0,1,0,88.0,27,82.0,1.55
0.0,1838.0,3.0,2,19.0,83.0,409.0,43.0,49.0,2.0,10.0,2079.0,22.485966,88.396453,1,3.0,0,0,1,0,0,0,0,1.0,1,0,0,2.0,1,0,3.0,0,0,1,0,88.0,27,82.0,1.75
0.0,1251.0,2.0,2,17.0,369.0,223.0,43.0,35.0,1.0,3.0,1257.0,22.6006912,88.4694535,1,5.0,0,0,0,0,1,0,0,0.0,0,0,0,2.0,1,0,1.0,1,0,0,0,185.0,28,242.0,0.74
